is_landslide,dem,slope,twi,landcover,soil_sand,soil_clay,soil_cfvo,rain_annual_norm,rain_monsoon_norm,snow_winter,snow_spring,rain_event_7d,rain_antecedent_30d,rain_max_daily,runoff_event_7d,runoff_antecedent_30d,runoff_max_daily
1,2839.0,30.200693,9.385063,30.0,33.0,21.0,18.0,1522.7628,627.66516,0.07062309,0.4430998,233.12912,198.8071654,233.12912,0.234603906,0.04242264689999999,0.079937235
1,3717.0,28.809237,10.407716,30.0,37.0,18.0,29.0,525.9356,209.49051,0.060173694,0.026124151,285.27853300000004,51.1267594,155.28781,0.0440621099,0.10189611109999999,0.032944523
1,702.0,9.129415,11.137295,10.0,41.0,28.0,13.0,1284.12,969.18646,0.9540424,0.9988936,612.3739559999999,328.53532,293.52106,0.0165008847,0.02023627342,0.003877853
1,1749.0,1.9093316,12.427567,30.0,28.0,22.0,13.0,603.18756,214.96053,0.68343604,0.96295816,238.443088,63.5194138,133.68292,0.07716800750000001,0.04207767755,0.0397046
1,1896.0,34.215885,9.33501,30.0,35.0,27.0,17.0,1336.5769,1020.9255,0.6067347,0.9628793,477.23112,342.3641495,267.67645,0.1589738732,0.028968716000000005,0.061417066
1,745.0,5.3573728,11.525871,40.0,39.0,27.0,14.0,1194.1692,872.79407,0.9717236,0.9963227,451.5589,288.964928,265.69025,0.1230185836,0.024709501789999994,0.04244302
1,1084.0,17.858027,10.279649,10.0,32.0,28.0,14.0,1246.5211,825.07635,0.94465333,1.0,246.2058,217.409907,246.2058,0.15783664482999998,0.021027243943999997,0.061356943
1,1298.0,30.356588,9.602457,10.0,34.0,26.0,16.0,1348.193,1044.538,0.9433794,0.98543537,488.10536,351.9185161,270.56036,0.1486656102,0.025175766469999996,0.05856837
1,1992.0,36.346676,9.731713,10.0,34.0,29.0,16.0,1322.2551,994.89935,0.39627045,0.9138119,468.57827,332.3992574999999,267.6923,0.16202941569999998,0.03077638031,0.06185622
1,1229.0,28.500563,10.483186,30.0,34.0,26.0,18.0,613.14435,371.92618,0.9050674,0.98223513,361.73861999999997,128.153814,205.61203,0.0558649455,0.026061100389999998,0.04647769
1,1818.0,17.689846,10.871327,30.0,34.0,24.0,13.0,1022.33167,613.17224,0.8383077,0.9717133,393.75063,220.96689270000002,248.33884,0.11511795069999999,0.035613879849999995,0.041020483
1,1692.0,8.333947,11.216867,30.0,23.0,30.0,14.0,615.49725,230.86745,0.6809238,0.97244656,123.74464699999999,63.9314197,85.07421,0.07628411899999998,0.023450618339999996,0.026048819
1,1589.0,22.587643,10.639227,30.0,30.0,22.0,16.0,933.6414,291.7091,0.6061731,0.94232523,240.30219,66.5413466,148.18495,0.08739063429999999,0.02411040843,0.03296062
1,891.0,28.22496,10.2942705,10.0,35.0,28.0,16.0,1019.4133,484.74002,0.84896,0.99082685,368.29053999999996,141.19044829999999,230.92604,0.08337596350000001,0.01906853632,0.039747294
1,1582.0,4.2174344,12.146692,40.0,34.0,24.0,14.0,569.9209,315.4624,0.8126731,0.9701754,331.98932,104.03728709999999,173.72614,0.052183303800000004,0.026692591669999998,0.03744251
1,1361.0,31.259968,10.28519,10.0,35.0,21.0,16.0,1020.6707,390.8344,0.69716114,0.9481771,305.02611,100.9881625,184.60103,0.09267421863,0.022890222209999988,0.034740094
1,755.0,21.372917,13.814004,50.0,36.0,27.0,16.0,1002.1583,487.8425,0.79652613,0.98266983,368.09739,142.1384736,230.62512,0.08465237319999999,0.019438621380000003,0.041324068
1,830.0,30.25753,11.334128,30.0,36.0,27.0,17.0,921.9614,472.91092,0.7324749,0.9663733,328.91296,145.42507890000002,213.51158,0.08498666764,0.02154488733,0.045273665
1,1586.0,37.205235,9.403415,30.0,34.0,23.0,16.0,1045.178,476.9255,0.7128023,0.9768825,365.20831999999996,137.783,227.23242,0.08082337597,0.018327858060000004,0.03659021
1,3191.0,4.17674,12.846967,60.0,48.0,20.0,21.0,157.47368,93.13482,0.8760212,0.962081,62.051091500000005,19.2276548,45.027092,0.001413561094,0.0004393240643999999,0.012914396
1,459.0,6.0518274,11.7064085,50.0,36.0,22.0,12.0,1178.136,911.6875,0.963433,0.9995056,597.9847235,293.12321669999994,376.85397,0.034141258439999995,0.005760229810000001,0.013380957
1,2761.0,18.220331,11.235062,30.0,35.0,20.0,19.0,687.0593,375.95474,0.0629393,0.28135565,499.109314,86.417372,286.0346,0.09400988719999999,0.09364872399999997,0.025386974
1,3886.0,31.116728,10.11521,100.0,38.0,18.0,29.0,532.8758,227.3109,0.031014388,0.013821744,363.367473,58.490902,172.4699,0.0864300092,0.10194575570000002,0.031990435
1,1855.0,35.821125,9.410178,30.0,33.0,24.0,16.0,1041.704,411.26004,0.36766484,0.9060113,318.71664,108.694344,201.18428,0.10086354680000001,0.024466626349999993,0.03780654
1,3115.0,1.3125919,13.343836,60.0,42.0,20.0,26.0,186.77391,80.746925,0.78243923,0.8481123,39.59392206,14.6876945,20.436344,0.005883741729999999,0.0047830550850000006,0.01805512
1,617.0,11.461997,10.569915,40.0,35.0,27.0,14.0,1255.7664,957.35443,0.95487165,0.99736744,542.58083,310.8780065,283.7394,0.05985185636,0.011554903909999997,0.019376103
1,2580.0,25.751518,12.519451,40.0,28.0,25.0,21.0,425.1562,130.04086,0.10919358,0.4470797,118.864731,32.469696566,87.360565,0.12264030259999999,0.0551571472,0.033227835
1,3763.0,22.416662,10.455612,60.0,51.0,18.0,22.0,220.70175,84.862,0.607356,0.8539465,22.271328,3.55831698,39.926525,0.00213647008,0.0009667308164000001,0.011517952
1,3631.0,23.298254,9.698703,60.0,47.0,20.0,23.0,178.4403,110.636986,0.77467126,0.94610757,43.41808,22.880766799999996,42.368828,0.000853653079,0.0002915455957,0.012222909
1,754.0,6.4159813,11.36102,50.0,40.0,26.0,15.0,1174.0975,850.2095,0.9633733,0.99185944,461.99918199999996,283.1715295,273.92578,0.11947668909999999,0.022277156750000002,0.03980044
1,2195.0,6.410101,11.10879,30.0,28.0,30.0,14.0,857.20306,319.53342,0.39221695,0.92629343,179.71684,85.3829983,179.71684,0.2323084485,0.1232256104,0.061984558
1,2881.0,34.534992,9.572118,60.0,33.0,26.0,19.0,2062.6362,959.4507,0.19260488,0.5912018,430.49943,243.59184399999998,351.56375,0.41484214659999996,0.1275757029,0.14166431
1,1135.0,8.571549,11.378292,50.0,38.0,27.0,13.0,1292.93,718.97296,0.9155656,0.99612576,174.62766,243.43197799999996,174.62766,0.19577971359999996,0.02276609129,0.07082025
1,1815.0,34.193027,9.665521,30.0,37.0,23.0,22.0,739.1273,290.6253,0.29485577,0.78234935,139.8682,53.103094999999996,194.12634,0.10546383490000001,0.06854094623,0.044205774
1,4689.0,33.456535,9.54099,60.0,38.0,24.0,30.0,194.63321,36.873997,0.2150336,0.22577757,33.599686000000005,0.0,21.276558,0.0054615667,0.016033521683999994,0.015697116
1,1508.0,26.106604,10.079457,10.0,37.0,23.0,22.0,1146.287,541.41815,0.48994917,0.9357707,248.3824,169.611177,248.3824,0.1713700903,0.04551526532000001,0.05978171
1,755.0,21.372917,13.814004,50.0,36.0,27.0,16.0,1002.1583,487.8425,0.79652613,0.98266983,368.09739,142.1384736,230.62512,0.08465237319999999,0.019438621380000003,0.041324068
1,1818.0,17.689846,10.871327,30.0,34.0,24.0,13.0,1022.33167,613.17224,0.8383077,0.9717133,393.75063,220.96689270000002,248.33884,0.11511795069999999,0.035613879849999995,0.041020483
1,3616.0,25.773054,10.237806,50.0,37.0,23.0,22.0,509.86573,215.940125,0.41061576,0.57146537,0.0,0.0,0.0,0.0,0.0,0.0
1,1488.0,34.889915,9.640354,10.0,34.0,25.0,15.0,1343.8058,1033.4226,0.91030294,0.98514736,479.61173999999994,348.89547519999996,271.29898,0.1474744021,0.025941754839999998,0.056930102
1,1057.0,12.865266,10.719804,50.0,38.0,27.0,16.0,1203.1489,692.11633,0.95956784,0.9934732,189.68793,249.32133600000003,189.68793,0.19780578896999998,0.02464473497,0.07197518
1,871.0,28.973316,11.1412735,10.0,35.0,28.0,16.0,1023.8755,486.66187,0.8339767,0.98643744,371.70429,139.4560308,227.82526,0.08420299129999999,0.01897270767,0.040991575
1,1229.0,28.500563,10.483186,30.0,34.0,26.0,18.0,613.14435,371.92618,0.9050674,0.98223513,361.73861999999997,128.153814,205.61203,0.0558649455,0.026061100389999998,0.04647769
1,1063.0,29.88154,10.436724,30.0,35.0,26.0,18.0,656.7314,404.5318,0.6168012,0.9820428,374.80282,149.6220753,202.75269,0.0577408092,0.024033980249999996,0.054306213
1,1593.0,2.6429977,13.333199,40.0,19.0,27.0,14.0,599.0878,212.11292,0.6901121,0.95585746,228.17810399999996,64.8753281,144.8876,0.160907176,0.249347129,0.07742076
1,1580.0,22.93665,10.219064,30.0,31.0,32.0,14.0,1146.5375,742.65814,0.82400423,0.9785448,420.66819999999996,255.9206335,281.54004,0.1345005279,0.0320139792,0.04297652
1,2212.0,9.537263,10.804395,10.0,32.0,25.0,13.0,765.84375,315.96613,0.22388187,0.8424382,205.62994500000002,101.3290473,138.75493,0.13397325390000003,0.03647240837000001,0.04339591
1,1057.0,12.865266,10.719804,50.0,38.0,27.0,16.0,1203.1489,692.11633,0.95956784,0.9934732,189.68793,249.32133600000003,189.68793,0.19780578896999998,0.02464473497,0.07197518
1,4204.0,31.450089,9.825924,30.0,42.0,20.0,28.0,178.20674,13.800842,0.09395676,0.21146394,0.7182898200000001,0.0043581077,23.213087,0.00398208763,0.0015976892981,0.015664754
1,711.0,8.369437,11.316299,10.0,38.0,29.0,12.0,1241.775,929.52954,0.9748939,0.99780244,496.67035699999997,311.50185899999997,294.53027,0.115702417,0.021918709050000002,0.040229976
1,3616.0,25.773054,10.237806,50.0,37.0,23.0,22.0,509.86573,215.940125,0.41061576,0.57146537,0.0,0.0,0.0,0.0,0.0,0.0
1,744.0,23.82389,14.383808,10.0,35.0,29.0,16.0,1062.1313,489.96964,0.78974104,0.99265724,371.04601,141.91761518,222.62761,0.08678539297,0.01880653308,0.04363584
1,1430.0,37.920807,9.671925,30.0,37.0,23.0,16.0,1066.1561,455.1636,0.52604026,0.9384524,345.06186,125.4384546,209.96988,0.08862731415,0.01955856953,0.042621158
1,1100.0,27.733734,10.649338,30.0,37.0,23.0,18.0,618.16583,377.90955,0.8658619,0.9824367,367.30136000000005,132.54782899999998,208.67212,0.0561970871,0.025699249670000004,0.048011217
1,959.0,32.922924,10.376334,30.0,35.0,29.0,18.0,862.5936,478.66644,0.7312159,0.9154199,323.95291,155.7467314,193.043,0.121783055,0.036868667259999995,0.040855218
1,946.0,19.420843,10.625415,40.0,37.0,29.0,16.0,1156.8093,793.4502,0.9313868,0.9908983,438.03668700000003,286.4709284,255.40009,0.1588425008,0.03653785355999999,0.06413136
1,2015.0,7.0355825,11.345612,30.0,28.0,29.0,12.0,738.4636,274.73563,0.5780545,0.96208346,169.7419,75.989548,169.7419,0.22379025800000002,0.1566641734,0.058788896
1,397.0,10.177321,10.637485,10.0,35.0,21.0,10.0,1133.586,881.4574,0.9698514,0.9981741,537.98582,289.707111,322.7915,0.045791475400000003,0.007877820711,0.01944454
1,1616.0,21.804916,10.086924,30.0,39.0,22.0,15.0,984.3076,550.5727,0.51371354,0.9486692,356.08429,190.7071333,228.85817,0.10872215439999999,0.03240353551,0.03818085
1,1581.0,3.800498,15.428115,30.0,25.0,26.0,16.0,590.67926,221.27638,0.70918775,0.971203,106.00537399999999,56.961309725,53.298744,0.073850119,0.03146344233000001,0.024560368
1,2029.0,17.57717,9.990759,10.0,27.0,27.0,14.0,750.7938,304.24695,0.17778486,0.8727342,197.811938,92.6342922,139.01718,0.1083049077,0.032571912460000005,0.033866096
1,871.0,28.973316,11.1412735,10.0,35.0,28.0,16.0,1023.8755,486.66187,0.8339767,0.98643744,371.70429,139.4560308,227.82526,0.08420299129999999,0.01897270767,0.040991575
1,1313.0,33.023296,10.159371,30.0,33.0,22.0,16.0,1014.1614,389.99106,0.77848285,0.9513734,302.81515,100.199867,177.76537,0.08310420469,0.020256692269999998,0.03746242
1,455.0,13.68642,10.903484,10.0,35.0,25.0,16.0,1219.6088,931.6552,0.9649848,0.988748,593.1924300000001,297.981787,303.25742,0.0066260801800000005,0.0030570137739999994,0.0023489206
1,896.0,36.276978,11.118553,30.0,37.0,26.0,19.0,941.2546,510.6958,0.72131765,0.9592742,345.760356,170.54500319000002,238.66286,0.09698070180000001,0.027835164860000004,0.036683425
1,1896.0,34.215885,9.33501,30.0,35.0,27.0,17.0,1336.5769,1020.9255,0.6067347,0.9628793,477.23112,342.3641495,267.67645,0.1589738732,0.028968716000000005,0.061417066
1,1616.0,14.320153,11.468362,50.0,23.0,25.0,15.0,607.09283,231.608,0.6570917,0.9765749,101.34406,59.80758666,51.00842,0.07872632224,0.03415590800999999,0.025877614
1,3561.0,22.296034,10.514609,30.0,37.0,23.0,20.0,1340.0387,509.04663,0.016447447,0.11069149,175.41183,153.10917854000002,175.41183,0.2014119164,0.039328171589999995,0.07081308
1,1507.0,18.877886,10.771089,30.0,32.0,26.0,16.0,1709.9744,922.50543,0.8987041,0.98976105,395.5863564,254.99447,393.03476,0.37537407000000006,0.07570272759999999,0.11755668
1,975.0,30.503397,10.43175,30.0,33.0,28.0,18.0,1072.6885,457.00455,0.5506962,0.9435483,346.57252,127.0450635,220.81384,0.09689442759999999,0.02138606008,0.044165023
1,1087.0,31.802092,9.935376,10.0,37.0,28.0,17.0,860.5239,477.49332,0.5902671,0.93617743,320.58635000000004,161.3088182,189.91,0.1280370395,0.038952725679999994,0.043294493
1,1760.0,10.414948,11.313711,50.0,23.0,28.0,13.0,781.4488,295.77255,0.66640466,0.9685768,167.758168,92.0244101,141.17525,0.157129136,0.05861674559999999,0.04317264
1,998.0,32.09721,10.413318,50.0,37.0,28.0,19.0,870.89996,484.93234,0.5411736,0.90319073,325.46169,160.9204562,191.24559,0.1258853454,0.038027316840000006,0.041971505
1,1391.0,25.085527,10.301225,10.0,34.0,22.0,17.0,1162.5502,551.5184,0.48953497,0.94008553,249.07251,169.2183836,249.07251,0.1719410174,0.044265645250000006,0.05971677
1,1085.0,18.700994,10.347674,50.0,38.0,26.0,17.0,785.87976,428.65497,0.91913635,0.99388885,321.11266,156.314222,165.07338,0.1165730637,0.03953352582,0.045842167
1,1329.0,14.656902,11.381807,30.0,35.0,30.0,16.0,1392.8123,768.3101,0.8821936,0.98053885,235.38695,217.63117599999998,235.38695,0.24997376116999998,0.03464004714000001,0.09176078
1,1608.0,5.0628414,12.088733,40.0,20.0,25.0,12.0,649.9578,238.81075,0.7476593,0.97142607,177.560676,66.0608358,136.81245,0.07398545164000002,0.02277823556,0.031156711
1,1631.0,6.273525,11.643821,30.0,21.0,28.0,14.0,596.57214,219.49275,0.7877146,0.9750272,223.1280856,64.71023629999999,157.62436,0.186832615,0.3181034067,0.104599714
1,3868.0,18.28789,10.696684,30.0,47.0,19.0,25.0,271.5011,191.29726,0.7279338,0.8589342,58.194894,29.981771000000002,38.772903,0.000440621495,0.00025126825990000003,0.011661566
1,1488.0,34.889915,9.640354,10.0,34.0,25.0,15.0,1343.8058,1033.4226,0.91030294,0.98514736,479.61173999999994,348.89547519999996,271.29898,0.1474744021,0.025941754839999998,0.056930102
1,1036.0,38.509502,9.376368,10.0,34.0,31.0,17.0,1082.7731,481.1717,0.66802436,0.9707722,361.10486000000003,140.54997350000002,221.04543,0.09907945450000001,0.021518078229999994,0.04304222
1,1201.0,36.964252,10.316093,80.0,32.0,23.0,18.0,588.42694,340.41394,0.7889333,0.9785575,347.19761,114.81853495000001,196.52255,0.05444395430000001,0.02596473067,0.041127793
1,2188.0,7.824111,10.787343,30.0,31.0,31.0,11.0,862.8621,359.6063,0.33846697,0.8910186,215.76313059999998,104.292454,214.64217,0.338965495,0.30544616449999995,0.110131085
1,1152.0,33.740376,9.583026,30.0,36.0,27.0,16.0,1014.8042,482.8486,0.81587076,0.98930585,364.88289,142.9336449,234.02997,0.0825596338,0.019167360300000002,0.03851518
1,2481.0,26.100143,10.842443,30.0,25.0,27.0,19.0,556.68604,209.14256,0.15934731,0.5588292,188.43076,44.103722,172.0016,0.07058952520000002,0.029423329869999994,0.021637723
1,2837.0,29.944492,10.209211,30.0,27.0,25.0,22.0,1679.1975,723.24646,0.10496204,0.4938006,313.29341999999997,189.94288239999997,243.58334,0.414107261,0.18634831910000002,0.14037405
1,1632.0,34.9075,9.462997,30.0,32.0,23.0,15.0,1007.6514,389.1512,0.7233804,0.956432,300.60292000000004,99.41384100000002,170.95558,0.08048819104,0.01951013197,0.037045535
1,1050.0,30.511435,9.503874,10.0,33.0,27.0,17.0,1346.4276,946.8922,0.930037,0.9889173,502.14553,286.5300415,278.96973,0.23711908929999997,0.05769729504,0.085897334
1,469.0,12.767189,11.083235,10.0,38.0,23.0,15.0,1356.2979,1004.3224,0.9765784,0.99650294,483.61753,337.583154,287.22043,0.1837376025,0.03902482106,0.07211622
1,1508.0,26.106604,10.079457,10.0,37.0,23.0,22.0,1146.287,541.41815,0.48994917,0.9357707,248.3824,169.611177,248.3824,0.1713700903,0.04551526532000001,0.05978171
1,1085.0,18.700994,10.347674,50.0,38.0,26.0,17.0,785.87976,428.65497,0.91913635,0.99388885,321.11266,156.314222,165.07338,0.1165730637,0.03953352582,0.045842167
1,980.0,36.119724,9.300512,30.0,35.0,25.0,18.0,1343.0979,957.3213,0.782988,0.9779408,491.19925,299.9736527,251.34375,0.2098332053,0.05233681190999999,0.07751575
1,326.0,4.6554775,11.587701,50.0,42.0,20.0,13.0,1182.766,921.5466,0.9471606,0.99181885,564.20218,313.37101370000005,315.0618,0.10328929225,0.014257166859000001,0.04165528
1,1057.0,12.865266,10.719804,50.0,38.0,27.0,16.0,1203.1489,692.11633,0.95956784,0.9934732,189.68793,249.32133600000003,189.68793,0.19780578896999998,0.02464473497,0.07197518
1,871.0,28.973316,11.1412735,10.0,35.0,28.0,16.0,1023.8755,486.66187,0.8339767,0.98643744,371.70429,139.4560308,227.82526,0.08420299129999999,0.01897270767,0.040991575
1,1488.0,34.889915,9.640354,10.0,34.0,25.0,15.0,1343.8058,1033.4226,0.91030294,0.98514736,479.61173999999994,348.89547519999996,271.29898,0.1474744021,0.025941754839999998,0.056930102
1,1287.0,13.971088,11.756003,40.0,35.0,30.0,16.0,1394.3073,758.55725,0.8719241,0.98180217,231.07152,216.001327,231.07152,0.24611652404999998,0.034836504580000004,0.09099117
1,1789.0,35.810173,9.397479,30.0,38.0,21.0,15.0,1056.6901,445.70917,0.19134371,0.8906954,337.87764,119.82746200000001,194.18773,0.08094396654000001,0.018319251619999997,0.03970463
1,2764.0,21.70996,11.233643,60.0,39.0,24.0,25.0,330.8929,67.13933,0.4321858,0.7635685,39.121343,0.0,43.642387,0.0171558349,0.010724301962,0.015755467
1,1589.0,9.314408,11.933387,80.0,28.0,28.0,14.0,731.5429,292.97363,0.44209275,0.9136805,112.160835,85.689823,112.160835,0.105305359,0.04260811579999999,0.034234807
1,817.0,21.714455,10.649236,10.0,38.0,27.0,17.0,1150.3302,820.1922,0.9651998,0.9938672,436.74223900000004,273.6317326,274.7311,0.12883392040000002,0.02621554853,0.04463504
1,1642.0,18.434996,11.492227,30.0,23.0,25.0,15.0,620.0031,238.34775,0.6094786,0.963303,99.233311,61.37207447,50.874577,0.08116658166,0.03550346396999999,0.026536744
1,1855.0,35.821125,9.410178,30.0,33.0,24.0,16.0,1041.704,411.26004,0.36766484,0.9060113,318.71664,108.694344,201.18428,0.10086354680000001,0.024466626349999993,0.03780654
1,1670.0,9.756519,11.305106,50.0,37.0,23.0,22.0,484.9895,140.16359,0.4287951,0.96316904,54.050228000000004,48.3818188,52.44906,0.06594409951,0.02847616421,0.023444911
1,3513.0,15.1636305,10.883468,30.0,37.0,24.0,20.0,2120.1821,975.1031,0.058424696,0.15516572,444.84911999999997,258.37074,330.37674,0.421792805,0.1456649733,0.14075406
1,1941.0,23.876356,9.865554,30.0,36.0,25.0,14.0,1020.6031,541.00964,0.32755142,0.88590944,354.73466,211.01527170000006,202.70552,0.11726182989999999,0.057669372499999996,0.050802242
1,1894.0,21.309574,9.929123,10.0,28.0,25.0,13.0,1695.0062,1024.6729,0.5955958,0.9606929,440.72922,242.6430802,440.72922,0.375722452,0.12371691399999997,0.131738
1,2222.0,15.319989,11.424419,60.0,25.0,23.0,16.0,634.7458,321.56525,0.13844158,0.63212806,422.7048,73.07970399999999,310.8866,0.11832837239999999,0.0775416896,0.032790992
1,3585.0,26.708866,10.048414,100.0,37.0,18.0,26.0,525.01447,202.89168,0.052363742,0.03172781,283.98033,57.4041249,166.85718,0.0312920809,0.1029062699,0.034824237
1,1831.0,30.75644,9.893828,10.0,31.0,26.0,15.0,898.3455,258.434,0.4074517,0.91514516,218.79419000000001,56.4483481,134.42325,0.08501628556999999,0.025257318530000003,0.028671322
1,946.0,19.420843,10.625415,40.0,37.0,29.0,16.0,1156.8093,793.4502,0.9313868,0.9908983,438.03668700000003,286.4709284,255.40009,0.1588425008,0.03653785355999999,0.06413136
1,1972.0,23.663794,10.760874,10.0,32.0,25.0,15.0,682.52203,224.3951,0.37816933,0.9124181,187.258374,81.833757,147.88942,0.09748722010000001,0.07959169239999998,0.028988693
1,1617.0,4.407886,11.743109,50.0,21.0,25.0,14.0,619.1136,216.75412,0.79943407,0.9823209,206.273147,65.9301673,138.31526,0.1641855995,0.24042736090000005,0.07371344
1,1508.0,26.106604,10.079457,10.0,37.0,23.0,22.0,1146.287,541.41815,0.48994917,0.9357707,248.3824,169.611177,248.3824,0.1713700903,0.04551526532000001,0.05978171
1,522.0,3.6875238,11.820259,10.0,37.0,22.0,14.0,1353.8573,992.0305,0.9770973,0.99275047,487.06762,327.79273099999995,284.57147,0.19314903090000002,0.04188655347,0.07521171
1,1721.0,36.07053,10.320264,10.0,37.0,23.0,22.0,766.86566,304.5483,0.1544969,0.7260066,130.025,56.430913000000004,191.9619,0.1045427659,0.0689440231,0.04382091
1,1306.0,16.088049,11.103692,40.0,33.0,22.0,18.0,1163.3534,552.2603,0.6175274,0.91858286,250.58153,169.47354669999999,250.58153,0.17083603014,0.045088919740000004,0.059381254
1,1590.0,2.2446525,14.675948,10.0,20.0,28.0,13.0,607.34265,221.11957,0.77586395,0.9694072,239.163434,67.7569907,145.66624,0.16188524799999998,0.2641361606999999,0.08236525
1,3227.0,3.4486327,12.17092,30.0,47.0,22.0,21.0,121.77843,59.84229,0.81014615,0.96101516,41.5549,11.26165181,41.5549,0.001334165473,0.0003640929863,0.013562837
1,755.0,21.372917,13.814004,50.0,36.0,27.0,16.0,1002.1583,487.8425,0.79652613,0.98266983,368.09739,142.1384736,230.62512,0.08465237319999999,0.019438621380000003,0.041324068
1,618.0,7.0529327,11.240353,10.0,34.0,23.0,12.0,1138.8578,841.4997,0.9573016,0.9873455,515.86547,327.9383844,426.38885,0.09191569793999999,0.015365409899999998,0.025775347
1,1361.0,31.259968,10.28519,10.0,35.0,21.0,16.0,1020.6707,390.8344,0.69716114,0.9481771,305.02611,100.9881625,184.60103,0.09267421863,0.022890222209999988,0.034740094
1,1380.0,15.424089,10.984794,10.0,34.0,23.0,17.0,1157.321,547.16364,0.6513997,0.9471842,242.86505,166.0715286,242.86505,0.17148731144,0.043858755900000004,0.059339996
1,3419.0,35.6387,9.767688,60.0,39.0,19.0,25.0,576.5673,260.21335,0.043697815,0.03794199,351.921201,59.281974500000004,190.65804,0.05754343049999999,0.0955724778,0.032628573
1,784.0,12.23514,10.813383,40.0,41.0,25.0,14.0,1579.3901,1074.4061,0.9723966,0.99892735,620.25261,413.831089,329.19977,0.061339300199999995,0.10098005380000001,0.017053418
1,4214.0,26.487274,10.342501,60.0,43.0,19.0,26.0,213.71175,98.60074,0.4506422,0.48794112,38.240646,14.5079381,38.240646,0.00111789938,0.0008175956816999999,0.009137168
1,1095.0,35.971012,10.914667,80.0,35.0,23.0,19.0,641.8249,394.0942,0.8701937,0.9896058,372.16931,143.82295200000002,197.94284,0.0573295333,0.024838775810000005,0.051184926
1,946.0,19.420843,10.625415,40.0,37.0,29.0,16.0,1156.8093,793.4502,0.9313868,0.9908983,438.03668700000003,286.4709284,255.40009,0.1588425008,0.03653785355999999,0.06413136
1,1361.0,31.259968,10.28519,10.0,35.0,21.0,16.0,1020.6707,390.8344,0.69716114,0.9481771,305.02611,100.9881625,184.60103,0.09267421863,0.022890222209999988,0.034740094
1,1488.0,34.889915,9.640354,10.0,34.0,25.0,15.0,1343.8058,1033.4226,0.91030294,0.98514736,479.61173999999994,348.89547519999996,271.29898,0.1474744021,0.025941754839999998,0.056930102
1,4912.0,19.512676,10.875485,60.0,45.0,19.0,24.0,172.5226,23.982763,0.56882185,0.4882898,11.541376099999999,0.0,16.492342,0.0011660880899999999,0.0004593932948,0.007871632
1,1992.0,36.346676,9.731713,10.0,34.0,29.0,16.0,1322.2551,994.89935,0.39627045,0.9138119,468.57827,332.3992574999999,267.6923,0.16202941569999998,0.03077638031,0.06185622
1,3561.0,24.128468,9.784189,60.0,48.0,19.0,22.0,158.0617,89.008835,0.8006363,0.94424593,40.113094,18.2378046,40.113094,0.000984694264,0.0003008094051,0.012458459
1,867.0,24.91855,9.672217,10.0,33.0,22.0,17.0,1179.851,882.86786,0.88181615,0.9967708,508.62062000000003,277.57467596000004,352.08136,0.10854540830000001,0.024967655229999997,0.036120877
1,1090.0,20.057236,10.1100855,10.0,32.0,28.0,16.0,1266.47,824.21765,0.94060177,0.99847245,268.5745,221.5380118,268.5745,0.19256230259999998,0.022208078179999997,0.074680164
1,1191.0,26.265694,11.304123,30.0,37.0,23.0,22.0,1100.9197,533.13074,0.5263303,0.96842843,126.37736,186.172602,126.37736,0.16963102869999996,0.045489916750000005,0.059683327
1,1050.0,16.484678,10.303272,40.0,40.0,26.0,14.0,1409.2738,939.44257,0.9695501,0.98938614,539.541497,355.499918,240.68726,0.0412871292,0.0770578524,0.009542007
1,876.0,29.606785,11.566284,10.0,34.0,29.0,16.0,1054.8708,487.11993,0.8557997,0.99064595,370.93153,139.3451505,222.55893,0.0845323477,0.018519716529999997,0.042658545
1,755.0,21.372917,13.814004,50.0,36.0,27.0,16.0,1002.1583,487.8425,0.79652613,0.98266983,368.09739,142.1384736,230.62512,0.08465237319999999,0.019438621380000003,0.041324068
1,3431.0,4.0344377,11.836042,30.0,49.0,19.0,21.0,161.65724,94.031715,0.82272935,0.9589848,39.15615,20.1186705,39.15615,0.000932005188,0.0002996302593,0.012290384
1,1085.0,18.700994,10.347674,50.0,38.0,26.0,17.0,785.87976,428.65497,0.91913635,0.99388885,321.11266,156.314222,165.07338,0.1165730637,0.03953352582,0.045842167
1,2894.0,17.668385,11.198756,60.0,35.0,19.0,20.0,608.7365,292.81268,0.04164803,0.16097958,390.300181,63.54506169999999,208.26047,0.0678700171,0.09163901490000001,0.03128368
1,3313.0,28.486467,9.900241,60.0,39.0,23.0,29.0,233.56268,13.187051,0.24599782,0.5622941,29.8099875,0.0,33.48361,0.014694656500000002,0.009016804345,0.016052479
1,1613.0,5.0092325,11.906314,10.0,23.0,27.0,13.0,536.1953,200.95128,0.6089381,0.9662438,81.99795,62.921971600000006,81.99795,0.0412651714,0.01914030762,0.016298287
1,2473.0,27.003563,9.736418,10.0,35.0,23.0,16.0,766.38007,315.36218,0.15956783,0.6846924,200.032715,97.99994910000001,135.70604,0.12392720700000001,0.03555564954,0.03935289
1,3613.0,29.782234,9.939,30.0,39.0,17.0,26.0,559.28973,243.05276,0.037241697,0.03139383,327.410107,55.3173967,176.55354,0.054669268300000004,0.0979069666,0.032291144
1,755.0,21.372917,13.814004,50.0,36.0,27.0,16.0,1002.1583,487.8425,0.79652613,0.98266983,368.09739,142.1384736,230.62512,0.08465237319999999,0.019438621380000003,0.041324068
1,875.0,23.163626,10.641266,10.0,37.0,28.0,18.0,1152.8497,790.0616,0.87825596,0.9904896,437.733758,282.9409086,255.20865,0.1621846088,0.037095893709999994,0.06661328
1,1339.0,21.307781,10.766173,30.0,37.0,23.0,22.0,1141.8318,537.80554,0.6387379,0.94343805,245.90056,166.76292,245.90056,0.1698964261,0.045952232319999994,0.059094485
1,1617.0,2.7363183,12.178661,40.0,18.0,29.0,11.0,706.3135,229.90913,0.65441173,0.99011797,172.361899,67.2859093,141.75656,0.214150027,0.2694782754,0.07985393
1,1809.0,26.354656,10.00093,30.0,31.0,26.0,14.0,896.87756,242.94664,0.60790116,0.9422232,206.04368999999997,52.91433000000001,129.43756,0.08672985474,0.029107133379999997,0.031443268
1,1715.0,14.971604,11.237104,50.0,31.0,26.0,14.0,903.0206,240.9739,0.5955528,0.94082975,203.80948999999998,51.8343679,130.97444,0.09867054005999999,0.03437948002999999,0.033278603
1,0.0,0.0,20.203182,0.0,36.0,21.0,9.0,1120.841,875.33295,0.41061576,0.57146537,524.6382912,279.505785,293.747,0.059526045182000005,0.009524641880999999,0.025240848
1,3786.0,41.001316,9.5828495,30.0,39.0,18.0,30.0,442.19504,55.374054,0.04106538,0.007844565,78.412989,7.4054705,42.868668,0.0155169322,0.0874070985,0.029136816
1,1585.0,3.1010537,13.144228,60.0,24.0,25.0,15.0,598.88293,226.44237,0.69376737,0.971835,103.677047,58.38449527,52.155582,0.07628750342999999,0.03280923476,0.025218822
1,1067.0,22.734114,9.906679,10.0,35.0,28.0,16.0,959.89905,526.0895,0.6728101,0.9727864,357.95014000000003,174.98121536,252.50745,0.0947850653,0.026826710360000002,0.03826446
1,2038.0,10.369574,10.866046,40.0,26.0,28.0,13.0,747.148,301.93103,0.28642118,0.89664906,199.24274,92.09561599999999,142.96936,0.1072327819,0.031744590249999996,0.033528242
1,677.0,17.069592,10.621146,40.0,37.0,23.0,16.0,1337.5632,978.3473,0.9818191,0.99934953,468.75771,318.32535299999995,260.50266,0.20592938420000004,0.04111046149,0.07992833
1,1057.0,12.865266,10.719804,50.0,38.0,27.0,16.0,1203.1489,692.11633,0.95956784,0.9934732,189.68793,249.32133600000003,189.68793,0.19780578896999998,0.02464473497,0.07197518
1,2242.0,16.253534,10.145191,30.0,29.0,25.0,16.0,1031.7611,397.04648,0.2330028,0.799004,265.851118,119.864128,174.58536,0.3467005044,0.25880209979999996,0.10770821
1,4220.0,35.583267,10.099348,60.0,48.0,18.0,29.0,216.04497,37.098133,0.07835461,0.12273534,15.148057,0.0,23.490316,0.00184120982,0.0005536382094,0.013729805
1,1522.0,36.491657,9.975819,30.0,33.0,23.0,16.0,998.13,352.52643,0.61853087,0.9342034,284.27315,87.94945,172.04091,0.1049902596,0.02762844353,0.036122277
1,1405.0,34.375282,9.828544,50.0,35.0,23.0,17.0,1043.4135,428.01227,0.3761058,0.9431961,326.19052999999997,113.28420299999999,188.7055,0.08166530715,0.01896584783,0.038957868
1,891.0,28.22496,10.2942705,10.0,35.0,28.0,16.0,1019.4133,484.74002,0.84896,0.99082685,368.29053999999996,141.19044829999999,230.92604,0.08337596350000001,0.01906853632,0.039747294
1,3368.0,5.9041185,11.47107,60.0,45.0,19.0,22.0,165.20584,65.85502,0.66984975,0.90258515,60.071377,0.0,49.53819,0.00345885742,0.0014659826968000003,0.012940596
1,1898.0,34.005302,10.263245,10.0,32.0,24.0,16.0,971.0422,334.62256,0.184562,0.86157626,268.81169,81.35771367999999,161.84778,0.08525310286,0.022187083000000003,0.035214424
1,590.0,13.463809,10.598428,20.0,34.0,28.0,16.0,1254.227,953.2479,0.9548935,0.999644,554.50684,312.5595584,280.36252,0.0546753745,0.01090810266,0.016957285
1,337.0,7.2124186,12.227135,20.0,41.0,20.0,17.0,1201.423,941.39233,0.9661981,0.9991273,577.80142,311.227039,318.58472,0.09592771723999999,0.013369386631000001,0.03689987
1,4922.0,36.600323,10.105046,70.0,37.0,21.0,30.0,655.91327,393.44504,0.055170793,0.026522849,426.70492,168.80181499999998,221.48355,0.0241503295,0.041561423099999995,0.02205053
1,1215.0,19.408056,10.805036,10.0,31.0,33.0,15.0,1054.9034,667.3222,0.8530165,0.97914743,413.38121,246.89628679999998,259.05756,0.12374436610000002,0.03996651365000001,0.042155586
1,3771.0,15.411161,10.997818,30.0,49.0,19.0,22.0,112.4076,50.594795,0.63656574,0.876987,15.474944,11.5361922,15.474944,0.001033069672,0.00032528115074000004,0.011816339
1,871.0,28.973316,11.1412735,10.0,35.0,28.0,16.0,1023.8755,486.66187,0.8339767,0.98643744,371.70429,139.4560308,227.82526,0.08420299129999999,0.01897270767,0.040991575
1,695.0,5.497284,11.678488,10.0,39.0,29.0,12.0,1282.1562,979.41705,0.96414036,0.9969801,532.214305,343.9785696,278.01526,0.10361918329999999,0.01727459093,0.037528567
1,891.0,28.22496,10.2942705,10.0,35.0,28.0,16.0,1019.4133,484.74002,0.84896,0.99082685,368.29053999999996,141.19044829999999,230.92604,0.08337596350000001,0.01906853632,0.039747294
1,755.0,21.372917,13.814004,50.0,36.0,27.0,16.0,1002.1583,487.8425,0.79652613,0.98266983,368.09739,142.1384736,230.62512,0.08465237319999999,0.019438621380000003,0.041324068
1,3447.0,21.419344,10.505081,60.0,46.0,22.0,22.0,213.39153,123.19618,0.808944,0.956626,37.3190919,15.787712899999999,40.52538,0.00258694228,0.0011067103188,0.01279657
1,754.0,6.4159813,11.36102,50.0,40.0,26.0,15.0,1174.0975,850.2095,0.9633733,0.99185944,461.99918199999996,283.1715295,273.92578,0.11947668909999999,0.022277156750000002,0.03980044
1,2421.0,22.40355,9.985249,30.0,32.0,27.0,17.0,1024.7578,601.73737,0.27405334,0.8097759,416.36145,199.86644299999998,278.09277,0.10580601849999999,0.02885210297000001,0.0358801
1,2195.0,33.73783,9.744833,30.0,35.0,22.0,15.0,689.9791,356.36948,0.5248395,0.90164554,284.85253,125.48995769999999,162.77287,0.0695852253,0.025719128670000004,0.04061602
1,3193.0,37.09541,9.991148,30.0,45.0,17.0,25.0,582.8291,364.53183,0.14580327,0.3481616,395.93062999999995,127.43462481400002,198.4398,0.048310772,0.02686319987,0.037181735
1,5011.0,24.078938,10.549316,60.0,40.0,23.0,28.0,174.76344,49.009148,0.5764868,0.18556751,28.57008,14.261135699999999,23.914528,0.0017851542200000002,0.0008441354877699999,0.011302147
1,1469.0,22.00013,10.834786,30.0,34.0,28.0,16.0,1428.8602,713.83856,0.7334049,0.97272843,263.1012,235.02742976,263.1012,0.22042034510000003,0.029879772590000006,0.07081339
1,1082.0,21.917688,10.502065,10.0,35.0,30.0,15.0,1051.29,498.06128,0.57391495,0.98216856,376.6509,144.06472774,225.99055,0.09466361110000002,0.020334680150000003,0.043027394
1,891.0,28.22496,10.2942705,10.0,35.0,28.0,16.0,1019.4133,484.74002,0.84896,0.99082685,368.29053999999996,141.19044829999999,230.92604,0.08337596350000001,0.01906853632,0.039747294
1,644.0,7.499013,11.930213,10.0,39.0,28.0,13.0,1259.1573,956.19904,0.9653593,0.99550956,527.0267650000001,322.17350100000004,280.28644,0.09973365505999998,0.01613306212,0.035547208
1,790.0,16.55533,10.15026,10.0,39.0,25.0,14.0,1280.5073,970.12256,0.9653637,0.99740803,608.99968,331.009114,287.6967,0.01219280357,0.013560166640000001,0.0029230483
1,1373.0,22.426123,10.174574,30.0,35.0,23.0,16.0,791.5469,428.74774,0.9433435,0.9941121,319.19847,153.456232,164.51369,0.11500753849999999,0.03831601322,0.045229927
1,1341.0,13.342635,10.321631,30.0,39.0,25.0,16.0,1276.7107,799.9772,0.9304671,0.9888931,296.18124,242.150311,222.59485,0.22591547393,0.022940253880000008,0.08562998
1,1855.0,35.821125,9.410178,30.0,33.0,24.0,16.0,1041.704,411.26004,0.36766484,0.9060113,318.71664,108.694344,201.18428,0.10086354680000001,0.024466626349999993,0.03780654
1,3300.0,17.978363,11.073149,30.0,39.0,23.0,27.0,229.41176,15.329076,0.29039004,0.637593,21.0980223,0.0,30.815659,0.013603675899999999,0.007686709682999999,0.016991217
1,1581.0,1.9785737,17.712053,10.0,23.0,26.0,11.0,626.90405,204.17546,0.7212375,0.8766799,152.894024,59.3865811,122.215866,0.06500842684,0.025657582720000006,0.031964812
1,772.0,21.458689,13.737854,10.0,36.0,29.0,16.0,1037.0367,492.1493,0.71469265,0.97990507,375.51204,140.0124148,225.30724,0.0858576394,0.018779713320000006,0.04347087
1,1988.0,30.17781,9.781402,10.0,32.0,28.0,13.0,1320.4781,967.6648,0.66571003,0.933148,482.85432000000003,336.03404,289.7126,0.1507959505,0.032513452840000005,0.05375408
1,1616.0,2.7099736,12.202772,10.0,17.0,29.0,11.0,712.1497,228.9653,0.62921953,0.9857127,167.94876359999998,67.9885726,152.35825,0.21005258200000002,0.2494057366,0.07009394
1,1306.0,16.088049,11.103692,40.0,33.0,22.0,18.0,1163.3534,552.2603,0.6175274,0.91858286,250.58153,169.47354669999999,250.58153,0.17083603014,0.045088919740000004,0.059381254
1,1306.0,16.088049,11.103692,40.0,33.0,22.0,18.0,1163.3534,552.2603,0.6175274,0.91858286,250.58153,169.47354669999999,250.58153,0.17083603014,0.045088919740000004,0.059381254
1,1992.0,36.346676,9.731713,10.0,34.0,29.0,16.0,1322.2551,994.89935,0.39627045,0.9138119,468.57827,332.3992574999999,267.6923,0.16202941569999998,0.03077638031,0.06185622
1,1253.0,34.88674,10.233676,10.0,34.0,22.0,16.0,1028.7875,409.00113,0.6013061,0.9528117,314.50302,106.74167500000001,183.23137,0.08238538885,0.019611661550000003,0.038210467
1,2342.0,23.172094,10.410372,30.0,26.0,22.0,15.0,605.9642,288.19754,0.21147281,0.7606102,454.963232,92.6300896,300.23764,0.0780848555,0.061774812199999994,0.022709107
1,1337.0,28.053486,9.6888685,30.0,37.0,26.0,16.0,834.456,451.57465,0.44666916,0.9713295,341.54299000000003,161.6249444,180.4105,0.1322089929,0.04207894277000001,0.048280533
1,1034.0,20.207973,10.670703,10.0,32.0,30.0,15.0,1140.0536,761.48413,0.8881207,0.9719287,441.709559,278.985202,257.80856,0.14797314879999998,0.04054785601999999,0.049630225
1,875.0,23.163626,10.641266,10.0,37.0,28.0,18.0,1152.8497,790.0616,0.87825596,0.9904896,437.733758,282.9409086,255.20865,0.1621846088,0.037095893709999994,0.06661328
1,1258.0,29.689272,9.7077675,10.0,40.0,22.0,17.0,690.24664,415.46515,0.7439987,0.96851593,347.80553,157.9578394,179.34076,0.06856273709999999,0.026207529320000006,0.044094216
1,891.0,28.22496,10.2942705,10.0,35.0,28.0,16.0,1019.4133,484.74002,0.84896,0.99082685,368.29053999999996,141.19044829999999,230.92604,0.08337596350000001,0.01906853632,0.039747294
1,1146.0,33.697475,9.891447,30.0,32.0,31.0,16.0,1064.0052,481.08725,0.86834204,0.9869853,365.61844,136.9899028,217.29704,0.08320712573,0.018259572359999997,0.0418452
1,1199.0,25.787733,10.90931,10.0,35.0,28.0,16.0,805.048,451.48273,0.8210263,0.96686953,330.29926,173.9992704,165.14963,0.1253794482,0.045884478929999986,0.051482454
1,1351.0,24.586721,9.613071,10.0,35.0,27.0,16.0,1085.0457,512.8144,0.719701,0.9824754,375.62313950000004,149.218626,225.8802,0.1078448735,0.022959224190000006,0.040778916
1,4292.0,8.00848,11.247361,60.0,48.0,17.0,23.0,182.46451,42.50271,0.5767831,0.79806966,11.0506965,0.0,24.18407,0.0020827256900000004,0.001341803714,0.008151764
1,1669.0,13.362545,11.2274475,50.0,31.0,24.0,14.0,899.38666,247.54852,0.6045987,0.93542266,209.79322000000002,53.80621689999999,131.82059,0.08703532264000001,0.02823009217,0.029232552
1,1559.0,22.247608,10.324196,30.0,31.0,27.0,16.0,1016.5772,424.854,0.6386412,0.95464563,126.12217,124.84263500000002,126.12217,0.15339237360000002,0.04771333236,0.051116742
1,3300.0,17.978363,11.073149,30.0,39.0,23.0,27.0,229.41176,15.329076,0.29039004,0.637593,21.0980223,0.0,30.815659,0.013603675899999999,0.007686709682999999,0.016991217
1,1597.0,9.599926,10.732109,30.0,34.0,22.0,15.0,577.50354,324.2036,0.8133328,0.9737551,337.08974,107.36891599999998,177.12633,0.051758695800000004,0.02611975104,0.039731935
1,755.0,21.372917,13.814004,50.0,36.0,27.0,16.0,1002.1583,487.8425,0.79652613,0.98266983,368.09739,142.1384736,230.62512,0.08465237319999999,0.019438621380000003,0.041324068
1,1100.0,27.733734,10.649338,30.0,37.0,23.0,18.0,618.16583,377.90955,0.8658619,0.9824367,367.30136000000005,132.54782899999998,208.67212,0.0561970871,0.025699249670000004,0.048011217
1,875.0,23.163626,10.641266,10.0,37.0,28.0,18.0,1152.8497,790.0616,0.87825596,0.9904896,437.733758,282.9409086,255.20865,0.1621846088,0.037095893709999994,0.06661328
1,755.0,21.372917,13.814004,50.0,36.0,27.0,16.0,1002.1583,487.8425,0.79652613,0.98266983,368.09739,142.1384736,230.62512,0.08465237319999999,0.019438621380000003,0.041324068
1,1808.0,23.517824,10.230282,10.0,30.0,23.0,14.0,905.50165,245.67358,0.45306417,0.90572476,207.80513,52.800727800000004,133.56802,0.09897451544000001,0.033260054680000005,0.033388287
1,2006.0,34.72559,9.711259,10.0,30.0,25.0,15.0,902.59607,264.59607,0.37939042,0.90953,222.51015999999998,57.4212325,136.69856,0.08518150279999999,0.02441422959,0.030157551
1,991.0,27.027967,9.819232,10.0,37.0,24.0,15.0,1342.7192,1041.0095,0.97260463,0.98911726,486.31584,348.54404099999994,269.84045,0.14173023140000002,0.02437172803,0.056093626
1,772.0,21.458689,13.737854,10.0,36.0,29.0,16.0,1037.0367,492.1493,0.71469265,0.97990507,375.51204,140.0124148,225.30724,0.0858576394,0.018779713320000006,0.04347087
1,1495.0,25.922817,10.237806,30.0,34.0,23.0,17.0,1167.777,555.87164,0.37783936,0.93217754,255.22798,172.36797109999998,255.22798,0.1723936955,0.04467228845000001,0.06009324
1,975.0,30.503397,10.43175,30.0,33.0,28.0,18.0,1072.6885,457.00455,0.5506962,0.9435483,346.57252,127.0450635,220.81384,0.09689442759999999,0.02138606008,0.044165023
1,1842.0,13.742537,11.002505,10.0,37.0,23.0,22.0,480.3101,140.30719,0.45378762,0.9167512,56.6702263,49.27706,53.303066,0.08395057756999999,0.03622044498000001,0.029045349
1,1087.0,31.802092,9.935376,10.0,37.0,28.0,17.0,860.5239,477.49332,0.5902671,0.93617743,320.58635000000004,161.3088182,189.91,0.1280370395,0.038952725679999994,0.043294493
1,1116.0,33.04308,10.671508,30.0,36.0,22.0,18.0,605.3304,356.24185,0.8038432,0.9812781,342.8242,118.73699049999999,184.23944,0.0557314224,0.02670066116,0.043146398
1,1100.0,27.733734,10.649338,30.0,37.0,23.0,18.0,618.16583,377.90955,0.8658619,0.9824367,367.30136000000005,132.54782899999998,208.67212,0.0561970871,0.025699249670000004,0.048011217
1,1808.0,23.517824,10.230282,10.0,30.0,23.0,14.0,905.50165,245.67358,0.45306417,0.90572476,207.80513,52.800727800000004,133.56802,0.09897451544000001,0.033260054680000005,0.033388287
1,1100.0,27.733734,10.649338,30.0,37.0,23.0,18.0,618.16583,377.90955,0.8658619,0.9824367,367.30136000000005,132.54782899999998,208.67212,0.0561970871,0.025699249670000004,0.048011217
1,875.0,23.163626,10.641266,10.0,37.0,28.0,18.0,1152.8497,790.0616,0.87825596,0.9904896,437.733758,282.9409086,255.20865,0.1621846088,0.037095893709999994,0.06661328
1,1711.0,34.14576,10.107045,10.0,30.0,23.0,18.0,958.5748,320.31696,0.35690042,0.899608,259.30597,76.41817959999999,157.29413,0.08596687769999999,0.022828976929999998,0.0344638
1,3192.0,30.533619,9.554021,10.0,41.0,24.0,21.0,1371.4467,703.3822,0.101684056,0.25622433,450.85525,272.434216,233.0968,0.126099184,0.08863993479999999,0.057115685
1,3195.0,34.956413,9.495526,30.0,32.0,21.0,21.0,486.90396,147.24042,0.079444505,0.17312479,128.254631,37.0466816,103.02738,0.08020911449999998,0.03492825207999999,0.024545776
1,1087.0,31.802092,9.935376,10.0,37.0,28.0,17.0,860.5239,477.49332,0.5902671,0.93617743,320.58635000000004,161.3088182,189.91,0.1280370395,0.038952725679999994,0.043294493
1,1943.0,18.009602,9.971449,30.0,26.0,26.0,14.0,766.2024,304.352,0.44559768,0.9494219,228.95279,97.31021003000001,228.95279,0.264545532,0.29774274119999994,0.088667445
1,1100.0,27.733734,10.649338,30.0,37.0,23.0,18.0,618.16583,377.90955,0.8658619,0.9824367,367.30136000000005,132.54782899999998,208.67212,0.0561970871,0.025699249670000004,0.048011217
1,1036.0,38.509502,9.376368,10.0,34.0,31.0,17.0,1082.7731,481.1717,0.66802436,0.9707722,361.10486000000003,140.54997350000002,221.04543,0.09907945450000001,0.021518078229999994,0.04304222
1,871.0,28.973316,11.1412735,10.0,35.0,28.0,16.0,1023.8755,486.66187,0.8339767,0.98643744,371.70429,139.4560308,227.82526,0.08420299129999999,0.01897270767,0.040991575
1,1361.0,31.259968,10.28519,10.0,35.0,21.0,16.0,1020.6707,390.8344,0.69716114,0.9481771,305.02611,100.9881625,184.60103,0.09267421863,0.022890222209999988,0.034740094
1,1488.0,22.900242,10.200566,50.0,34.0,21.0,16.0,559.56665,298.0748,0.85132694,0.9716931,303.942005,103.60774,182.3652,0.0539108185,0.027259577540000003,0.033184193
1,1060.0,32.26775,9.937374,30.0,32.0,29.0,18.0,1076.0493,465.0595,0.5446116,0.9620827,351.41783,131.545774,220.8992,0.09762371783000001,0.021430357869999996,0.043792263
1,1633.0,8.6139765,11.033426,30.0,18.0,25.0,13.0,668.0159,231.43506,0.6096341,0.9647807,159.14449,74.3599728,102.41434,0.11243490610000001,0.051757915169999995,0.031542692
1,794.0,24.787262,11.995386,10.0,37.0,26.0,16.0,955.9331,477.1439,0.79313684,0.9785557,338.958095,147.08496645000002,224.7065,0.0846305806,0.02081394583,0.04311733
1,679.0,21.655382,10.345025,10.0,36.0,29.0,15.0,1287.6272,996.1847,0.96390057,0.9949158,488.12612,327.213554,284.97733,0.1114771255,0.02171439569,0.042739537
1,1711.0,34.14576,10.107045,10.0,30.0,23.0,18.0,958.5748,320.31696,0.35690042,0.899608,259.30597,76.41817959999999,157.29413,0.08596687769999999,0.022828976929999998,0.0344638
1,1361.0,31.259968,10.28519,10.0,35.0,21.0,16.0,1020.6707,390.8344,0.69716114,0.9481771,305.02611,100.9881625,184.60103,0.09267421863,0.022890222209999988,0.034740094
1,1187.0,33.585888,10.518135,30.0,32.0,22.0,17.0,594.2263,346.0778,0.83381057,0.9709036,345.68723,117.628715,191.13779,0.05539606100000001,0.026220703010000006,0.04116081
1,1361.0,31.259968,10.28519,10.0,35.0,21.0,16.0,1020.6707,390.8344,0.69716114,0.9481771,305.02611,100.9881625,184.60103,0.09267421863,0.022890222209999988,0.034740094
1,2099.0,25.999844,9.762463,10.0,29.0,26.0,14.0,762.33606,205.12654,0.5129727,0.9022031,187.273424,49.207467900000005,104.54431,0.1087960885,0.047802233390000004,0.04191793
1,1100.0,27.733734,10.649338,30.0,37.0,23.0,18.0,618.16583,377.90955,0.8658619,0.9824367,367.30136000000005,132.54782899999998,208.67212,0.0561970871,0.025699249670000004,0.048011217
1,1119.0,36.24848,10.671914,30.0,31.0,29.0,18.0,1049.8212,429.42438,0.4379251,0.9491041,328.19446,114.44627,199.79645,0.0905775068,0.02118981063,0.038589783
1,1657.0,19.074938,10.976811,10.0,23.0,28.0,18.0,696.8606,196.7557,0.24415648,0.5798642,122.496885,79.853372,98.263,0.107730923,0.08853741229999999,0.0318662
1,989.0,21.667774,11.00506,50.0,40.0,28.0,19.0,708.3723,411.8078,0.90868956,0.992207,319.48082999999997,155.54020029999998,172.106,0.08132588630000002,0.029358552189999998,0.03954114
1,1606.0,4.9245934,12.173197,30.0,23.0,27.0,13.0,529.91895,196.84451,0.6495188,0.967669,74.087616,61.4776374,86.47218,0.04262101577,0.019760061300000003,0.016873984
1,772.0,21.458689,13.737854,10.0,36.0,29.0,16.0,1037.0367,492.1493,0.71469265,0.97990507,375.51204,140.0124148,225.30724,0.0858576394,0.018779713320000006,0.04347087
1,1532.0,35.77039,9.760903,30.0,30.0,23.0,17.0,984.23883,334.54526,0.31235874,0.91078055,273.09635,81.7894757,164.9407,0.10636358776999999,0.028680981710000004,0.036527295
1,1601.0,2.385064,12.440951,10.0,20.0,24.0,12.0,686.21625,254.27257,0.6982793,0.9557091,189.96187,75.965266,122.67505,0.103663093,0.03486927668,0.03241808
1,1033.0,30.0255,9.857805,10.0,35.0,28.0,16.0,908.43164,506.83453,0.4560405,0.9548759,335.01443,169.0474214,195.51538,0.1253986288,0.03721308376999999,0.046339355
1,1033.0,30.0255,9.857805,10.0,35.0,28.0,16.0,908.43164,506.83453,0.4560405,0.9548759,335.01443,169.0474214,195.51538,0.1253986288,0.03721308376999999,0.046339355
1,1145.0,35.407444,10.090465,30.0,38.0,23.0,18.0,623.2046,383.9024,0.8311482,0.9841889,372.86298,136.944704,211.72855,0.056526100399999994,0.02533609715000001,0.049546633
1,1380.0,36.82723,9.776732,30.0,31.0,26.0,16.0,1035.246,410.12885,0.5624155,0.94670886,316.610465,107.716878,192.1949,0.09162646145999999,0.022040386920000005,0.03650058
1,1144.0,13.778039,10.888665,50.0,37.0,28.0,16.0,803.43933,435.52634,0.9116299,0.9893091,327.42074,157.153013,165.50276,0.1192667983,0.039785722259999996,0.046010774
1,1809.0,29.98648,9.627654,10.0,35.0,18.0,16.0,535.15155,270.04556,0.62127644,0.9253493,261.94647,102.8531794,157.16788,0.0569638776,0.027956151579999998,0.031701405
0,5327.0,30.615875,9.430804,60.0,34.0,28.0,28.0,163.77646,38.49492,0.30072802,0.17622499,20.2167113,4.7687555,18.3175,0.001984549036,0.0010665308539100002,0.0112981675
0,5222.0,27.589256,9.619775,60.0,39.0,24.0,32.0,226.65506,56.230007,0.057967275,0.008133166,11.7550749,0.4377780097,18.757717,0.00086813984,0.0006427455351,0.013671621
0,5611.0,18.554567,10.124793,60.0,26.0,37.0,29.0,116.962906,7.4499083,0.73252743,0.099780865,0.0,0.0,11.502369,0.000107247533,0.00013368465708900004,0.0027894045
0,4733.0,27.072699,9.920163,60.0,40.0,18.0,29.0,474.65524,257.6565,0.04439982,0.049933996,349.119975,98.29243500000001,216.0034,0.04727622530000001,0.04324906873,0.021640962
0,2918.0,39.064377,9.511604,60.0,36.0,18.0,20.0,564.8,283.46738,0.26949343,0.48542687,374.22041,109.65096799999999,196.17155,0.06616467809999999,0.06097949339999999,0.025725953
0,4674.0,12.317469,11.074732,60.0,37.0,23.0,22.0,169.20898,26.676998,0.76599187,0.90509796,11.50425,0.0,14.139222,0.0002810871395,0.00024359385080000002,0.010747438
0,3954.0,33.600258,9.6650305,60.0,48.0,19.0,24.0,264.85928,171.14943,0.71492165,0.9277232,44.5388791,19.609641,55.441994,0.001992271095,0.0009168835114,0.011491591
0,3568.0,27.243418,10.304833,30.0,41.0,19.0,25.0,535.67456,324.08994,0.12106757,0.12014175,368.5068,160.962624,194.06175,0.034089025700000004,0.03664831299000001,0.021374956
0,3151.0,27.490631,9.619737,10.0,38.0,22.0,15.0,745.0615,328.5917,0.25059178,0.55593866,365.869704,89.13958246000001,263.49594,0.09667054570000001,0.07028416364000001,0.024837805
0,5475.0,22.560204,10.179958,70.0,38.0,20.0,29.0,517.39056,294.0569,0.6404296,0.05769569,112.54431,84.40032,112.54431,0.001722754128,0.00769219938371,0.008942215
0,4659.0,14.098045,10.231338,60.0,37.0,23.0,22.0,180.83817,43.285995,0.670254,0.72897226,18.699024,0.0,18.699024,0.00035143419699999994,0.0003071109493,0.004065032
0,2571.0,36.28336,9.569207,10.0,34.0,16.0,18.0,527.946,230.8694,0.07669176,0.3144459,278.78926,91.85933600000001,145.0831,0.078716592,0.05531977989999999,0.030493332
0,5749.0,29.839373,9.531775,60.0,37.0,23.0,22.0,128.4923,16.770126,0.14256328,0.011768179,0.0,0.0,6.9229364,0.000358965465,0.00032482114654799996,0.007680174
0,5354.0,28.96723,9.833192,60.0,37.0,23.0,22.0,187.48204,38.049046,0.14888345,0.0134882415,13.35971518,0.0,15.133818,0.000746453436,0.0010427850989999999,0.013357655
0,580.0,13.415992,10.410449,10.0,40.0,24.0,13.0,1285.4075,1011.16815,0.97991806,0.99983233,580.1759,319.1853469,294.79608,0.10628654039999999,0.016820858920000004,0.03808063
0,5562.0,32.24175,10.226454,60.0,31.0,30.0,30.0,319.15274,204.34442,0.32100433,0.12662673,49.3095816,19.2689761,19.351807,0.00306693743,0.0026767081109300003,0.011475934
0,1799.0,23.276484,10.186877,30.0,35.0,23.0,14.0,921.8355,529.96985,0.57003427,0.91852313,367.53138,203.613924,191.73589,0.1390471409,0.060641829300000005,0.057286736
0,1651.0,30.313402,9.684088,30.0,34.0,21.0,16.0,605.5431,379.79163,0.7609749,0.9748434,382.89396999999997,134.710874,229.73637,0.056008690699999995,0.02564073095,0.04864343
0,946.0,33.171455,9.41907,10.0,35.0,27.0,17.0,1346.625,943.6214,0.8605733,0.97833526,504.47450000000003,280.694911,280.2636,0.2454708685,0.061076668370000003,0.08734297
0,4110.0,33.852585,9.300536,30.0,40.0,22.0,27.0,2012.265,929.6254,0.026543088,0.10239191,357.25425900000005,241.9605053,307.81592,0.38558521469999996,0.1243585611,0.13120091
0,5313.0,46.77489,9.161289,60.0,39.0,21.0,30.0,448.9901,222.72458,0.08425144,0.00899635,183.217306,67.0886899801,91.612366,0.007498682580000001,0.019636040453000006,0.008327651
0,1738.0,26.631962,9.812043,10.0,34.0,27.0,14.0,1258.97,822.0339,0.31181684,0.90819085,443.64957000000004,263.61394457,275.92203,0.1626619868,0.03462459633,0.05967968
0,3220.0,12.468258,11.459672,30.0,38.0,24.0,23.0,246.03151,117.64218,0.88555336,0.8949053,55.14291,4.6674151,55.14291,0.00506491649,0.007145942151999999,0.018428026
0,5810.0,29.061907,9.93552,60.0,37.0,23.0,22.0,212.45006,68.6368,0.60885173,0.08492391,0.0,0.0,12.939018,0.00047402050800000005,0.00029935101153,0.0056436583
0,5722.0,34.936577,9.547313,70.0,34.0,29.0,32.0,227.20474,90.2429,0.69906974,0.078566745,19.335264,16.730802,27.374006,0.000312450927,0.0005873623989599999,0.0060148127
0,2560.0,27.53033,10.049016,10.0,35.0,26.0,17.0,1090.9441,581.4813,0.025602857,0.47571954,397.17934,210.1728368,248.23709,0.17041534290000002,0.08013815870000002,0.06671849
0,5437.0,33.497032,9.65359,60.0,32.0,32.0,33.0,133.04381,8.237854,0.3902563,0.13296473,8.8164622,0.0,8.3675585,0.0025222066800000002,0.0012330957419400001,0.01046955
0,3616.0,25.773054,10.237806,50.0,37.0,23.0,22.0,509.86573,215.940125,0.41061576,0.57146537,0.0,0.0,0.0,0.0,0.0,0.0
0,4569.0,25.353516,10.594823,60.0,46.0,19.0,30.0,241.43604,60.328255,0.18655075,0.21240868,5.6243043,1.1709547,16.937416,0.001077425134,0.0006997571786000001,0.011390311
0,2022.0,7.093035,11.151995,10.0,27.0,26.0,12.0,921.70575,337.13135,0.48161423,0.9360748,167.58249,98.005179,167.58249,0.18965561560000002,0.0680583328,0.056021415
0,3965.0,32.098934,10.900292,60.0,47.0,19.0,23.0,192.78735,51.942074,0.8471242,0.89520687,7.32181226,0.0,16.62503,0.0014909899899999998,0.0007104541985599999,0.0075510736
0,4518.0,23.729218,10.029675,100.0,40.0,21.0,29.0,173.20961,50.76188,0.46138504,0.5677586,25.056555000000003,0.99739044,16.70437,0.005818974699999999,0.006430619007,0.018274635
0,5565.0,30.3218,9.756451,60.0,38.0,25.0,32.0,196.75084,62.48046,0.31915104,0.05196728,12.62928,0.0,23.715183,0.00136247871,0.0007617287260999999,0.005970096
0,5445.0,30.427076,9.417705,60.0,37.0,23.0,22.0,188.12524,39.06935,0.10289948,0.03512015,9.558361300000001,0.0,14.567946,0.000795769805,0.0010533145703999999,0.013388209
0,4815.0,28.851807,9.80717,60.0,43.0,22.0,29.0,221.19301,41.39869,0.08341715,0.041973636,14.32339934,0.2174426,21.656546,0.004717417000000001,0.0010460695465000002,0.014703692
0,3059.0,29.60989,10.376541,10.0,36.0,21.0,21.0,1360.1569,539.8536,0.09295449,0.40106466,242.378813,172.422954,220.49466,0.270378647,0.1052932498,0.081461385
0,5562.0,31.249695,9.450062,60.0,37.0,27.0,32.0,192.47954,104.173615,0.32259607,0.03745161,19.422834299999998,39.490255,9.2399025,0.00151940344,0.0013297555459,0.012352638
0,3677.0,17.809261,10.20077,60.0,37.0,24.0,32.0,279.982,55.71762,0.18571702,0.4428802,50.0703403,0.0,32.561577,0.00374016397,0.0027597602989999997,0.014393095
0,4775.0,32.932816,10.067365,60.0,42.0,20.0,24.0,193.19527,59.631744,0.6300023,0.6759175,15.1133151,0.0,50.029507,0.001456416834,0.0007073253747999998,0.0075526405
0,4554.0,36.60494,9.54065,60.0,45.0,19.0,25.0,193.63399,38.659393,0.12101229,0.15641882,14.687770330000001,4.972967367,24.866632,0.0020432739000000003,0.0010350206825000003,0.008874678
0,1612.0,2.191051,12.565797,40.0,22.0,27.0,13.0,639.60425,268.16733,0.73007756,0.9824216,233.456606,77.7875767,133.2037,0.219696382,0.32935011540000003,0.10028658
0,4684.0,10.768615,10.585124,60.0,37.0,23.0,22.0,179.65977,44.764477,0.44112602,0.7019379,20.101709,0.0,20.535578,0.0005374159690000001,0.00044149740959999997,0.008141831
0,1593.0,1.8083982,18.738394,10.0,23.0,29.0,11.0,627.4202,259.01816,0.69532925,0.97459507,260.981117,88.92187600000001,161.62024,0.149761978,0.19627597270000005,0.041558903
0,787.0,16.670382,10.292758,30.0,35.0,24.0,15.0,1216.6196,846.2634,0.959702,0.99974656,163.07077,212.00355599999997,163.07077,0.14837537449,0.029305651909000002,0.07037217
0,3587.0,29.699831,10.235201,60.0,39.0,26.0,24.0,226.54901,90.14286,0.7362602,0.8056081,60.756355,5.66787274,60.756355,0.0040793904399999996,0.007484329291999999,0.020118717
0,5483.0,15.985223,10.737295,70.0,39.0,20.0,29.0,545.8198,309.92163,0.66650975,0.11398667,134.19585,106.51527300000001,134.19585,0.00197101187,0.009906346762400002,0.011314969
0,5654.0,16.7278,10.951406,60.0,37.0,23.0,22.0,177.54756,25.520206,0.60711277,0.06701833,4.378356,0.0,14.021864,0.000565698756,0.0006239601758999999,0.0052861883
0,4571.0,32.221725,9.935995,60.0,46.0,21.0,31.0,231.20917,52.599655,0.082211584,0.04398219,5.6784393699999995,0.0,16.78971,0.000561378824,0.00035918838,0.009544964
0,3717.0,23.230185,10.224265,60.0,37.0,23.0,25.0,1495.3892,587.42365,0.019482285,0.022706969,308.90218,164.157283,232.92265,0.42644766100000003,0.22599303810000002,0.13442369
0,5165.0,20.271513,10.403112,30.0,40.0,23.0,32.0,178.90277,32.921432,0.23291087,0.07358339,10.5057536,0.0,23.407974,0.0016733437699999998,0.0009966752153,0.0063520772
0,3799.0,14.45103,10.707396,60.0,41.0,22.0,27.0,202.74678,13.219458,0.3114388,0.5782848,17.8405172,0.0,24.180292,0.00492284594,0.0020489071118000002,0.013204104
0,5152.0,36.786053,9.535049,60.0,42.0,23.0,32.0,323.51874,110.76601,0.14286979,0.0065427446,31.09734,19.81673839,32.036102,0.00173588259,0.0013620973402399999,0.0221192
0,880.0,15.55466,12.546516,10.0,34.0,26.0,16.0,1306.2698,884.61615,0.94371897,0.99592453,460.811614,207.575432,429.26105,0.2819445257,0.0606131182,0.10228374
0,5281.0,35.84704,9.322126,70.0,29.0,31.0,27.0,156.80498,37.653915,0.19040698,0.036134835,8.4757406,16.2586598,6.977977,0.00106778539,0.0007590448213240001,0.010820856
0,4405.0,28.027233,10.131736,60.0,48.0,19.0,22.0,221.0212,83.31465,0.5546153,0.6979743,17.185945,0.0,43.569153,0.0022543377999999998,0.0011357840964,0.010298933
0,3421.0,35.729797,9.441095,30.0,42.0,18.0,20.0,632.272,304.1005,0.10464725,0.24580966,527.260945,94.736717,382.66125,0.06397816459999998,0.04971224911,0.018143391
0,3022.0,29.174446,10.018904,10.0,37.0,23.0,22.0,691.3131,274.9052,0.07013746,0.14152032,180.06787,60.877573000000005,223.8889,0.08769692440000001,0.046573359,0.030012382
0,3950.0,35.479202,10.030516,60.0,39.0,19.0,29.0,321.7819,82.38741,0.41960156,0.39583012,73.971893,0.0,53.493366,0.00658585639,0.004243981711,0.012176715
0,2176.0,29.72279,9.913006,30.0,32.0,23.0,14.0,1411.2051,846.12415,0.6069275,0.9142015,539.59198,224.57741900000002,300.8477,0.2679448167,0.09025877709999999,0.085090175
0,937.0,17.87481,10.044135,10.0,39.0,29.0,15.0,1326.4061,938.79785,0.98835677,1.0,553.92062,315.18044399999997,250.19377,0.05277292310000001,0.0529246423,0.013389822
0,4678.0,14.711269,10.845649,70.0,43.0,19.0,28.0,493.36322,262.80945,0.1589837,0.012986668,76.3249052,64.3660353,71.488716,0.000629542894,0.018712798474799994,0.0054436973
0,1750.0,5.8500447,11.787972,10.0,20.0,26.0,14.0,707.4872,253.14764,0.57182443,0.9811411,182.706333,74.0633894,151.97357,0.230725802,0.2668323313000001,0.07645639
0,4241.0,0.0,20.228922,80.0,37.0,23.0,22.0,132.85469,11.526762,0.9688093,0.9487074,6.945963,0.0,6.945963,0.00203535525,0.001419547701,0.009037535
0,5144.0,31.182724,9.744665,60.0,37.0,25.0,24.0,154.09523,37.832554,0.1973327,0.20655736,24.35687,2.7043561,24.35687,0.001838781964,0.00099203872997,0.009365365
0,5046.0,18.98964,10.560069,60.0,41.0,23.0,29.0,182.19275,35.101868,0.3083074,0.11040541,9.575572900000001,0.0,27.760689,0.0016232437800000003,0.0009762952813000001,0.005899704
0,5674.0,37.572155,9.482755,70.0,39.0,22.0,33.0,452.7499,226.50778,0.4911084,0.030339781,53.6746524,52.991260200000006,63.637276,0.000504916001,0.01566085575717,0.0073297387
0,3068.0,2.400129,12.508992,60.0,47.0,19.0,29.0,168.45625,39.99683,0.76931983,0.85060215,23.7528716684,0.0,22.995674,0.00801905696,0.009351986674000003,0.022104925
0,1920.0,24.070807,9.839558,10.0,30.0,31.0,15.0,477.49902,147.04727,0.16599765,0.8378046,54.731842,42.31807500000001,57.425278,0.054357565440000005,0.02369192962,0.020521954
0,4837.0,15.681266,10.891339,70.0,42.0,18.0,28.0,647.4284,358.474,0.36807337,0.10510246,191.48046,92.519987,124.86803,0.00619412725,0.020935835739799995,0.01423525
0,3260.0,24.439377,10.596323,30.0,34.0,18.0,21.0,563.3123,187.15349,0.10210197,0.0884587,132.522937,54.6162714,123.48548,0.057213407050000005,0.021769164209999997,0.019276278
0,1659.0,25.029005,10.281017,10.0,31.0,27.0,16.0,1865.917,855.8669,0.67102706,0.93596333,450.07543929999997,190.23272500000002,366.81586,0.38677810039999994,0.21502205589999995,0.13804267
0,5033.0,20.122816,10.011816,60.0,37.0,23.0,22.0,117.94215,6.017155,0.38958937,0.6279051,0.0,0.0,4.9444127,0.000416513908,0.00045027554797000003,0.0062183263
0,4740.0,30.051538,10.087954,60.0,41.0,23.0,31.0,179.60825,18.603148,0.036423314,0.012102152,11.890194,0.0,24.742842,0.00267432452,0.00041905297830000014,0.010541002
0,4445.0,36.44784,9.899358,70.0,41.0,18.0,30.0,438.5827,245.2631,0.026739575,0.017193392,297.34812,86.232812,197.41925,0.0308051494,0.045274477099999995,0.023694634
0,5873.0,33.69255,9.445153,60.0,26.0,34.0,32.0,134.56053,12.5532465,0.20962049,0.073714584,0.30084849,0.0,6.6474395,0.0019398083239999997,0.00151133209141,0.017037824
0,1373.0,16.270971,10.644797,30.0,33.0,27.0,15.0,1320.9209,841.0718,0.9376826,0.9868935,340.18242,253.28912100000002,248.91606,0.24745414735,0.021337765910000007,0.09145107
0,4147.0,3.253305,13.076649,60.0,37.0,23.0,22.0,162.39137,29.471458,0.7132705,0.87786496,12.674496,0.0,12.674496,0.000696399024,0.0006504269146000001,0.010091014
0,4129.0,40.89229,9.46868,60.0,40.0,23.0,27.0,220.71921,67.219315,0.17926124,0.36760715,31.698666660000004,0.0,13.193142,0.00296154463,0.004960044093,0.01664709
0,3802.0,40.538113,9.452705,30.0,42.0,19.0,27.0,467.27756,258.0025,0.040492717,0.047702603,415.08184,87.98690500000001,306.00522,0.0259346263,0.09223215490000002,0.015791843
0,4523.0,32.94844,9.434685,60.0,37.0,19.0,31.0,687.98883,385.47296,0.058173645,0.03978487,576.1847359999999,77.539037224,316.9093,0.109021254,0.0904614464,0.026042437
0,3433.0,25.88735,10.674471,60.0,38.0,20.0,32.0,444.36227,59.86388,0.071799606,0.11746344,71.661402,6.1991331,43.96403,0.016032696,0.0805707601,0.025182106
0,6159.0,30.494568,9.645076,70.0,37.0,23.0,22.0,165.0385,52.136845,0.46384147,0.10773918,3.604112,22.6877226,8.165933,0.0007131981830000001,0.000570340677437,0.010887243
0,2730.0,24.939283,10.163161,10.0,36.0,21.0,18.0,1063.7275,405.14386,0.13928244,0.5594263,186.9041,121.442008,186.9041,0.22772033450000004,0.0935021611,0.063811794
0,1130.0,18.756704,10.361298,30.0,31.0,29.0,15.0,1458.8126,907.61444,0.9562037,0.9937791,379.7953,210.855858,379.7953,0.3033792293,0.0705123464,0.11578944
0,4975.0,8.563391,11.6009,70.0,43.0,18.0,26.0,242.7575,96.445404,0.34886068,0.06587005,27.579119,10.616312190000002,27.579119,0.0008327503940000001,0.002267574905,0.0052008
0,3616.0,25.773054,10.237806,50.0,37.0,23.0,22.0,509.86573,215.940125,0.41061576,0.57146537,0.0,0.0,0.0,0.0,0.0,0.0
0,4603.0,33.373486,9.944797,60.0,44.0,21.0,24.0,217.1268,69.08578,0.14910139,0.17125605,32.0396877,6.1468039999999995,29.33228,0.0017244823600000001,0.0012295761285000002,0.007905167
0,5353.0,10.46581,10.837444,60.0,28.0,38.0,32.0,135.67648,3.335637,0.3923499,0.12858574,0.0,0.0,12.4959135,0.00027967901100000003,0.0003704385837199999,0.013526584
0,3197.0,30.710598,9.622039,30.0,36.0,21.0,22.0,659.80347,265.5417,0.053126942,0.11368214,133.60069,62.71638900000001,164.07307,0.08339723884,0.040768603900000006,0.029281884
0,4227.0,11.673703,10.946643,60.0,37.0,23.0,22.0,151.06229,26.827185,0.80958384,0.95499736,10.564937267000001,0.0,11.817174,0.000214523412,0.0001781330911,0.010320702
0,2589.0,29.849432,9.998884,10.0,35.0,25.0,16.0,877.8686,527.0491,0.18505426,0.601171,367.5864,198.83222759999998,183.7932,0.08860906029999999,0.04511538074,0.042667888
0,4333.0,21.953352,13.932219,60.0,45.0,20.0,21.0,130.205,8.885324,0.7163286,0.76887375,2.2776839300000002,0.0,6.314134,0.00214613937,0.0018958305700000001,0.009941142
0,2243.0,24.971392,10.214859,10.0,39.0,21.0,16.0,900.68665,505.3085,0.108859345,0.6657796,368.54685,195.1077565,200.49332,0.1455539805,0.05525837606,0.0558195
0,5621.0,14.630144,11.4216385,30.0,37.0,23.0,22.0,232.68475,89.64583,0.5702792,0.2515153,14.075425,13.1291225,14.075425,0.0,0.0,0.0
0,3616.0,25.773054,10.237806,50.0,37.0,23.0,22.0,509.86573,215.940125,0.41061576,0.57146537,0.0,0.0,0.0,0.0,0.0,0.0
0,3753.0,31.665915,9.568036,30.0,35.0,17.0,27.0,423.22247,128.773,0.06408118,0.06410523,126.617164,27.9600692,88.50872,0.0880538056,0.0645583334,0.03139605
0,5030.0,23.486444,10.539913,70.0,41.0,17.0,30.0,659.52374,397.85764,0.088190824,0.041726086,286.1502,121.16386499999999,180.22894,0.0062786268409999995,0.015748403091,0.006257955
0,4836.0,20.17037,10.713292,60.0,37.0,23.0,22.0,139.79874,29.100111,0.61704034,0.61036164,0.0,0.0,7.7778225,0.00032600215299999997,0.00029102052929900004,0.007606459
0,5356.0,26.18199,9.863101,60.0,37.0,23.0,22.0,199.7139,45.062134,0.07937941,0.0037093887,18.656895,0.20365076,14.435599,0.000467343083,0.0005396114912,0.014607336
0,5009.0,14.251282,11.191325,70.0,43.0,19.0,29.0,410.23123,215.12613,0.079719685,0.024612162,151.48420199999998,118.0939535,143.05574,0.006186832809999999,0.021087111635699995,0.009914103
0,4409.0,30.78329,10.072212,60.0,36.0,20.0,29.0,548.1741,226.97026,0.039062038,0.013349788,327.22816,59.032804999999996,135.3653,0.074579107,0.1010247451,0.0314334
0,5246.0,13.628049,10.563957,60.0,37.0,23.0,22.0,203.58029,48.10567,0.116094224,0.042955805,15.396349500000001,0.0,20.377556,0.0004951083490000001,0.0004596021336,0.009690101
0,4778.0,16.45872,10.71352,60.0,47.0,17.0,24.0,167.23886,19.890413,0.41623026,0.49956107,11.511341,0.0,15.363349,0.001066947556,0.0005169906205000001,0.0074437265
0,663.0,15.6110115,10.859167,10.0,38.0,28.0,15.0,1233.6482,917.6309,0.98164463,0.9982099,579.17528,319.00476599999996,298.72815,0.07393551954000001,0.01503831227,0.024617665
0,4369.0,8.858573,11.05209,60.0,37.0,23.0,22.0,195.80139,62.098755,0.81329817,0.9423494,14.678402,7.4834242,14.678402,0.000211275388,0.00019205920360000002,0.0058059087
0,347.0,1.9443855,12.75864,10.0,36.0,22.0,9.0,1148.9701,893.2871,0.9757631,0.99754834,563.78278,273.9251052,338.26968,0.03508641218,0.006106094858,0.014594427
0,0.0,0.0,21.335434,0.0,37.0,20.0,3.0,970.2517,720.2553,0.41061576,0.57146537,367.59039,208.22200399999997,200.76552,0.15746273709000003,0.03358341458,0.08263488
0,1590.0,2.7223632,13.986181,10.0,19.0,22.0,14.0,646.3191,210.35245,0.7903578,0.98364425,229.76058,60.542152,137.40039,0.06913611169999999,0.03860614752,0.019691173
0,4777.0,32.777084,10.284624,60.0,38.0,23.0,23.0,186.84438,78.97562,0.5774777,0.5008898,53.70531,4.6311235,53.70531,0.00350381608,0.00241441374935,0.01162508
0,3581.0,15.965926,10.368534,60.0,41.0,22.0,27.0,201.74466,11.001788,0.3632183,0.6248562,12.44564519,0.0,24.595507,0.00475871285,0.0020058432599,0.013156167
0,1886.0,3.0167387,12.264183,10.0,25.0,27.0,13.0,894.51135,328.59512,0.57770026,0.9593261,170.04242642,98.19203669999999,169.89595,0.1860472506,0.07073006119999999,0.05202148
0,1611.0,1.4980245,12.634132,40.0,23.0,26.0,13.0,657.15393,265.555,0.7331943,0.9761963,257.94128,87.6948223,181.42662,0.195267917,0.21259657980000002,0.052724667
0,2296.0,29.111116,10.05199,30.0,31.0,25.0,15.0,2099.561,1104.5265,0.6822074,0.9333187,511.2271,250.674239,511.2271,0.38707035959999997,0.1409100874,0.14194342
0,5017.0,16.184536,11.203302,30.0,40.0,23.0,28.0,233.50262,111.44185,0.16604707,0.14464885,29.520022,24.3870018,33.60178,0.00467376843,0.0020089242293,0.007942331
0,261.0,1.0953649,13.400269,40.0,34.0,21.0,9.0,1065.5599,810.92834,0.9759709,0.9963995,405.87999,281.99796200000003,256.43033,0.18371615704000002,0.030548515979,0.09869133
0,5168.0,27.492247,9.955469,60.0,38.0,24.0,34.0,216.68387,52.68442,0.16225687,0.012309856,7.756867799999999,0.004232638,17.063696,0.000459051335,0.0003388730658000001,0.014319007
0,938.0,32.68672,9.641319,10.0,36.0,25.0,16.0,1331.5485,972.51196,0.96302074,0.9951881,470.43280000000004,314.690477,261.61768,0.209111498,0.040912019790000004,0.08110289
0,5008.0,19.317999,10.096188,60.0,48.0,19.0,25.0,193.6469,51.525867,0.45655778,0.43517834,15.223027,0.0,18.5662,0.000910752648,0.0003373805461,0.007361321
0,5135.0,37.021954,9.487322,60.0,36.0,26.0,24.0,488.70972,369.63245,0.5877654,0.2415552,44.09969,33.45902718,23.177355,0.00360953569,0.003156845342929999,0.013979318
0,3664.0,41.114586,9.411654,60.0,46.0,18.0,27.0,612.4792,385.75946,0.036918666,0.082271464,563.6583,106.3832594,288.62665,0.05189671284,0.033120314219999995,0.026002284
0,2533.0,34.245502,9.768418,10.0,36.0,25.0,18.0,1051.24,606.90283,0.07905394,0.59046626,406.22695,222.922052,253.89185,0.166593717,0.06814484999999998,0.05644979
0,3559.0,21.832832,9.796735,60.0,42.0,20.0,26.0,254.64687,48.464596,0.40176633,0.7359565,69.68598598700001,0.0,45.602715,0.0031883719500000003,0.001886749582,0.014086575
0,5874.0,28.450626,10.006709,70.0,37.0,23.0,22.0,217.72655,77.0893,0.30921176,0.105331376,20.9211936,14.144624499999999,11.145598,1.2441032200000001e-06,1.7910417594e-06,5.2275762e-05
0,4520.0,18.547358,10.393074,60.0,37.0,23.0,22.0,173.94019,54.892967,0.7989645,0.9347735,18.503601,0.142959296,18.503601,0.0,0.0,0.0
0,3914.0,27.858671,10.452463,100.0,36.0,18.0,27.0,609.6539,294.72943,0.06512868,0.022037366,481.36440999999996,79.012005,267.41476,0.0991787568,0.0833585072,0.027852578
0,4706.0,28.090887,10.054154,60.0,37.0,23.0,22.0,150.74014,19.460337,0.40087745,0.7114627,8.5209779,0.0,13.41955,0.000519836539,0.00045261027500000003,0.011170092
0,1808.0,31.963898,10.158446,10.0,37.0,23.0,22.0,1110.4227,540.4473,0.13371918,0.90374744,144.29926,189.648868,144.29926,0.17106556190000002,0.04445832524,0.06071775
0,4300.0,36.53659,9.293665,60.0,40.0,21.0,24.0,190.58116,34.00971,0.16579774,0.4966241,47.675349999999995,1.02917761,28.560125,0.00373528274,0.0015793858050000002,0.014688717
0,4001.0,35.524822,9.501384,60.0,47.0,18.0,22.0,161.71631,67.08128,0.7030128,0.88236105,49.57383419999999,8.03914165,42.74905,0.00246882501,0.0011615699477999998,0.011241315
0,1601.0,2.606104,12.891076,40.0,25.0,28.0,13.0,541.70044,199.1743,0.683883,0.9774722,84.845848,66.36742,66.339645,0.04674260208,0.018853476039999994,0.020070171
0,3301.0,29.206366,9.974612,60.0,37.0,23.0,29.0,260.94196,19.373259,0.20261574,0.39217073,30.87346922,0.0,33.11585,0.020018241899999997,0.0106064782,0.013455455
0,5307.0,27.3449,9.844394,60.0,38.0,26.0,32.0,320.3949,171.57722,0.4387996,0.05519345,57.87894490000001,31.3791771,47.827282,0.0006843870609999999,0.0009159409089500001,0.017350968
0,3616.0,25.773054,10.237806,50.0,37.0,23.0,22.0,509.86573,215.940125,0.41061576,0.57146537,0.0,0.0,0.0,0.0012171609500000002,0.0028517100350000006,0.0081488695
0,5878.0,26.92103,9.834099,60.0,33.0,32.0,33.0,164.3982,26.839443,0.59852344,0.10966982,12.444483,0.0,9.677286,0.000966979316,0.0005218195482699999,0.005243224
0,4983.0,27.011402,10.332977,70.0,42.0,20.0,25.0,548.7735,303.77838,0.54241323,0.09555157,298.620585,121.9104323,179.17235,0.01359408153,0.0269454923915,0.010016636
0,2545.0,33.95419,9.533381,30.0,33.0,24.0,16.0,1929.2103,875.4693,0.27202067,0.74479896,340.494221,222.87769599999996,324.3732,0.32602196040000003,0.07602304039999999,0.12052583
0,5406.0,21.852568,10.05332,60.0,37.0,23.0,22.0,185.0546,37.117733,0.27787158,0.059870765,4.8351436,0.0,17.46281,0.0013801919700000003,0.0011180624622,0.0069891894
0,5267.0,22.716883,10.321889,60.0,38.0,24.0,34.0,209.54097,21.90022,0.041794438,0.017559024,0.0,0.25558448,33.528297,0.0032091056799999997,0.0013416020414400002,0.015164024
0,3547.0,38.0341,9.686789,60.0,41.0,23.0,26.0,196.73752,55.83614,0.4901395,0.7854642,48.6290452,0.57656988,24.806543,0.004027840090000001,0.005548103388999998,0.019616783
0,4445.0,12.171082,10.937796,60.0,37.0,23.0,22.0,128.97273,9.055542,0.75836015,0.8040068,0.0,0.0,8.053744,0.00192215366,0.0009583846588000001,0.008682226
0,4478.0,30.754044,9.556456,60.0,44.0,19.0,27.0,148.08574,13.127798,0.17479444,0.3495615,12.3351708,0.0,17.70089,0.00279466582,0.00045821605754000006,0.012109626
0,4816.0,26.740587,9.94994,60.0,40.0,23.0,30.0,378.46375,116.51224,0.07519609,0.024174789,56.650881,7.2468367,43.89771,0.0118150857,0.0155962947,0.017596716
0,4586.0,20.107565,10.85377,60.0,39.0,19.0,29.0,574.8639,304.17123,0.03362382,0.020028079,252.36159,97.41058860000001,190.06325,0.0046049505499999996,0.013557000884000001,0.012511497
0,5097.0,26.657728,10.392068,60.0,39.0,21.0,33.0,127.4866,51.105576,0.28073454,0.13269722,27.134202000000002,24.8027426,18.448086,0.00233323347,0.0006757914505999999,0.010093562
0,5848.0,23.322289,10.667734,70.0,37.0,23.0,22.0,170.90282,54.40688,0.569917,0.10627484,4.617835,0.0,10.993467,0.0011976956000000001,0.0007233986235879999,0.014915291
0,2828.0,35.94004,10.556628,60.0,41.0,20.0,26.0,292.71088,62.904175,0.5656388,0.8783837,74.990969,0.0,50.993504,0.00778225315,0.004349853057000001,0.013163051
0,0.0,0.0,20.763756,0.0,35.0,22.0,10.0,1135.6907,885.06024,0.41061576,0.57146537,548.41979,289.241507,284.50098,0.047317836972999995,0.007655241373000001,0.020554708
0,1730.0,2.6776845,12.537079,40.0,28.0,27.0,14.0,617.7195,256.64258,0.79093915,0.97245383,333.57167100000004,75.94196791,204.44797,0.1084194389,0.13929128699999999,0.038854554
0,4752.0,32.0319,9.6995325,60.0,46.0,16.0,27.0,176.91112,56.228382,0.2617638,0.5839597,39.169567799999996,6.6581434,32.07642,0.00272585678,0.0012254696156,0.009519735
0,3310.0,32.441242,9.641944,30.0,35.0,24.0,20.0,1497.8625,618.4206,0.051882815,0.22590081,217.36531,190.5599913,217.36531,0.2350964836,0.04551825488000002,0.08289258
0,1578.0,27.888464,9.982623,10.0,41.0,24.0,19.0,1249.713,680.6706,0.89262533,0.998328,186.35379,227.95678959999998,186.35379,0.18736408208,0.021724251620000003,0.06783132
0,3510.0,15.968927,10.347925,30.0,37.0,22.0,19.0,1745.9177,746.46875,0.022701994,0.14187399,272.2600268,235.3756479,191.20975,0.350858651,0.14639781570000004,0.10867708
0,4522.0,0.0,19.65613,80.0,37.0,23.0,22.0,186.7251,45.740948,1.0,1.0,19.27995,0.0,21.390856,0.000524222788,0.0005222778556,0.0053684916
0,2643.0,26.664068,9.921255,30.0,35.0,26.0,18.0,1079.268,585.26984,0.041729774,0.60059965,398.43654000000004,214.278362,249.02284,0.1706121522,0.07930850319999999,0.06495488
0,2631.0,14.387182,10.541795,30.0,35.0,24.0,16.0,1142.0203,460.7179,0.24419667,0.7145736,214.878505,129.61146300000001,183.52852,0.38306132,0.22473778589999996,0.11352838
0,3314.0,26.427006,10.103477,30.0,31.0,19.0,22.0,561.1312,203.64941,0.1119607,0.16124478,187.503584,63.516532000000005,166.14693,0.06278899615000001,0.024606149989999992,0.021244552
0,3627.0,23.04332,10.327867,60.0,43.0,19.0,25.0,320.50458,184.59782,0.4997231,0.81854916,93.587523,8.2533812,61.542774,0.0020673422900000004,0.0011038403702000002,0.014640441
0,4984.0,30.700058,9.965719,60.0,46.0,19.0,29.0,193.95786,39.9032,0.31449667,0.26792672,14.893582695,0.0,25.7894,0.001455609021,0.00046130658480000007,0.009030591
0,2926.0,15.153091,11.72464,30.0,38.0,20.0,25.0,342.3112,88.62126,0.15962505,0.45332298,50.372609800000006,0.0,39.42551,0.021609619400000002,0.017894875370000004,0.020955123
0,4144.0,27.335306,9.656794,60.0,42.0,17.0,31.0,558.6066,226.69458,0.05931482,0.037832733,274.5040618,86.1525453,167.03929,0.0963431606,0.04979551,0.034435637
0,4954.0,27.70362,10.391408,60.0,42.0,19.0,29.0,239.00618,50.86409,0.1397744,0.07042075,14.4630068,12.4150645,17.414927,0.00288610015,0.004839991085000001,0.015427042
0,5047.0,8.754826,11.3252735,60.0,37.0,23.0,22.0,170.96922,48.922512,0.26269376,0.38844004,15.450648,0.15493569,15.634379,0.0004893260590000001,0.00033331331180000006,0.0058280537
0,3856.0,22.52377,10.444483,30.0,43.0,18.0,27.0,557.6322,337.00412,0.034624584,0.022563271,487.68845,86.47618659999999,263.18988,0.061403661799999995,0.04659021409999999,0.029316861
0,1265.0,32.625046,10.315602,30.0,40.0,23.0,17.0,631.11566,403.36087,0.77956414,0.96645355,394.30705,146.759565,257.47522,0.06002544690000001,0.02583226037,0.051941067
0,4281.0,25.187572,10.475877,30.0,41.0,21.0,27.0,191.24313,12.275478,0.24799053,0.29992458,0.0,0.0,29.432209,0.0039937212000000005,0.0019574034242999996,0.010604134
0,4957.0,20.840395,9.897901,60.0,37.0,23.0,22.0,118.79815,6.563477,0.47219735,0.664625,0.0,0.0,4.860622,0.000410571269,0.0004436695051,0.0061183176
0,5232.0,15.603495,10.456499,60.0,37.0,23.0,22.0,185.37996,58.676888,0.35824317,0.5672864,19.729761,5.70828184,19.729761,0.0001409926223,0.0001631429801,0.0075846347
0,4977.0,5.527843,11.833349,60.0,37.0,23.0,22.0,164.27563,20.57318,0.60945725,0.7169605,0.0,0.0,18.613403,0.000519047866,0.00034631244589999996,0.0051422305
0,5202.0,33.56353,9.32373,60.0,38.0,22.0,25.0,176.28331,40.732536,0.07070937,0.029126313,23.552326,5.5398084999999995,21.542976,0.0027460911300000003,0.0012069202863,0.009613266
0,4630.0,17.023783,10.754853,60.0,37.0,23.0,22.0,176.27179,49.610443,0.58432305,0.71981627,15.158946,0.0,14.208988,0.000750500715,0.00046772755755999994,0.0060802363
0,4430.0,28.432259,10.064292,70.0,39.0,18.0,32.0,479.51944,266.1897,0.09478836,0.040460728,347.17320409999996,118.30476,305.48782,0.0373247955,0.03924854879000001,0.020860681
0,3553.0,26.549631,10.431387,100.0,39.0,20.0,29.0,685.9605,359.57443,0.046315983,0.07247205,200.18451399999998,84.692249,90.936325,0.0255566052,0.04678655434999999,0.01710624
0,4322.0,27.078938,10.125433,30.0,44.0,18.0,27.0,140.97287,57.273705,0.30965105,0.4019135,25.010661,11.5181565,19.429466,0.0028240228600000003,0.0008161800429999998,0.012545717
0,2180.0,24.539751,10.441473,30.0,26.0,23.0,16.0,610.34467,290.61197,0.5593158,0.9565603,504.856543,92.465822,243.0881,0.0564069941,0.041549775010000005,0.016818216
0,1575.0,0.90651983,19.352236,30.0,26.0,26.0,14.0,519.5438,177.24193,0.72846687,0.72877073,134.4861889,59.83566959999999,132.08693,0.03246912753000001,0.015285908959999997,0.014009027
0,4468.0,7.4014683,11.413291,60.0,43.0,21.0,26.0,455.6779,234.67476,0.3274299,0.026699807,174.81455499999998,99.825781,99.91418,0.010171559488999999,0.026704733032999996,0.009140799
0,3193.0,33.59906,9.632216,30.0,40.0,24.0,20.0,1404.8569,492.48712,0.04171874,0.18208513,350.40670594999995,130.47339,214.22346,0.2090290596,0.07194895698,0.07142943
0,1619.0,30.888742,10.225219,30.0,35.0,22.0,16.0,570.1157,326.9117,0.32350728,0.8050458,377.67066,102.74506200000002,235.97845,0.05105294633,0.028710607500000002,0.03219037
0,1369.0,27.196873,10.092837,10.0,39.0,28.0,15.0,1372.2505,837.15173,0.8047771,0.9660346,492.948294,319.8120792,243.28194,0.1136162837,0.12408552820000002,0.047190342
0,3007.0,28.182673,9.619454,10.0,39.0,24.0,19.0,1206.9409,596.9862,0.054713942,0.31391728,387.29125,219.829989,202.29593,0.1664640911,0.08995838650000003,0.07163726
0,5765.0,28.35966,10.033476,70.0,41.0,22.0,35.0,283.6949,150.9291,0.5786952,0.18331411,29.613806,23.969383399999998,45.84701,0.015406987021,0.0069759135634000005,0.0076081404
0,2605.0,30.147135,9.615722,10.0,38.0,27.0,17.0,1016.93506,624.26324,0.17826174,0.71389514,398.98526,244.86505769,237.18265,0.15494272369999998,0.06018894441,0.06590186
0,3521.0,26.435612,9.78223,30.0,46.0,19.0,25.0,619.7377,311.0484,0.032665923,0.09429508,283.188534,106.78686456,188.00919,0.05881949859999999,0.025725951730000002,0.045826305
0,5812.0,18.952858,10.642013,70.0,37.0,25.0,29.0,243.01407,123.085945,0.6714482,0.10004557,0.0,0.6084528,19.29914,0.000674426173,0.0005136524388976,0.012373861
0,4989.0,24.603497,9.740994,60.0,46.0,21.0,31.0,219.39041,47.24757,0.028685255,0.009698297,4.2141067,0.45487012,16.730785,0.000822619348,0.0004069887538000001,0.01027822
0,3210.0,21.76858,10.709338,60.0,48.0,22.0,23.0,152.49811,73.93219,0.6765532,0.86489576,30.09981484,11.0123097,29.313065,0.00332251142,0.0011782615139000001,0.013354714
0,3616.0,25.773054,10.237806,50.0,37.0,23.0,22.0,509.86573,215.940125,0.41061576,0.57146537,0.0,0.0,0.0,0.0,0.0,0.0
0,5827.0,30.839184,9.546252,60.0,30.0,34.0,34.0,161.59996,18.639666,0.27024683,0.06634283,0.005766672,0.0,7.4259024,0.00033954837599999997,0.00051799960647,0.014850335
0,336.0,2.367382,12.339125,10.0,37.0,20.0,11.0,1253.1976,996.6804,0.97421265,0.9945083,612.4597200000001,305.20549100000005,334.06894,0.08251676585,0.011223474570000001,0.03336436
0,5531.0,29.984173,9.591669,60.0,35.0,29.0,32.0,102.26844,40.438343,0.27777824,0.13667299,11.197190500000001,11.178593686,6.3337116,0.0011777307560000001,0.0004779371156,0.009232148
0,5675.0,18.467754,10.8696575,60.0,37.0,23.0,22.0,125.35916,6.6364207,0.44519657,0.11540442,1.92763174,0.0,8.78973,0.0013973683300000002,0.0006166844790499999,0.0075859604
0,4077.0,20.331278,10.454541,60.0,39.0,24.0,28.0,1877.5863,830.11444,0.016221182,0.04465482,311.6588,247.40139900000003,238.0522,0.3545224635,0.11760743490000002,0.119327515
0,5078.0,36.35654,10.323917,60.0,36.0,25.0,27.0,133.58662,8.11638,0.53287965,0.20918112,0.0,0.0,6.076373,0.0008747359899999999,0.0014036338835000004,0.014055765
0,4274.0,2.2521448,12.715384,30.0,37.0,23.0,22.0,213.88753,86.313156,0.82993865,0.9623868,21.156574,12.641409260000001,25.217728,0.00018416720529999998,0.00019483889290000003,0.0060478733
0,4892.0,24.034845,10.2914295,60.0,37.0,23.0,22.0,194.29271,44.737286,0.24873969,0.27018675,19.446299,0.0,22.561657,0.000398076538,0.0004453469867,0.009795215
0,5636.0,34.732845,9.528529,70.0,31.0,30.0,30.0,133.75938,21.612589,0.45141944,0.044526767,19.81416124,0.94506842,14.673709,0.0015008343,0.0011689853156900002,0.016519334
0,5513.0,36.590694,9.334606,60.0,29.0,32.0,28.0,129.87082,12.814002,0.21094145,0.107744835,1.6070745,1.932608,6.435432,0.00181578934,0.00138417191752,0.017627515
0,5070.0,30.361734,9.653383,60.0,41.0,22.0,31.0,163.0346,14.821727,0.018820044,0.024029788,10.026568,0.0,22.200901,0.0031580108500000002,0.00048786247729999986,0.0101424055
0,910.0,16.615168,9.969572,10.0,34.0,27.0,15.0,1245.7922,870.24243,0.9568634,0.9952855,402.1523,207.638444,402.1523,0.16184986210000002,0.022567105826999997,0.06492682
0,3888.0,40.569466,9.638555,60.0,47.0,17.0,28.0,149.29103,14.092059,0.1470504,0.4182121,13.625116,0.0,16.673622,0.00243178651,0.00053169715698,0.011173859
0,2089.0,36.31989,9.36351,30.0,32.0,25.0,15.0,1862.014,848.2175,0.44058567,0.8595845,432.1360536,188.346617,389.5435,0.391590671,0.21811288910000007,0.13826181
0,3145.0,36.186214,10.153507,30.0,41.0,19.0,26.0,464.72153,248.12949,0.24353623,0.42974138,370.10555,86.533413,193.10239,0.023267053099999997,0.08312700010000003,0.01667786
0,4937.0,22.081463,10.721266,60.0,39.0,24.0,32.0,323.2231,141.5652,0.11227919,0.08085587,56.6057971,13.014649200000001,52.861958,0.00357080387,0.0023668606672,0.011965243
0,5644.0,31.189405,9.659481,60.0,37.0,25.0,29.0,167.39592,28.711267,0.4951541,0.10079691,15.6609285,0.0,10.754764,0.0011350799400000001,0.0005954937685999999,0.005613376
0,3616.0,17.910488,10.41257,60.0,39.0,22.0,28.0,218.6097,14.859702,0.21972914,0.5165897,14.33161,0.0,26.462704,0.00570802604,0.0025345683135,0.013296213
0,3367.0,25.009996,9.749278,60.0,44.0,20.0,23.0,225.92145,107.13011,0.74582815,0.907806,71.713753,1.6017439,43.113663,0.0029131674200000004,0.0012868740225999997,0.0118078645
0,2760.0,33.365734,9.892617,10.0,34.0,27.0,17.0,439.55057,111.022896,0.12227822,0.31223732,43.7996315,24.9009918,53.164883,0.058527015419999995,0.023571105069999994,0.020254884
0,5163.0,26.162228,9.788612,60.0,42.0,18.0,30.0,173.96603,58.673622,0.06436603,0.018808564,64.220596,15.5275623,55.60377,0.0018916618760000002,0.0007319712913,0.01006973
0,4000.0,34.308613,9.648261,60.0,42.0,24.0,32.0,367.29428,110.787025,0.17345078,0.20585057,55.0961106,6.0769267,45.147182,0.00931586,0.013726992900000002,0.015860612
0,5656.0,25.362125,9.958609,70.0,37.0,23.0,22.0,181.2879,28.955313,0.44816875,0.028636035,3.1545344,0.0,15.145824,0.0011806669299999999,0.001672191559,0.009458606
0,2337.0,22.567934,9.860072,10.0,35.0,25.0,14.0,1071.4598,560.0297,0.14255361,0.70116013,358.53219,218.59494630000003,204.87553,0.13879173390000002,0.06781492950000001,0.05910646
0,5300.0,29.888819,9.612329,60.0,40.0,22.0,29.0,192.20212,59.447887,0.3548323,0.254607,11.813999999999998,0.0,51.786957,0.00158827064,0.0007685087234,0.0075391685
0,1133.0,24.479286,10.031106,10.0,39.0,28.0,15.0,1191.0503,849.7349,0.9746796,0.9962008,484.09682330000004,323.208443,254.76779,0.1051537539,0.02306333027,0.03390107
0,553.0,12.547672,10.392343,10.0,35.0,20.0,12.0,1121.95,848.3467,0.98633164,0.9935065,512.9390599999999,287.3751294,351.5759,0.1199038432,0.019609156649999997,0.04434168
0,4796.0,21.603373,10.693478,30.0,38.0,24.0,32.0,197.30368,40.66012,0.17885515,0.12503564,20.894342450000003,0.0,17.86696,0.0018509202400000002,0.0032193675699999998,0.015837947
0,4875.0,33.62797,9.518635,60.0,39.0,21.0,32.0,747.5941,394.33987,0.05802942,0.019552205,252.750865,92.063599,107.677155,0.0256242634,0.05940918823,0.019952824
0,5200.0,35.096367,9.7428055,60.0,30.0,30.0,31.0,171.93503,27.994068,0.29877552,0.023487546,0.63708717,1.2365169599999999,19.886784,0.0006637742389999999,0.00113073812295,0.015700532
0,1581.0,2.0357294,16.28282,40.0,21.0,24.0,12.0,563.3317,204.4315,0.71300685,0.96130794,104.270357,66.78863659999999,64.438515,0.042632412800000005,0.01776653087,0.018438961
0,5482.0,24.748993,10.81125,60.0,37.0,23.0,22.0,132.15231,6.8742194,0.33278087,0.05749407,2.0124507,0.0,8.063124,0.000221728427,0.00020194653788,0.00704828
0,4270.0,34.126324,9.6183,30.0,43.0,21.0,27.0,138.76859,57.808426,0.13390261,0.31918734,25.124381999999997,11.536342399999999,17.688576,0.0031158995000000003,0.0009602953846999999,0.013075819
0,5345.0,42.43176,9.187978,60.0,38.0,24.0,31.0,196.40363,49.01974,0.15784821,0.0435895,24.4807456,17.4423199,12.978294,0.00168186252,0.0023099232393,0.019048722
0,4560.0,7.7867117,12.104152,100.0,37.0,23.0,22.0,140.59238,16.998825,0.5640011,0.6216151,0.0,0.0,9.231679,0.00163557627,0.000851778091664,0.0076991394
0,3967.0,30.70276,10.082069,100.0,38.0,18.0,26.0,560.34796,272.95023,0.061943248,0.047538117,503.28615,95.05164699999999,242.06792,0.0851652249,0.06374705180000002,0.02618824
0,3919.0,29.317501,10.598035,30.0,38.0,18.0,27.0,473.1407,257.88852,0.11281708,0.059561476,358.56254200000006,101.03916899999999,288.50186,0.0429318016,0.04106424115,0.022204284
0,5118.0,17.920341,10.762412,60.0,37.0,23.0,22.0,168.9272,15.711018,0.6687629,0.55943346,1.93018372,0.0,13.67013,0.0008340625280000001,0.0008359719136999999,0.005878806
0,4822.0,10.317532,11.983436,60.0,37.0,23.0,22.0,193.68153,42.205605,0.26961133,0.27953544,0.3034132,0.0,16.534504,0.0009106829699999999,0.0008742877491,0.014028106
0,869.0,23.69143,9.707501,10.0,36.0,24.0,18.0,1118.1698,820.91046,0.96231097,0.9933362,496.89638,254.8737843,407.0262,0.07187064738,0.012050065895000003,0.02532862
0,5203.0,24.28048,10.252289,60.0,37.0,23.0,22.0,174.65982,39.972134,0.6124093,0.67836535,18.729393,0.0,18.729393,0.00048318448100000003,0.0005068977113000001,0.0047990335
0,5637.0,21.901749,10.06852,70.0,41.0,19.0,28.0,232.97081,84.70424,0.59803176,0.14489004,34.005447,15.7470213,34.005447,0.00186795676,0.004835164728000001,0.010490654
0,4842.0,23.012562,10.482286,60.0,45.0,23.0,37.0,264.0326,67.67317,0.047559667,0.001492624,8.7066892,6.606348199999999,17.940432,0.0012009986359999998,0.000748941165,0.016215675
0,1787.0,8.770913,11.053836,30.0,28.0,30.0,14.0,631.79663,250.79805,0.2939775,0.90454227,72.171646,83.693932,84.47606,0.0638151994,0.02625930845,0.022104472
0,2831.0,24.275423,10.399447,30.0,29.0,23.0,23.0,451.36514,155.59409,0.058824815,0.3000556,148.154326,31.293836499999998,111.115746,0.13627636,0.0693356091,0.037096187
0,5259.0,19.469938,10.263956,70.0,37.0,23.0,22.0,199.03027,45.676388,0.17614895,0.12934726,14.633574,0.0,20.428476,0.000523244403,0.0005046080573000001,0.010563676
0,280.0,1.7662594,13.202207,40.0,38.0,19.0,6.0,1025.584,769.349,0.9883127,0.9939688,450.43232,260.08564599999994,228.18185,0.16060364998999999,0.03188779310400001,0.07640654
0,5400.0,30.767735,9.493896,60.0,39.0,24.0,33.0,187.75365,33.170887,0.04434813,0.004660696,13.99367,0.0,22.04514,0.00132003304,0.0005429205369000002,0.0107278135
0,4318.0,30.28732,10.259417,30.0,44.0,22.0,31.0,280.38678,89.48462,0.1399876,0.08798627,25.834543,6.4209407999999994,27.089642,0.0018544915,0.0007857763172999998,0.014105251
0,5464.0,22.29509,10.272133,60.0,37.0,23.0,22.0,170.57129,30.49199,0.41465145,0.118164875,0.0,0.0,16.47975,0.0011762642999999999,0.0006538616966,0.007846573
0,4242.0,0.74183434,19.830275,80.0,37.0,23.0,22.0,136.67699,14.428133,0.99192506,0.99214333,7.822745,0.0,7.822745,0.0021566125,0.001380845319,0.009127728
0,5513.0,22.678368,10.737207,60.0,34.0,29.0,32.0,162.95015,26.94949,0.47393218,0.085920006,15.235020400000002,0.0,10.980116,0.001131694049,0.0006054551156,0.0051708086
0,5669.0,16.820557,10.879418,70.0,36.0,27.0,31.0,156.84003,47.841694,0.46903142,0.14212441,43.15706618,7.3750483,32.132454,0.00206497243,0.0015918829365800004,0.01405058
0,390.0,9.70318,10.958283,10.0,39.0,22.0,13.0,1206.1918,950.00494,0.97332215,0.9979641,580.15663,309.11218499999995,324.13013,0.0856740787,0.012195379281,0.033849414
0,3455.0,30.573019,9.413369,60.0,42.0,19.0,28.0,236.36888,52.59568,0.3748205,0.7248511,37.3525393,0.0,20.921831,0.00269051598,0.0014249436365,0.013801368
0,4787.0,34.797882,9.706642,60.0,45.0,20.0,31.0,226.97469,47.226017,0.10811833,0.041398805,4.489489900000001,3.2811602,19.738468,0.0018020977299999998,0.0007531208904999999,0.011624647
0,5116.0,29.716106,10.0720415,60.0,37.0,23.0,22.0,186.7109,45.261436,0.23657158,0.36266118,19.921066,0.0,19.921066,0.000578575044,0.0006670696949,0.007849734
0,2920.0,8.43669,11.234514,30.0,38.0,22.0,16.0,1322.4113,537.10925,0.11039753,0.48119462,207.5938024,147.5974143,162.49316,0.37082212600000003,0.187253518,0.11198252
0,4994.0,25.454844,10.04316,60.0,44.0,17.0,21.0,169.92981,26.3019,0.24445382,0.46040544,12.830179699999999,0.0,13.184315,0.00160017685,0.0009696038195999998,0.007209446
0,1602.0,2.1610324,12.19207,30.0,16.0,29.0,11.0,700.3739,217.17659,0.63629365,0.93969786,157.826128,71.249747,114.76265,0.196055206,0.24981779440000004,0.07190504
0,1404.0,31.580252,9.56208,30.0,34.0,27.0,15.0,944.9242,500.4928,0.77505404,0.9738738,346.67721,158.9413449,233.69293,0.08840329799999998,0.023041317890000003,0.045559663
0,5282.0,33.125175,9.470725,60.0,40.0,23.0,33.0,204.12105,33.535347,0.06463662,0.008364064,13.4909123,2.8284843000000004,15.237316,0.00162882534,0.0005238837044,0.01305547
0,2547.0,23.933687,10.179555,10.0,37.0,23.0,22.0,614.4538,267.71396,0.14469755,0.44742802,85.91498,92.67473509999999,110.95613,0.0902598896,0.03758031933,0.035103794
0,4436.0,8.699988,11.3819275,60.0,37.0,23.0,22.0,163.72462,33.381,0.58611965,0.8040312,12.301327,0.005778083,16.320238,0.000423257264,0.00028335842579999996,0.008297574
0,4269.0,34.24798,9.6088085,60.0,47.0,17.0,25.0,219.17589,86.12848,0.48405117,0.67582947,21.546463,5.4445253000000005,41.314247,0.00161988147,0.0008094491008000001,0.010663133
0,3610.0,26.839655,10.126372,30.0,35.0,22.0,25.0,1482.7377,576.09796,0.02412861,0.0511354,333.62077200000004,161.25597224,285.26636,0.4131634895,0.2374080949,0.13267699
0,4277.0,33.476982,9.436043,60.0,39.0,22.0,30.0,1668.4923,644.5885,0.042259526,0.032396864,316.946246,185.9188942,233.07516,0.38642253099999996,0.25354531830000004,0.12798667
0,4888.0,27.132952,9.88722,60.0,41.0,24.0,33.0,248.11435,31.657839,0.06373396,0.010134168,8.192243699999999,0.058666456,28.150795,0.00214177124,0.0028253007549999994,0.016566994
0,4175.0,35.820377,9.439374,60.0,47.0,19.0,24.0,122.20429,26.475866,0.07182561,0.38802874,23.342504,12.4498535,11.671252,0.0025378602739999996,0.0006593922406999999,0.0117796725
0,4437.0,27.379066,10.065006,30.0,45.0,21.0,30.0,315.09662,118.70411,0.0973,0.07390121,44.7317234,15.253023,48.547436,0.00397706995,0.0009236943622999998,0.014368776
0,3306.0,35.84313,9.521741,30.0,30.0,25.0,22.0,1992.2903,915.78735,0.09202397,0.24725978,397.25625,223.0021813,305.25275,0.416308375,0.16436930190000004,0.14479129
0,4814.0,15.721744,11.073647,60.0,37.0,23.0,22.0,319.22034,196.19705,0.51797265,0.7489128,36.9699917,23.905530999999996,30.386578,0.0,0.0,0.0
0,3957.0,29.836943,9.914828,60.0,46.0,18.0,24.0,267.57742,178.06946,0.6076736,0.8496131,66.28804910000001,19.1893615,62.76091,0.0017501630599999999,0.0007589764781999999,0.012648509
0,1297.0,22.584412,9.933124,30.0,27.0,30.0,14.0,1311.6256,908.4234,0.9633388,0.9965836,632.6534899999999,225.7821103,537.69495,0.3236724358,0.10562743645,0.113223165
0,5538.0,42.1442,9.122532,60.0,37.0,22.0,31.0,367.1591,99.657234,0.09669649,0.037257235,51.0751274,0.9146316,44.258812,0.0176579219,0.015656559890000005,0.020449804
0,1781.0,3.3847666,12.402978,40.0,28.0,25.0,13.0,569.39355,236.49936,0.6928924,0.9544804,338.78774500000003,74.69812859999999,188.17926,0.0512792337,0.02929984417,0.01788174
0,4022.0,30.926485,10.486446,30.0,37.0,20.0,28.0,525.9499,245.47522,0.04130824,0.019090192,376.7363767,71.54049269,197.72139,0.09909671519999999,0.0818311161,0.029752938
0,5161.0,31.135225,9.721037,60.0,40.0,26.0,33.0,234.07576,53.616558,0.093173526,0.0044835526,20.247422699999998,0.010699136,19.6698,0.00190544629,0.0005283095782,0.014796016
0,4805.0,38.325157,9.632039,60.0,39.0,19.0,29.0,729.7098,442.7126,0.040486842,0.0049455296,496.3282,167.9324497,280.77786,0.021392197399999997,0.0645713888,0.017500767
0,4999.0,31.611992,9.822689,60.0,43.0,21.0,32.0,305.37054,109.35857,0.20003994,0.030073589,39.4337098,5.6401884,48.010815,0.00296972742,0.0007439489489,0.0132257445
0,2568.0,13.739532,11.3592415,60.0,34.0,18.0,20.0,537.4033,237.30138,0.15538986,0.52040786,342.721447,82.6661431,187.53105,0.08948926270000002,0.05994560399999999,0.030075775
0,5323.0,36.257256,9.498991,70.0,41.0,21.0,30.0,762.7364,474.55243,0.07480497,0.028255139,362.95814,141.17813,234.0892,0.01317635654,0.03563761187000001,0.01594587
0,5620.0,24.122986,10.124183,70.0,38.0,19.0,31.0,454.41882,239.02942,0.16440718,0.028992904,92.64283,62.926274,92.64283,0.00120905892,0.009681354839190004,0.011550384
0,4434.0,30.925728,9.441686,30.0,44.0,18.0,26.0,178.20125,73.25511,0.30710033,0.5020927,20.7983486,8.873156,19.33321,0.0036915090699999997,0.0013011232415,0.012797263
0,4848.0,37.081894,9.367058,60.0,46.0,20.0,24.0,214.372,74.771126,0.21275511,0.30638397,31.419945,10.846319,27.997458,0.0027826209999999994,0.001561595907,0.0089132385
0,5758.0,20.402477,10.753902,70.0,33.0,31.0,34.0,186.0477,52.516636,0.67152995,0.086936265,10.634997,0.56425746,19.698257,0.00136596543,0.0008061745246899999,0.009867055
0,4457.0,25.345932,10.36072,60.0,40.0,18.0,30.0,548.43726,321.4101,0.042068396,0.035838712,308.79682,100.5597994,185.27809,0.0706830875,0.05997469619999999,0.032759104
0,3781.0,33.951996,10.268915,60.0,48.0,20.0,24.0,132.90735,17.302504,0.62463605,0.8141046,18.681312,0.0,11.948161,0.0027230739059999997,0.0006223269796800001,0.01308204
0,5191.0,22.636097,10.389482,70.0,38.0,23.0,33.0,315.82092,106.85734,0.02506165,0.008118513,34.922650000000004,2.94591205,69.62833,0.00767791255,0.02460555183,0.0126348715
0,4955.0,14.5128145,10.91037,60.0,48.0,21.0,27.0,185.75818,35.796215,0.2874042,0.28573185,12.7995358,0.0,21.70128,0.00046345949499999997,0.0003779289644,0.0048145754
0,4828.0,31.213688,9.851224,60.0,42.0,22.0,31.0,254.42276,43.478817,0.10011328,0.032045495,9.6150808,0.44583317,30.782196,0.0032652812800000003,0.0019650985392,0.015307756
0,5333.0,25.253994,10.365058,60.0,37.0,23.0,22.0,188.9876,43.559063,0.25910726,0.3308672,15.6794028,0.0,16.448977,0.000836683978,0.0006860755352999998,0.008065032
0,3170.0,31.665846,9.679192,30.0,41.0,19.0,17.0,821.485,409.58667,0.084546566,0.38710108,294.5829,134.724874564,193.37717,0.0775778525,0.026952741929999996,0.031813312
0,5471.0,28.941723,9.713888,70.0,42.0,21.0,29.0,450.80908,218.25012,0.46314898,0.07520004,140.12347,107.82725,107.82725,0.006784186746,0.024351546808000002,0.010451187
0,302.0,8.025521,12.519267,80.0,37.0,19.0,12.0,1105.0895,816.6515,0.9788609,0.9934764,456.11501,229.084989,333.24426,0.10774228756,0.018767002143999997,0.051540084
0,1739.0,3.7699862,12.10366,40.0,37.0,23.0,22.0,516.7708,182.15572,0.5246802,0.9602568,69.44018,48.2188694,83.84917,0.0697371159,0.030495172839999998,0.026260199
0,4878.0,9.741341,10.978199,60.0,37.0,23.0,22.0,180.5899,43.306595,0.43399388,0.6458866,19.06272,0.0,22.406742,0.000450949427,0.00043459415709999995,0.0075802226
0,2000.0,14.27689,10.479065,10.0,37.0,23.0,22.0,607.66205,243.76006,0.16860485,0.7992012,105.060905,71.6631653,114.29889,0.0909670399,0.04167331486999999,0.03518566
0,1454.0,30.274612,9.515519,30.0,38.0,24.0,16.0,962.7929,528.4582,0.58878106,0.9510791,349.53582,181.1999326,228.22543,0.10661147100000001,0.03134654578,0.035814706
0,2059.0,33.396652,10.040391,10.0,31.0,22.0,16.0,532.57306,254.6153,0.41007215,0.81142855,245.2294,97.5254284,144.9173,0.0650078382,0.03183425626,0.030304596
0,1991.0,32.19189,9.595882,10.0,32.0,23.0,15.0,1849.5543,847.56604,0.46886936,0.8927267,455.47632400000003,193.7322894,348.13574,0.3818166001,0.2183538475,0.13481751
0,3895.0,38.27017,9.303482,60.0,51.0,19.0,22.0,162.0664,41.07518,0.7825942,0.96668977,42.1656443,0.1374950405,40.610138,0.00305911378,0.0013558610596000002,0.010848578
0,5255.0,24.500029,10.287654,60.0,37.0,23.0,22.0,159.17844,38.035908,0.6587408,0.38886145,3.9679031,0.0,11.179799,0.000739710874,0.00039592194870000005,0.010726653
0,2522.0,30.195585,9.86491,10.0,36.0,25.0,18.0,885.87805,526.96985,0.08495947,0.49083692,364.46566,195.7630018,182.23283,0.08982311999999999,0.04796676659999999,0.03965675
0,5165.0,29.408092,9.868364,60.0,40.0,26.0,34.0,249.2082,67.207146,0.18560036,0.008318244,21.907533299999997,0.0,31.176744,0.0019895315199999998,0.0005293083118999999,0.015061005
0,4203.0,27.083006,9.962824,60.0,39.0,18.0,31.0,704.37103,373.4256,0.061138727,0.021807946,404.04623999999995,138.81062500000002,263.73123,0.027127359400000002,0.1193123047,0.027947413
0,5118.0,9.338109,11.5480995,60.0,37.0,23.0,22.0,332.27692,212.12346,0.60085833,0.794709,29.480968660000002,34.569766400000006,32.38665,0.0,0.0,0.0
0,5747.0,34.666496,9.556487,60.0,33.0,31.0,34.0,148.81212,27.855463,0.19298173,0.050691072,5.4095362,5.7907495,5.9404154,0.001031368759,0.0006561214034459999,0.008439645
0,1172.0,26.332405,9.981175,10.0,39.0,27.0,15.0,1321.2798,885.23755,0.90936357,0.98115,566.755857,301.42303350000003,303.21652,0.0945679832,0.0709679772,0.027372237
0,5597.0,22.347485,10.394908,70.0,40.0,23.0,30.0,390.44278,257.32144,0.37223363,0.1117504,56.69963,17.8094673,56.69963,0.00147069617,0.0024463344574999994,0.0085693775
0,4790.0,4.3009696,11.773466,60.0,37.0,28.0,23.0,148.388,13.139577,0.25944233,0.28142828,0.0,0.0,12.183421,0.000487989522,0.0006917893876,0.014134181
0,4353.0,38.81547,9.445008,60.0,41.0,16.0,29.0,434.13867,149.18515,0.06983309,0.074451536,81.908142,21.445113539999998,50.29231,0.0159733497,0.023494669120000002,0.020966925
0,5362.0,26.384867,10.067834,60.0,36.0,28.0,34.0,230.51645,104.78022,0.1165431,0.08242507,28.8125942,21.077492799999998,25.09769,0.00612801812,0.0074220865305,0.025683863
0,5161.0,27.38209,10.319053,60.0,41.0,19.0,28.0,513.6302,314.11713,0.25354573,0.032918163,155.704792,120.245635,123.84461,0.005378987619,0.02090648781878,0.007920193
0,1844.0,4.1973915,11.754834,50.0,24.0,29.0,12.0,686.1036,240.582,0.67656314,0.9669517,151.85949,71.735493,145.52254,0.203597623,0.15885932490000004,0.056404434
0,4241.0,0.12343825,20.293919,80.0,51.0,18.0,29.0,129.62488,9.172446,0.9487126,0.8752455,0.87745172,0.0,6.3458285,0.00192323979,0.0015988159989999999,0.009883898
0,5646.0,21.272095,10.03106,60.0,37.0,23.0,22.0,301.70438,186.07281,0.7443768,0.7102582,8.596865,32.1468603,26.182528,0.0,0.0,0.0
0,4578.0,34.93194,9.605762,30.0,42.0,19.0,27.0,197.83795,36.542152,0.15004987,0.2522553,36.166041,0.070414865,21.402708,0.00411419375,0.0016655055795000001,0.014779447
0,764.0,11.501222,10.815316,10.0,36.0,23.0,15.0,1230.9138,892.7914,0.9845066,0.9995892,585.486125,235.155144,499.22018,0.2171341694,0.053674389460000006,0.06858181
0,615.0,5.2883186,11.688945,30.0,31.0,22.0,12.0,1173.1412,852.0616,0.9777833,1.0,523.662861,207.04201030000002,501.4175,0.06843496260000001,0.010254409168999999,0.028505463
0,5640.0,22.032696,10.938104,60.0,36.0,26.0,31.0,172.0257,23.34648,0.30834696,0.07073159,1.9824427,0.0,21.530542,0.000759587744,0.0006270391148000002,0.0066774883
0,4308.0,41.094753,9.48758,60.0,42.0,18.0,29.0,451.8022,249.59703,0.034391087,0.027882542,318.20754,78.371905,166.83922,0.0448104825,0.049679087899999995,0.025155019
0,465.0,8.146998,10.847442,10.0,35.0,22.0,11.0,1086.4917,821.30743,0.98886496,0.9995915,489.81314999999995,266.47128916,320.37753,0.14342256990000002,0.023903657110000007,0.05981048
0,3588.0,24.942043,13.926214,60.0,36.0,23.0,23.0,1729.7076,677.60065,0.04623764,0.025504474,333.84111600000006,200.1701643,270.04745,0.392570168,0.24640079069999998,0.13101247
0,5208.0,21.749802,10.13671,60.0,37.0,23.0,22.0,167.48654,15.841001,0.7251513,0.6669418,1.9323889,0.0,13.814088,0.0005617716339999999,0.0005176636813,0.005363669
0,3637.0,29.523169,9.460391,30.0,42.0,23.0,24.0,1421.5348,533.5,0.07955453,0.16473189,373.04836,147.14946,199.84332,0.20419793440000003,0.06524763104,0.070029676
0,576.0,15.477174,10.237536,10.0,41.0,25.0,15.0,1308.5211,995.9945,0.9751345,0.995832,609.609082,324.77096190000003,341.70264,0.01064637377,0.01215648036,0.002633514
0,5186.0,30.214355,9.910634,60.0,39.0,22.0,31.0,288.05783,85.007065,0.17998567,0.041932996,51.4642293,15.7663887,34.07542,0.0031694469099999996,0.004034708127,0.012032449
0,4752.0,21.917154,10.318006,60.0,37.0,23.0,22.0,129.44592,8.736786,0.5119522,0.52316964,5.374366,0.0,7.220654,0.0023861408300000003,0.001566177489,0.009088236
0,4229.0,32.63958,9.988935,60.0,46.0,21.0,24.0,121.491,29.265575,0.6321993,0.76475036,21.450028,14.9271638,10.725014,0.001969693895,0.0005454802793,0.01139425
0,4474.0,35.140945,9.541114,60.0,48.0,16.0,26.0,203.1518,36.222076,0.24115987,0.30710703,13.18514633,0.0,24.659603,0.0014138012999999998,0.0004595214987,0.01107001
0,3183.0,4.750405,12.36968,60.0,38.0,24.0,24.0,238.84003,110.79749,0.87340987,0.8975006,51.841694,4.34027808,51.841694,0.00510115445,0.007008294350999999,0.018728187
0,4309.0,10.134481,11.691467,60.0,39.0,22.0,26.0,214.53558,89.43798,0.57245576,0.36210516,6.2253251,22.159021600000003,10.742129,0.000955402283,0.0007315026990599999,0.008096826
0,5453.0,33.53389,9.499877,70.0,38.0,25.0,34.0,264.2012,70.569145,0.017844103,0.0016703462,8.93065936,0.057828024,34.048664,0.00460575817,0.001517884519,0.015382235
0,4597.0,27.922152,10.320966,60.0,38.0,18.0,28.0,483.99524,285.1601,0.11266304,0.027409382,362.065755,121.835667,301.85556,0.022232114800000004,0.027258114610000002,0.021547679
0,5943.0,26.30978,10.005905,60.0,38.0,25.0,30.0,242.83092,123.29321,0.5998079,0.1132779,0.0,1.087795,19.290033,0.0006218156,0.000475390625061,0.012463168
0,4685.0,25.095766,10.601077,60.0,39.0,21.0,31.0,196.67783,35.660233,0.057611745,0.096917406,28.1242183,0.0,15.367599,0.005551646529999999,0.015737515234999996,0.017726839
0,1610.0,4.323424,12.14927,40.0,22.0,25.0,14.0,600.7179,227.4018,0.6810322,0.9838224,104.563324,65.8858655,59.382317,0.06626611006,0.02790096987,0.022263605
0,4177.0,28.868498,11.08517,60.0,37.0,23.0,22.0,252.83238,128.64438,0.41061576,0.57146537,35.58017,14.184081599999999,35.58017,0.0008852264460000001,0.0023928072810000004,0.0075329505
0,5023.0,27.416088,10.490451,60.0,41.0,25.0,32.0,239.47256,54.371468,0.04640962,0.0010455224,5.5757057,7.999051260000001,16.572376,0.0016983972,0.0008107467226,0.00987191
0,2714.0,13.315777,10.568304,10.0,38.0,21.0,17.0,1349.8604,512.74915,0.061350357,0.49206167,301.18186,153.37091509999996,242.4082,0.40115123500000005,0.25532465070000004,0.124762625
0,3616.0,25.773054,10.237806,50.0,37.0,23.0,22.0,509.86573,215.940125,0.41061576,0.57146537,0.0,0.0,0.0,0.0,0.0,0.0
0,1994.0,3.3879535,11.936609,10.0,26.0,27.0,12.0,769.70874,339.38538,0.48576987,0.9515985,214.59966400000002,100.48091600000001,198.5746,0.31355401899999996,0.3348170053000001,0.0959894
0,5211.0,31.926012,9.861726,60.0,39.0,20.0,30.0,506.00165,268.72235,0.06479049,0.025767285,343.48639000000003,121.33517930000001,222.37029,0.018836881810000004,0.025353502315500008,0.009696246
0,5491.0,28.278265,9.861247,70.0,40.0,23.0,36.0,299.168,93.24149,0.09455155,0.001981396,27.8190132,15.264828,26.811739,0.00160960503,0.0012475759155,0.013713059
0,2300.0,21.972084,10.113979,30.0,28.0,22.0,16.0,600.4606,231.74335,0.42467973,0.9113841,285.50804999999997,77.1697567,174.40318,0.0558136239,0.029775976760000003,0.020251187
0,4515.0,13.292923,10.592687,60.0,52.0,16.0,21.0,190.84233,46.110146,0.45641163,0.55452996,16.1068262,0.0,15.335091,0.0010786841000000001,0.0003669385071,0.007587102
0,5126.0,34.636986,9.390861,60.0,44.0,21.0,26.0,132.5498,25.830908,0.03131855,0.04590298,24.36134,8.3457319,12.18067,0.00289346507,0.0007258288167999999,0.012317727
0,4053.0,11.4516535,12.070893,60.0,44.0,21.0,28.0,273.15485,71.133644,0.23826729,0.1838108,21.201486699999997,12.4468946,23.12185,0.0017150600699999997,0.0010218524348,0.01601033
0,5283.0,33.89452,9.728793,60.0,37.0,24.0,33.0,408.4687,176.76973,0.051058307,0.02525067,84.20174,17.7904054,61.59281,0.0008837940239999999,0.009164446029040004,0.006848322
0,4974.0,5.162026,12.521124,60.0,37.0,23.0,22.0,208.45016,50.07651,0.15776347,0.10114745,1.2455171,0.0,15.066457,0.0007201162890000001,0.0006244249138,0.009898279
0,5272.0,28.044214,9.7330065,60.0,37.0,23.0,22.0,198.9827,38.497765,0.5846927,0.21435525,0.0,0.0,15.128649,0.000739633692,0.0006029969170000001,0.0045685037
0,4611.0,31.350231,9.971189,30.0,43.0,18.0,28.0,129.27003,44.514324,0.34571505,0.37871754,7.8769974000000005,4.8086631,8.596094,0.001125641711,0.00036600043782,0.0074818674
0,5347.0,13.339172,10.623081,60.0,37.0,23.0,22.0,178.28545,49.597115,0.36212778,0.38791445,16.10883,0.0,16.884857,0.000675440517,0.0004315789475999999,0.0063012354
0,5613.0,12.878005,11.395123,70.0,35.0,24.0,28.0,403.02997,262.33267,0.4551173,0.16347222,16.8869402,40.480482,15.988718,3.7027143300000002e-06,5.536445106600001e-06,5.3337953e-05
0,5120.0,26.628506,10.476139,60.0,37.0,23.0,22.0,296.8396,179.65207,0.76284283,0.8153351,6.5846897,27.4795028,24.547379,0.0,0.0,0.0
0,5705.0,29.29688,9.49127,60.0,34.0,31.0,36.0,110.35614,17.80676,0.2253351,0.058838576,8.0564486,0.93339526,6.770618,0.0016299668009999999,0.00072236222421,0.008217907
0,5471.0,15.792848,10.478322,60.0,41.0,24.0,29.0,183.4184,30.981564,0.35969475,0.13153054,8.46247036,0.0,21.55328,0.0006684043839999999,0.0006821846805000001,0.00939432
0,1349.0,27.479664,11.402357,30.0,37.0,23.0,22.0,1098.5223,509.38916,0.41115937,0.9457152,195.53932,157.482638,195.53932,0.1698764502,0.04688907328000001,0.05930037
0,5561.0,32.335648,9.52018,60.0,27.0,34.0,30.0,174.15497,54.01415,0.22361954,0.057956327,11.29678,23.883684000000002,7.9436584,0.000792761526,0.0005962075970800001,0.008388497
0,4010.0,21.296776,11.097181,30.0,39.0,19.0,26.0,735.56836,445.34744,0.07577517,0.019204712,289.57112,120.05777168,194.73318,0.007889032879999999,0.021631843584000002,0.021894088
0,5727.0,21.595087,10.34429,60.0,37.0,23.0,22.0,175.30328,24.216562,0.44186544,0.086315,4.507634,0.0,16.19319,0.0007237999949999999,0.000657327101,0.006165642
0,1672.0,8.6832695,10.8281765,10.0,25.0,29.0,15.0,499.02942,173.70415,0.56579405,0.9471449,50.87771,49.512397500000006,83.24796,0.0486348313,0.021879163920000003,0.018829351
0,4522.0,0.00015266106,19.16436,80.0,37.0,23.0,22.0,185.15196,45.50615,0.99704576,0.99727505,19.262512,0.0,19.262512,0.0004530177839999999,0.00043839153389999995,0.0047923476
0,4700.0,22.022797,10.49489,60.0,41.0,22.0,33.0,529.2971,218.20786,0.084251605,0.007666209,140.161551,53.334097,44.04965,0.0171869554,0.030226129709999997,0.023691116
0,2650.0,27.169994,9.72369,10.0,37.0,23.0,22.0,702.8462,284.8385,0.09453493,0.4748826,125.084946,64.06405600000001,158.94876,0.1132705555,0.06563485903,0.045310996
0,2545.0,33.95419,9.533381,30.0,33.0,24.0,16.0,1929.2103,875.4693,0.27202067,0.74479896,340.494221,222.87769599999996,324.3732,0.32602196040000003,0.07602304039999999,0.12052583
0,5155.0,24.896433,10.404719,60.0,37.0,23.0,22.0,123.318214,7.1592503,0.5842971,0.14672719,2.2724861,0.0,7.708946,0.00203567644,0.00087333783843,0.009661301
0,5318.0,35.0968,10.09048,60.0,35.0,26.0,29.0,140.35951,10.289092,0.71052843,0.11224159,0.0,0.0,5.618883,0.0010458397900000001,0.00149319771624,0.015066498
0,5912.0,30.697603,9.619081,60.0,36.0,28.0,33.0,198.44572,50.57065,0.5829953,0.056060296,14.93400525,0.0,22.157887,0.0014312400500000003,0.0009134416968400001,0.010258694
0,360.0,4.580168,11.595977,10.0,36.0,19.0,10.0,1119.0582,871.17224,0.98011774,0.99768424,522.64144,291.90630976,313.28384,0.059197420529999996,0.010007643349000001,0.025466474
0,5080.0,26.804682,9.95147,70.0,43.0,20.0,30.0,667.4417,449.44174,0.22081494,0.033609975,296.32679,143.538037,217.25102,0.00637610436,0.015123439852,0.017139018
0,4809.0,25.51569,10.2426,60.0,42.0,22.0,28.0,201.07198,53.916317,0.15656039,0.039500766,21.865403999999998,0.0,32.30319,0.0008829467339999999,0.0004642366628999999,0.009950259
0,3791.0,19.745255,10.787029,100.0,39.0,19.0,29.0,590.5054,349.381,0.023111807,0.012033392,389.50846,172.54520250000002,194.75423,0.0292645159,0.037118644699999995,0.028138792
0,4870.0,14.378956,10.896295,60.0,37.0,23.0,22.0,189.98222,62.878925,0.45599392,0.68848854,20.977762,6.981557779999999,20.977762,0.0002390411185,0.0003666016535,0.006425523
0,6078.0,36.637314,9.776305,70.0,41.0,21.0,28.0,234.84612,89.7051,0.7325325,0.18523179,16.5300455,10.6152673,29.10175,3.43304402e-05,0.00012959631278,0.0002784214
0,1007.0,29.697872,9.918173,30.0,34.0,28.0,16.0,1179.0815,750.3078,0.6080788,0.9825975,418.92641000000003,237.97628229999998,279.28427,0.135910018,0.028815472090000002,0.04052919
0,6032.0,29.136845,9.492333,60.0,30.0,33.0,35.0,214.44435,94.67472,0.3847711,0.043205313,2.2968318,9.2840937,13.176755,0.000241785133,0.000243040850473,0.008200337
0,3616.0,25.773054,10.237806,50.0,39.0,27.0,15.0,1460.3926,1093.1934,0.41061576,0.57146537,648.2332100000001,464.814921,335.1483,0.0202909102,0.0492787147,0.0046187337
0,4859.0,34.41124,9.55905,70.0,37.0,18.0,29.0,486.28867,193.22813,0.06464141,0.014806757,264.985108,48.37176925000001,173.59894,0.0262276279,0.15228240170000004,0.032792285
0,4983.0,16.254017,10.446772,30.0,41.0,24.0,32.0,265.9624,78.711395,0.099731386,0.0076005072,29.389499999999998,0.0777023,34.646526,0.002787725,0.0006769627963999999,0.014845348
0,2985.0,9.415136,11.585473,60.0,39.0,22.0,28.0,325.2871,81.083275,0.24567848,0.6072199,49.686884000000006,0.0,38.251987,0.026174849599999998,0.016448378790000003,0.020242114
0,526.0,10.700657,10.986673,10.0,37.0,26.0,15.0,1255.9792,960.624,0.9732962,0.996875,605.04579,318.31871349999994,292.7724,0.00845271562,0.0038959898029999993,0.0032292898
0,2085.0,28.387001,9.79671,10.0,34.0,28.0,16.0,1478.4105,850.79517,0.665538,0.9619333,501.12717,311.674257,300.9804,0.12355210080000001,0.10779571450000003,0.0606279
0,4751.0,12.601489,11.162838,60.0,48.0,17.0,23.0,195.01822,50.836113,0.4879247,0.54912025,15.541609,0.0,19.15593,0.0008447834,0.00031343897670000004,0.007280536
0,4634.0,26.064297,10.769473,60.0,37.0,23.0,22.0,185.69539,45.986813,0.78640205,0.88336205,0.0,0.0,11.238303,0.00121963081,0.0006456191209,0.0074568675
0,2978.0,27.063343,10.233278,10.0,41.0,19.0,19.0,871.82434,445.6525,0.024007585,0.2827268,338.37293999999997,136.9921592,193.69919,0.08215698989999999,0.02525235597,0.030976737
0,3638.0,11.478691,10.988067,30.0,37.0,24.0,20.0,2335.5142,1147.7555,0.04276386,0.09368096,572.9547,260.5411592,572.9547,0.42171936160000006,0.15339148839999997,0.15024704
0,5587.0,25.773054,10.524962,70.0,38.0,20.0,32.0,454.16348,238.65665,0.39630285,0.038948376,89.1312,58.668535999999996,89.1312,0.0008281354299999999,0.01251672852167,0.009896745
0,4763.0,25.04487,10.893982,100.0,43.0,24.0,31.0,317.7789,103.897964,0.12795433,0.0040806164,22.804304,18.37376798,29.463394,0.00132134764,0.00368609396767,0.014240048
0,2967.0,9.991241,11.462809,60.0,37.0,21.0,25.0,384.98364,104.61017,0.21164116,0.48855504,54.07977940000001,1.2495792,46.876305,0.0171908167,0.01896770473,0.021354321
0,4417.0,33.69053,10.143861,100.0,42.0,22.0,32.0,461.70728,246.31464,0.08741248,0.0301524,306.10784,107.364159,244.36807,0.0157821469,0.03543967891000001,0.012707882
0,1924.0,7.4220095,11.351422,40.0,27.0,25.0,13.0,795.76135,324.29538,0.40008846,0.93092674,166.6630926,102.74809526,165.38687,0.17024694469999999,0.047080692109999996,0.057219416
0,2312.0,31.920319,9.687153,30.0,33.0,26.0,17.0,653.0582,249.04776,0.81217486,0.9687386,339.70551,57.74957500000001,193.9139,0.0655139764,0.03174743202,0.020267736
0,4594.0,29.779022,10.1816,60.0,43.0,20.0,32.0,384.42654,135.37213,0.06325181,0.034787595,84.4138629,28.192065,57.49723,0.0015862295139999999,0.0018004204689000003,0.017415289
0,5489.0,20.694029,10.6413965,60.0,33.0,32.0,30.0,229.29749,108.86508,0.5832468,0.11688984,26.859927,46.0574295,11.599969,0.00105565996,0.0015296317989199999,0.012501874
0,2244.0,28.76172,9.640722,10.0,28.0,22.0,14.0,567.93335,251.04463,0.3132521,0.8603712,375.65903000000003,81.93274360000001,209.23479,0.058474954499999995,0.03304578821,0.01936712
0,3214.0,18.712427,10.302605,30.0,40.0,22.0,16.0,727.07043,339.843,0.09756818,0.3025857,397.91301,89.61069100000002,267.50906,0.0940299686,0.06171688357999999,0.025846377
0,1428.0,24.90098,9.92255,10.0,38.0,29.0,14.0,1375.1559,889.4191,0.9123023,0.9928065,520.401664,322.447098,265.20078,0.0954433408,0.0839602197,0.03775078
0,5088.0,34.493046,9.41064,60.0,41.0,22.0,29.0,233.76163,44.74802,0.020218236,0.020290153,22.3511008,0.0,28.292757,0.00338308367,0.0007957391329999997,0.013808546
0,5762.0,16.231367,11.40916,70.0,39.0,23.0,30.0,435.03152,313.82858,0.5257972,0.14626831,50.00591362,48.183851999999995,18.002018,0.000382191729,0.0004965622077199999,0.0044641984
0,5282.0,30.800587,9.534836,60.0,39.0,25.0,32.0,239.7032,142.2672,0.20639782,0.10967518,38.4554197,45.81638770000001,20.163456,0.00098179143,0.0007022658811,0.009201989
0,3879.0,37.78913,9.676062,60.0,37.0,17.0,28.0,574.94824,258.40097,0.057187237,0.03773681,362.959857,63.053528299999996,201.90663,0.0528534305,0.09485914110000002,0.034372933
0,3568.0,33.21901,9.503335,30.0,41.0,19.0,22.0,604.4752,287.38284,0.11515193,0.18389088,434.78009399999996,89.123162,250.44452,0.0937165321,0.0750515078,0.027651558
0,5469.0,24.518154,10.393995,70.0,34.0,30.0,30.0,131.1126,19.842773,0.3956031,0.12570249,19.3879824,2.124383613,11.660276,0.00234586029,0.00170571473669,0.015524994
0,5278.0,26.809528,9.774435,70.0,41.0,20.0,29.0,598.5395,368.6608,0.2420193,0.031142436,490.78058,135.941571,281.65488,0.031770639672,0.035260164084540004,0.015339548
0,3213.0,13.961515,11.285017,60.0,45.0,20.0,25.0,174.13254,67.75832,0.7436149,0.9351061,26.652835600000003,13.850328400000002,13.834396,0.00571490049,0.005130206556999999,0.014571399
0,4526.0,1.654419,18.74489,80.0,37.0,23.0,22.0,181.52634,44.706543,0.6098908,0.29819757,18.496166,0.0,18.496166,0.000205444846,0.00015383390167000003,0.0024037857
0,807.0,13.009376,10.658751,10.0,36.0,24.0,17.0,1227.8584,858.36285,0.94868827,0.99720097,507.257,198.0991707,507.257,0.1853703943,0.027697717579999993,0.07440202
0,4562.0,33.6181,9.514995,60.0,41.0,20.0,28.0,196.41531,25.273117,0.07606197,0.09306759,0.0,0.0,28.663273,0.00357085218,0.0016876568909999997,0.013214771
0,2017.0,35.944927,9.970426,30.0,37.0,21.0,16.0,534.14325,322.4283,0.22723213,0.62427413,485.89824,83.0682283,277.33337,0.0536027574,0.04240666211,0.024241267
0,2462.0,33.96482,9.729325,10.0,26.0,27.0,18.0,485.37173,138.75313,0.15713224,0.5936059,74.72855,31.332169750000002,82.54363,0.07908439085,0.03626139022,0.027502256
0,2498.0,31.562836,9.497191,10.0,37.0,23.0,22.0,694.8975,243.20558,0.078297146,0.48884213,109.96425,56.2323294,109.96425,0.1027763551,0.06013603567000001,0.038628783
0,5120.0,26.052729,9.925258,60.0,40.0,21.0,31.0,186.80513,18.253057,0.068569906,0.028552322,0.28122616,10.098852,16.241158,0.00246109522,0.005329164897,0.015169944
0,4148.0,28.080826,9.628787,60.0,39.0,18.0,28.0,540.4593,230.45882,0.055317614,0.05509087,343.674423,87.4463,145.05754,0.09083794510000001,0.055206907199999995,0.030438676
0,2325.0,35.29827,9.622267,10.0,31.0,25.0,13.0,1894.9498,867.0411,0.29848763,0.8182322,331.440665,225.13134100000002,301.50504,0.3449548614,0.08214087250000002,0.12760806
0,2447.0,32.90181,9.540301,10.0,40.0,18.0,17.0,589.4431,371.88654,0.114459604,0.6016369,433.7563,117.727531,244.54309,0.04769342706000001,0.029536657600000002,0.02865159
0,5050.0,20.604671,10.4791975,60.0,40.0,23.0,31.0,250.94164,113.07246,0.41668472,0.08236903,19.985812,3.77022851,46.867355,0.0047499562000000006,0.002638080938,0.0061495695
0,2350.0,33.000244,9.717823,10.0,34.0,23.0,16.0,697.1135,313.60507,0.09858253,0.5365551,406.61049,60.410846,266.65567,0.07981781619999999,0.03567047495999999,0.024157055
0,5716.0,26.929249,9.89944,60.0,37.0,23.0,22.0,176.01129,17.618744,0.4388255,0.11195208,0.0,0.0,10.533064,0.000785293736,0.0006216812919000001,0.004877159
0,4991.0,25.426493,10.172573,60.0,41.0,21.0,28.0,281.20734,76.46108,0.14537393,0.033823423,48.94504175,11.15634909,34.910378,0.0034595216499999997,0.0043580526299999995,0.01265772
0,3501.0,26.33605,10.648381,100.0,36.0,18.0,24.0,565.89984,268.75656,0.07998843,0.062703885,416.008379,102.6095111,260.8215,0.0748788304,0.08773150689999999,0.02709274
0,1812.0,9.744401,11.122571,10.0,30.0,25.0,12.0,628.89514,201.60548,0.6447907,0.9782333,211.704873,54.0752493,118.24121,0.079995863,0.040509272530000015,0.04217087
0,431.0,22.126871,14.0462265,10.0,39.0,28.0,15.0,1384.869,1051.5382,0.41061576,0.57146537,610.22053,408.457642,289.65405,0.01391763276,0.025110416909999995,0.003419217
0,1238.0,24.999067,10.094596,10.0,32.0,32.0,15.0,1119.2076,686.0857,0.9045053,0.9969559,419.64666,210.98256947000002,294.8306,0.13022557839999999,0.028090960170000002,0.039489202
0,4617.0,28.697573,10.375823,60.0,46.0,19.0,30.0,239.50241,59.86406,0.21411742,0.14803666,5.6214514,1.1008102,17.185314,0.0010984571299999999,0.0007171696322999999,0.0109251095
0,730.0,8.507619,11.286382,10.0,37.0,29.0,13.0,1285.4081,980.51306,0.9683255,0.99994177,529.6287130000001,347.63332699999995,286.72696,0.10575453364000001,0.018725265,0.038192037
0,4199.0,24.33845,10.583755,70.0,39.0,20.0,28.0,609.0056,291.1381,0.069619685,0.03528386,313.47425999999996,75.15668,129.885,0.056186303900000005,0.0949465368,0.026988927
0,2555.0,32.733185,9.582482,10.0,37.0,23.0,22.0,1194.1604,483.26385,0.3852437,0.7933056,118.98494,150.6451323,118.98494,0.1612898847,0.04788544860999998,0.05486261
0,4001.0,24.866854,10.529451,30.0,39.0,19.0,28.0,457.37012,237.08234,0.056599572,0.040016115,327.55458,102.1036043,172.41707,0.0102662241,0.00802173133,0.022393467
0,5027.0,17.142233,10.999977,70.0,36.0,25.0,27.0,338.68597,200.44562,0.13527595,0.02404417,17.750114,27.921629600000003,21.042347,0.000190706005,0.0003334081094600001,0.004649974
0,1048.0,23.975819,9.657827,10.0,36.0,25.0,16.0,1133.4768,682.9777,0.88336504,0.99833685,107.04752,277.39951249999996,124.777084,0.20446872877999997,0.03328753365,0.0730853
0,3318.0,25.797749,9.669565,10.0,40.0,22.0,19.0,568.7856,205.98068,0.087908626,0.24307351,121.649305,66.209837,105.38135,0.043303018310000004,0.01816578881,0.015068181
0,1592.0,2.172619,12.410123,50.0,22.0,27.0,14.0,677.04944,196.19746,0.69900995,0.9659439,151.43814999999998,69.29457099999999,131.20895,0.0797882441,0.04833334281,0.024009002
0,3987.0,16.96051,10.93605,60.0,36.0,16.0,27.0,391.84006,113.94397,0.027372107,0.020295745,115.424523,25.6513625,77.45793,0.1001284189,0.055099675099999995,0.03429492
0,4888.0,35.387997,9.82088,60.0,43.0,22.0,29.0,375.50745,172.40526,0.072183974,0.005577255,68.82054,41.596868,68.82054,0.0012888816799999999,0.004610270530439997,0.015182387
0,4596.0,29.354889,9.966522,60.0,43.0,18.0,27.0,264.0473,120.18003,0.4023274,0.13830005,26.190867400000002,32.0967932,20.349892,0.00219984318,0.0032510187245,0.018014774
0,1758.0,24.501986,10.489559,10.0,31.0,28.0,14.0,1147.5126,752.5139,0.86491054,0.980344,432.167605,272.8009284,261.75702,0.1477837812,0.035923779789999985,0.05525721
0,5932.0,37.97739,9.246719,70.0,43.0,20.0,29.0,472.94946,239.83286,0.39191416,0.078936405,312.361544,119.90769545999999,208.24103,0.0127957971,0.021299868519699994,0.009440825
0,4039.0,35.698868,9.660923,60.0,36.0,27.0,28.0,220.15608,79.004684,0.550443,0.624793,50.475308999999996,0.0,17.604015,0.0036371561499999997,0.009636983920999998,0.018188592
0,4014.0,36.718502,9.737871,30.0,38.0,19.0,29.0,652.0575,336.26694,0.07706059,0.038806487,406.87263,141.212821,262.1581,0.025040790400000002,0.13450542149999994,0.027349746
0,2160.0,27.370708,10.060474,10.0,36.0,30.0,14.0,1404.3767,874.5075,0.39904606,0.8188346,472.22814600000004,349.76056,231.51633,0.1423080794,0.0808771829,0.064170815
0,1611.0,4.323761,12.32356,10.0,24.0,29.0,15.0,614.21545,247.58305,0.70793843,0.9939587,238.335243,76.6868305,165.12822,0.201425461,0.3162705179,0.09514897
0,4111.0,28.023396,9.69018,100.0,37.0,18.0,32.0,441.7304,100.75911,0.029276947,0.020627184,124.872049,18.9393986,72.68895,0.0240107644,0.07403404100000001,0.03093814
0,1669.0,1.8564665,12.992143,50.0,37.0,23.0,22.0,501.9108,159.83305,0.5401059,0.9375972,57.967153999999994,43.136169,67.365616,0.0641386217,0.027304375479999997,0.023873195
0,2171.0,6.655248,11.382585,60.0,34.0,19.0,16.0,488.3561,214.23935,0.2506928,0.70075023,246.58245499999998,85.33837799999999,184.93684,0.0823392679,0.05610400710000001,0.032269225
0,1827.0,4.8100677,11.458623,10.0,23.0,28.0,12.0,690.972,240.21323,0.68418264,0.9657613,150.250585,73.9109346,136.00224,0.198775791,0.1521252502,0.056915957
0,4634.0,31.481274,9.588903,60.0,45.0,19.0,21.0,215.62051,79.22206,0.23848182,0.5223369,31.181883,0.36061140999999997,40.575672,0.00267363231,0.0011318172969,0.012551935
0,4429.0,11.23199,11.431848,60.0,52.0,14.0,20.0,192.07729,47.98005,0.5076932,0.62861437,15.852395,0.0,15.962627,0.001025498556,0.0003529354744999999,0.0076317987
0,5092.0,19.672722,10.311256,60.0,48.0,20.0,25.0,176.86992,29.075632,0.33276045,0.40684825,11.9651964,0.0,18.100128,0.0007052756589999999,0.0003426937584,0.0062533147
0,1992.0,24.50883,10.003217,10.0,38.0,22.0,14.0,875.9518,484.46313,0.3004262,0.857047,364.19992,183.645351,204.01918,0.14197958470000002,0.04997170473999999,0.0543491
0,5564.0,30.851274,10.067934,60.0,37.0,23.0,22.0,174.87717,24.931381,0.47436592,0.08361561,0.0,0.0,11.854819,0.000542009539,0.00054333887845,0.0056435307
0,1579.0,2.5166476,17.89711,10.0,21.0,26.0,11.0,531.7913,171.71767,0.6792911,0.7790307,125.40145000000001,61.0718553,74.48447,0.03898118559,0.0154691921,0.026213264
0,3607.0,26.649092,9.648076,30.0,41.0,19.0,21.0,546.3575,186.74019,0.09566936,0.13245489,166.02336,56.450609,124.51752,0.05581542143,0.02323523315,0.017384384
0,4195.0,5.386048,11.678522,60.0,37.0,23.0,22.0,202.54343,77.91537,0.80241024,0.9739407,17.365625,9.1355016,21.336647,0.0,0.0,0.0
0,5379.0,37.34672,9.305352,60.0,34.0,29.0,31.0,183.82568,39.412193,0.077284105,0.04146855,31.385655,0.0,16.04054,0.0025091251499999995,0.0038212344754999994,0.015150697
0,3667.0,34.18013,9.514554,60.0,47.0,19.0,25.0,166.93748,66.787506,0.2129328,0.62526023,42.202038,1.9916791,42.202038,0.00383306567,0.0015051185481999995,0.013172535
0,3855.0,39.939342,9.25217,100.0,36.0,17.0,26.0,593.47253,288.7078,0.03077218,0.021940598,394.68154,62.9956396,212.25806,0.0861629073,0.09458506970000002,0.02515068
0,5605.0,9.915768,11.327499,60.0,37.0,23.0,22.0,185.3896,52.142887,0.60748553,0.28438348,13.44817945,0.0,16.598455,0.0007527942189999999,0.0009712594378999999,0.005291555
0,2454.0,30.925587,9.865674,10.0,35.0,23.0,16.0,742.8017,335.54715,0.33491862,0.8265647,379.54687,92.0603066,259.79623,0.09751803709999998,0.07405574896,0.025573723
0,5782.0,16.281086,10.824487,70.0,37.0,23.0,22.0,163.02086,47.360355,0.35075274,0.063209854,3.4207296,0.0,9.926486,0.000989399261,0.000603227287539,0.015298764
0,3596.0,35.8819,9.747193,60.0,40.0,24.0,24.0,210.53142,71.578316,0.56460094,0.8321978,67.78061322,2.8570606,42.058365,0.00449338054,0.005826928259,0.021070618
0,4475.0,31.572554,10.17048,60.0,46.0,19.0,28.0,235.85526,56.920654,0.07982767,0.047094177,23.054539,0.2698679,18.60336,0.00065910139,0.00045352328570000006,0.013670877
0,4567.0,26.586586,10.173744,60.0,43.0,18.0,28.0,136.41838,44.227512,0.42844433,0.6445466,9.278903,2.81172808,10.966484,0.0013221183800000002,0.00046939304424,0.007394322
0,5066.0,26.913315,10.209596,70.0,40.0,23.0,32.0,370.17282,158.94316,0.2381496,0.00904183,67.73928,39.6183027,67.73928,0.00160940085,0.0035382952313999998,0.016069982
0,4532.0,1.0076226,19.614138,30.0,49.0,16.0,28.0,167.57597,14.267273,0.9102457,0.83449864,6.5705404,0.0,15.616515,0.0006153574799999999,0.0007687588975,0.006001993
0,2777.0,16.726013,11.686825,10.0,38.0,25.0,26.0,250.14511,17.850372,0.3819453,0.6868566,32.3708374,0.0,35.75215,0.0214496335,0.011394230966,0.016553102
0,5195.0,30.725763,9.976253,60.0,34.0,28.0,22.0,145.048,19.727304,0.43864048,0.45313,8.518345,0.0,13.956675,0.00229390688,0.00119226271278,0.01168496
0,4810.0,30.38531,10.205976,60.0,41.0,22.0,32.0,247.5299,49.79133,0.01589576,0.016500048,26.635542,0.2053161,30.823292,0.00310221153,0.0038698526910000003,0.013247527
0,811.0,22.412207,9.8981285,10.0,35.0,24.0,16.0,1142.3312,830.39404,0.96520144,0.99502736,496.18003,210.30987869999998,375.35175,0.0719890181,0.011481978321999998,0.027377749
0,5757.0,32.506886,9.634996,60.0,34.0,28.0,32.0,179.6077,36.67417,0.6806562,0.08022113,0.0,1.1385522,22.652302,0.000149408429,0.00022537443083,0.0058510187
0,5726.0,16.990564,10.882037,60.0,37.0,23.0,22.0,238.0371,101.03219,0.53021014,0.2856567,18.663403,16.359068,18.663403,0.0,0.0,0.0
0,289.0,1.7527137,12.784736,40.0,36.0,19.0,9.0,1066.546,806.6331,0.9752426,1.0,491.91943000000003,275.09591,253.98628,0.16170112219,0.030005623121,0.074973576
0,0.0,0.0,18.015823,50.0,36.0,22.0,8.0,993.6718,751.5389,0.41061576,0.57146537,417.27040999999997,240.788095,215.4398,0.13729420997,0.028173506129999998,0.065197885
0,3703.0,23.196732,9.909303,60.0,36.0,24.0,31.0,270.4997,53.591167,0.33413985,0.5109719,57.6856045,0.0,32.226807,0.00427153161,0.002997216258,0.015826078
0,4040.0,33.47088,9.741708,60.0,44.0,22.0,25.0,174.76666,69.453,0.3144062,0.73768955,52.021744999999996,0.0,22.301996,0.0037323291499999993,0.002389162999400001,0.014712903
0,4866.0,30.610678,9.554988,60.0,39.0,22.0,31.0,230.32005,60.558136,0.11731902,0.10907373,59.172723500000004,8.4866978,38.5602,0.004543866109999999,0.0028321889606,0.012830552
0,4971.0,22.662083,10.800474,60.0,39.0,26.0,28.0,114.640755,16.532526,0.33391485,0.06371686,8.499338999999999,1.0823866199999999,7.174143,0.00160659053,0.0007703271238299999,0.010243832
0,5051.0,18.916006,10.750222,60.0,44.0,19.0,29.0,182.38695,31.727545,0.44982362,0.31347835,12.4062036,0.0,17.683626,0.000887594455,0.0003510212463000001,0.0071475734
0,5551.0,31.943825,9.967013,70.0,35.0,28.0,31.0,151.69798,37.458736,0.38504714,0.056547992,0.783384547,10.24965158,5.8607774,0.000715738403,0.0006372725445400003,0.0101069575
0,1697.0,11.660716,10.695105,30.0,25.0,28.0,15.0,620.4422,238.24348,0.47900966,0.96367466,125.364252,63.91512399999999,72.55044,0.08044942980000001,0.03275154084,0.026457509
0,4814.0,6.8894887,11.582938,60.0,37.0,23.0,22.0,117.5077,5.5992246,0.24090086,0.363932,0.0,0.0,5.414685,0.000400369809,0.00037194622002,0.0062933504
0,5523.0,30.415657,9.681841,60.0,37.0,23.0,22.0,124.10507,4.891051,0.47395205,0.34580296,1.4894236,0.0,10.4917345,0.001032345056,0.00044558660705,0.005254529
0,364.0,4.629465,12.035987,20.0,36.0,21.0,11.0,1259.2233,1003.43726,0.97708166,0.9996698,617.6463,308.274893,336.89798,0.07447780071000001,0.010078962573999999,0.031208651
0,5070.0,13.935933,10.702432,60.0,37.0,23.0,22.0,200.41586,45.955826,0.19700786,0.0626459,16.595765999999998,2.2457693,18.520239,0.00046123498700000005,0.0005149191709999999,0.01465218
0,4573.0,29.633263,10.071728,100.0,40.0,19.0,30.0,622.4052,299.52087,0.03677553,0.008755638,188.42081399999998,67.919448,67.8571,0.015290461799999999,0.03692847979,0.023414621
0,4335.0,2.5503893,12.598108,60.0,37.0,23.0,22.0,133.5421,7.1112814,0.8660116,0.9539168,1.0932986,0.0,10.441752,0.00042883973100000004,0.0002721999259,0.0062599503
0,4446.0,33.99892,10.260948,60.0,42.0,21.0,29.0,477.16782,191.78244,0.16295399,0.04875061,91.6231635,23.5705,58.35341,0.0133086775,0.024014333239999994,0.021124905
0,4024.0,28.94822,10.231981,100.0,39.0,18.0,28.0,545.29565,219.832,0.054765396,0.017867493,283.32535,59.456880999999996,116.80842,0.0616056657,0.10314437190000002,0.02997653
0,5449.0,23.262707,10.02671,70.0,38.0,26.0,32.0,256.97388,125.23437,0.13685718,0.07214078,52.6617727,26.4567081,25.288065,0.001106086879,0.0010759201237399998,0.016136216
0,5026.0,23.91577,10.819514,60.0,39.0,23.0,30.0,243.61345,96.336815,0.4008439,0.032305237,26.7719822,31.6261939,14.279859,0.00156623271,0.0024941819819999994,0.01745933
0,5085.0,20.939852,10.191992,60.0,38.0,22.0,31.0,314.1762,72.40535,0.0491901,0.024991304,41.267795,0.0,36.46261,0.019817063,0.015395485010000003,0.01898914
0,3402.0,30.028154,10.4605665,60.0,40.0,24.0,27.0,222.15886,80.75762,0.39339352,0.6597128,47.0131858,0.0,15.658841,0.00388634009,0.008640884308999999,0.018363407
0,4056.0,14.715564,11.447582,30.0,45.0,21.0,29.0,379.44766,131.13037,0.037155613,0.07208008,40.226196,7.1990769,52.024937,0.0016313908899999998,0.003292240511,0.016737523
0,2281.0,26.892717,10.310217,10.0,31.0,25.0,15.0,640.3684,247.19872,0.1140521,0.6274477,233.20873999999998,60.261802,121.555336,0.0706662581,0.02906816168,0.021687746
0,792.0,17.522362,10.275548,10.0,42.0,25.0,15.0,1554.8588,1028.901,0.98271674,0.9904079,604.36985,380.83547799999997,335.05896,0.0787458076,0.10821290519999999,0.023062244
0,3168.0,33.237972,9.472564,10.0,42.0,20.0,19.0,666.1021,415.1803,0.31954214,0.64157635,371.35004000000004,144.92093921499998,185.78528,0.0614888683,0.033608316209999996,0.037379507
0,2821.0,33.188618,9.748922,30.0,35.0,20.0,17.0,893.5043,349.48206,0.2078514,0.5637753,161.01129,108.85997099999999,161.01129,0.18121823549999996,0.04780564294000002,0.06276709
0,4793.0,23.448906,10.698852,100.0,40.0,21.0,28.0,189.23529,89.047104,0.22802411,0.1795135,15.966194999999999,26.200471200000003,9.978922,0.004624441050000001,0.0036141632588399994,0.012351392
0,635.0,7.664093,11.756412,40.0,40.0,28.0,14.0,1415.1833,1016.07935,0.9639657,0.9927993,558.7885,399.88327169999997,256.40244,0.026085206800000003,0.0636534419,0.0060996637
0,1043.0,20.73128,10.488708,10.0,35.0,28.0,15.0,1235.2991,874.5832,0.9238324,0.9961568,457.50136399999997,310.9021584,270.20917,0.1455444911,0.035453981550000006,0.05340339
0,2547.0,30.2646,9.572917,10.0,37.0,23.0,22.0,561.7639,180.40039,0.15150969,0.6276972,104.72174,42.729764,120.13868,0.08386505779999999,0.04082162565999999,0.028915035
0,4783.0,34.50917,9.777693,60.0,34.0,27.0,28.0,170.97559,34.949234,0.33746088,0.2084254,0.0,0.0,6.51668,0.000284319378,0.0003073690097799999,0.0060904697
0,5245.0,27.987347,9.996488,60.0,37.0,23.0,22.0,157.02983,42.553013,0.5699799,0.1497115,3.4563527,0.0,9.432459,0.000853780284,0.0005358209262960001,0.01630968
0,3450.0,24.55026,10.875292,60.0,36.0,17.0,24.0,664.9376,352.204,0.04640615,0.028190982,670.39835,72.437747,389.37357,0.1054855566,0.09050144230000001,0.027168268
0,1530.0,36.63832,9.898506,10.0,32.0,22.0,16.0,1620.8029,697.7843,0.31411988,0.884249,456.88208,168.6575243,225.7708,0.33773394340000007,0.21804144420000005,0.11287413
0,2042.0,7.929964,11.39427,10.0,27.0,30.0,12.0,837.90295,355.77844,0.46297848,0.93619406,215.816074,105.854947,208.44821,0.32642365900000003,0.3189127205,0.10367518
0,3452.0,36.83608,9.403471,60.0,42.0,20.0,27.0,323.04028,108.56487,0.14482495,0.6797032,77.41443000000001,0.0,66.99835,0.007466683,0.0039980286415,0.015421736
0,3338.0,31.649275,9.462264,30.0,40.0,21.0,19.0,615.93365,299.0289,0.22309762,0.44377187,498.36441,93.826707,379.61362,0.0714123107,0.05015653602,0.021401012
0,4663.0,8.489316,11.73485,60.0,37.0,23.0,22.0,319.53387,197.22136,0.6292922,0.9091333,28.384373,31.528036,36.915337,0.0,0.0,0.0
0,5552.0,30.715578,9.64931,70.0,43.0,21.0,30.0,442.3505,219.54144,0.11863855,0.029929718,208.252993,118.10189399999999,166.4812,0.01050220789,0.030604676526,0.009999043
0,2149.0,26.926191,10.108465,30.0,28.0,23.0,15.0,612.0933,287.10052,0.2681694,0.8855405,390.956074,88.8494386,226.52577,0.0737826194,0.06989653594,0.02021193
0,2738.0,25.87818,9.716248,10.0,36.0,27.0,19.0,995.2593,606.80475,0.12614399,0.62151206,375.48064999999997,231.69319700000003,193.45015,0.14888217199999998,0.054094265860000004,0.06488133
0,5569.0,9.57403,11.689692,60.0,37.0,23.0,22.0,206.40002,54.55412,0.59452677,0.08535153,0.8269956,0.0,13.593946,0.000913786573,0.000699808781,0.005480474
0,1577.0,1.8040189,19.584457,10.0,22.0,25.0,12.0,530.21954,176.23944,0.7104352,0.701772,132.092966,65.8591345,104.66301,0.03741494504,0.01584974933,0.020631144
0,5128.0,29.146364,9.920565,60.0,41.0,23.0,33.0,266.8186,73.29151,0.05465025,0.019111153,18.998364999999996,6.1608825,39.374935,0.0052263616899999995,0.0013268681726,0.011229271
0,5485.0,27.53276,9.780284,60.0,39.0,24.0,34.0,208.4407,24.45191,0.08787948,0.03076677,4.35765604,0.0,26.296438,0.00462145802,0.0010375338565,0.014630474
0,1584.0,1.6930981,14.314326,10.0,24.0,26.0,12.0,666.27325,207.54329,0.38439158,0.5378028,130.46546,70.3734605,105.0785,0.1109686114,0.061898614610000006,0.032647047
0,1055.0,19.892628,9.961605,10.0,37.0,28.0,17.0,1117.9698,776.41235,0.9423967,0.996092,423.04310699999996,264.46450749999997,274.78583,0.14431630800000003,0.031247697470000006,0.053735983
0,4322.0,9.433681,11.910652,30.0,37.0,23.0,22.0,132.35211,10.299466,0.6285739,0.7313346,5.1067524,0.0,7.228027,0.0021395170099999996,0.0014776618190000003,0.009086933
0,5241.0,37.081318,9.493009,60.0,33.0,29.0,25.0,481.20004,363.17117,0.5103096,0.20617343,47.5244759,29.43032201,23.716988,0.004326055200000001,0.003603100443,0.013840358
0,3847.0,25.445457,10.501844,30.0,41.0,17.0,31.0,648.137,382.10388,0.07791664,0.04998661,363.53998,126.83814330000001,181.76999,0.063049305,0.03997896150000001,0.03198788
0,1641.0,14.500639,11.336518,30.0,26.0,28.0,15.0,500.0871,170.84009,0.81939,0.99012697,88.35628,56.248848,88.35628,0.03365260390000001,0.01490629325,0.013197208
0,2375.0,28.849554,9.581071,30.0,28.0,24.0,17.0,1578.9406,867.1877,0.4922885,0.8814163,299.94907,248.38584699999998,299.94907,0.3381353154,0.0594405869,0.11810559
0,694.0,13.820776,10.437527,10.0,39.0,27.0,13.0,1214.3899,924.052,0.9820435,0.9906122,627.02271,299.9716775,337.20914,0.00848198107,0.0061635753799999995,0.0024445017
0,390.0,7.5411515,12.003671,60.0,35.0,22.0,14.0,1308.8268,993.00165,0.9766207,0.9966745,489.0270439,341.25830300000007,314.63895,0.11897970459999999,0.025105885989999997,0.04771343
0,1259.0,17.057222,10.154,10.0,31.0,30.0,14.0,1247.6056,879.53314,0.9073417,0.9881869,460.75575000000003,314.4315843,271.2704,0.1489779937,0.03716114116,0.055111174
0,3778.0,25.927681,10.113857,60.0,49.0,19.0,22.0,115.98752,41.809475,0.5608717,0.8849783,12.4699425,7.5458476,6.8941407,0.0013430664829999998,0.00044568057650000003,0.011513873
0,6093.0,16.38491,10.594839,70.0,37.0,23.0,22.0,180.01956,54.758793,0.54385746,0.05331827,16.883213,0.0,26.536705,0.000724512977,0.0005311092859,0.004967559
0,4797.0,15.152056,10.326675,60.0,37.0,23.0,22.0,189.40746,55.729,0.5138195,0.79788136,24.529512455,3.9021011000000003,24.454203,0.00033542483099999995,0.0004270419220000001,0.0083387755
0,4532.0,34.443577,9.632465,60.0,39.0,20.0,34.0,625.2064,315.0541,0.07513251,0.03901219,359.661472,81.35439600000001,143.76765,0.056943402799999994,0.12343143870000002,0.025408108
0,5417.0,19.9403,10.862451,70.0,38.0,22.0,32.0,320.94238,130.6823,0.43388912,0.04315056,79.00023,66.46736,79.00023,0.00404442419,0.006645292600700001,0.017897444
0,4179.0,20.236147,9.968545,60.0,37.0,17.0,29.0,617.60785,296.14804,0.08352405,0.10218635,349.38237,54.414105000000006,279.5059,0.1285912559,0.08606876179999998,0.034267187
0,268.0,1.2672731,13.489982,40.0,37.0,24.0,7.0,1219.4276,961.35614,0.97902066,0.9963647,500.69407,341.553916,281.2306,0.20196329744,0.027863439033000006,0.09920309
0,5283.0,30.909239,10.197053,60.0,32.0,31.0,32.0,152.803,22.34016,0.50129193,0.25845045,0.0,0.0,5.568961,0.0010838719929999999,0.00114287717798,0.013607074
0,4097.0,21.186998,10.306486,60.0,42.0,19.0,28.0,206.89027,24.463629,0.21410745,0.52790445,8.5122588,0.0,26.575405,0.00360039992,0.0014246169345999997,0.013245155
0,4625.0,29.798527,9.785703,60.0,38.0,20.0,28.0,204.98192,8.563327,0.026465703,0.043999102,0.146397268,0.051556673,26.994822,0.00319406503,0.0015474194184999998,0.0145436395
0,4068.0,34.162617,9.820756,30.0,42.0,18.0,29.0,209.93611,38.38407,0.114162266,0.34282684,39.984618,0.3567944,24.857695,0.00387316895,0.0015554701797000003,0.013718591
0,4352.0,21.803574,10.837506,30.0,39.0,21.0,29.0,260.04144,85.72651,0.33474237,0.3538624,74.985887,12.25093157,52.041355,0.002009878595,0.0013828424702,0.00879746
0,1701.0,5.5870843,11.596146,40.0,22.0,29.0,14.0,578.4716,209.78809,0.65673125,0.9657509,107.252476,57.516931291999995,71.81258,0.06292733925,0.021720648930000003,0.027651753
0,4291.0,20.839268,10.768608,100.0,40.0,20.0,26.0,432.0935,214.4766,0.030097008,0.030517012,241.27232,110.4297454,128.9873,0.00822934144,0.024736838159999996,0.012336358
0,1919.0,4.418338,11.71158,40.0,25.0,29.0,12.0,688.18677,252.72986,0.6560251,0.97792304,163.64365,72.781728,163.64365,0.218010427,0.1695405491,0.055946253
0,4331.0,16.187798,10.475531,60.0,41.0,21.0,29.0,194.31056,18.87228,0.10784792,0.17477168,7.77606635,0.0,29.901726,0.00548101956,0.0010095451474999998,0.013386913
0,1881.0,3.6535172,11.592164,10.0,28.0,27.0,11.0,702.739,299.6055,0.58047545,0.97192186,222.88606800000002,80.85292899999999,180.75998,0.281056373,0.3167620358999999,0.08421346
0,1999.0,29.270382,9.706476,30.0,30.0,25.0,15.0,952.51245,305.39368,0.51849043,0.92548555,250.60882,71.30778040000001,154.61731,0.09789511323,0.02712826693,0.033320602
0,3101.0,18.955763,10.305869,10.0,37.0,19.0,18.0,1034.3771,420.22903,0.0868557,0.4014716,164.69733,132.99124099999997,164.69733,0.1848987636,0.04680292434,0.0625088
0,5036.0,21.51736,10.085953,60.0,37.0,23.0,22.0,170.31645,16.704023,0.7482776,0.7326395,1.8387045199999998,0.0,15.187055,0.0007649098999999999,0.0007658002592,0.0053176386
0,4200.0,17.144554,10.866011,60.0,37.0,18.0,31.0,485.7474,272.90488,0.055117805,0.034938537,343.737064,128.317161,301.51724,0.03587822660000001,0.038220657320000004,0.020626523
0,3842.0,37.89468,9.429024,10.0,41.0,18.0,27.0,565.66376,341.58057,0.147541,0.13342367,450.6648,100.26182740000002,241.6084,0.0566090131,0.03553526227,0.02805511
0,5283.0,27.967546,9.951971,60.0,39.0,24.0,33.0,213.68173,22.461342,0.05303572,0.020173753,0.0,0.25742707,33.523033,0.00334243518,0.0013192123121,0.015291492
0,1734.0,6.3910403,11.339057,10.0,20.0,24.0,13.0,704.08606,248.96751,0.6291125,0.98508143,197.60185399999997,68.9453607,140.5167,0.233047074,0.3290526459999998,0.10851678
0,5721.0,24.787039,9.830339,60.0,39.0,26.0,34.0,177.0613,29.362738,0.32387102,0.034481876,10.873287,0.0,21.244846,0.000498791504,0.0003864532259,0.005197248
0,3703.0,23.196732,9.909303,60.0,36.0,24.0,31.0,270.4997,53.591167,0.33413985,0.5109719,57.6856045,0.0,32.226807,0.00427153161,0.002997216258,0.015826078
0,4367.0,13.771907,10.683647,60.0,37.0,23.0,22.0,151.27849,25.765808,0.82041764,0.9365286,12.3227215,0.0,12.3227215,0.000234507984,0.0002006044727,0.010540836
0,3651.0,30.391382,9.83673,10.0,36.0,18.0,25.0,510.6537,231.0207,0.05082629,0.080567,305.511257,79.5207313,170.89944,0.07319840650000001,0.06788457319999999,0.03003977
0,4626.0,17.4471,10.93801,60.0,37.0,21.0,27.0,498.44595,116.90718,0.06667036,0.017582761,166.642353,42.4601475,71.68676,0.0200359822,0.11675608670000001,0.03682469
0,5641.0,33.250477,9.38221,70.0,28.0,34.0,30.0,142.83485,31.422148,0.36961097,0.07848738,21.484602,2.6792610999999997,21.484602,0.00141443464,0.0010868776373,0.015601323
0,3054.0,5.223512,12.052758,60.0,43.0,22.0,23.0,209.39601,76.47777,0.72789794,0.8669415,65.673993215,0.19341176300000001,52.723976,0.006483084199999999,0.007963760842499997,0.02230714
0,5581.0,27.881802,9.586741,60.0,33.0,30.0,31.0,151.11797,32.238422,0.47360933,0.06778944,18.9769504,10.685347460000001,12.928901,0.00201178184,0.00095212326722,0.008854997
0,5560.0,36.39666,9.782011,70.0,32.0,28.0,30.0,144.18408,33.530136,0.28728366,0.08975889,4.523501,0.0,29.231642,0.0035524329,0.00202997884977,0.014000274
0,2178.0,12.619902,10.410407,10.0,29.0,25.0,14.0,908.8032,345.96277,0.2667195,0.81322503,253.0534,99.35441600000001,155.97015,0.31519814290000003,0.2284515752000001,0.09879261
0,5036.0,20.867853,11.154819,100.0,39.0,24.0,31.0,233.48161,111.27961,0.37550953,0.046650514,33.29352,31.944403999999995,33.29352,0.0009500316900000001,0.00098664034855,0.018656125
0,3564.0,23.944042,10.126763,30.0,41.0,18.0,24.0,611.7688,293.18484,0.07162734,0.12646115,443.551875,88.97847300000001,255.01666,0.09493897620000001,0.0752966773,0.028116368
0,1904.0,4.709745,11.614198,40.0,25.0,29.0,13.0,713.6062,290.7193,0.43969515,0.94428766,203.878817,90.769433,165.39807,0.1382054095,0.03543721893,0.04714674
0,1580.0,1.7374729,16.942598,50.0,21.0,25.0,13.0,539.8744,181.79443,0.5977719,0.8478546,146.67463,64.1858065,76.41842,0.037550810170000004,0.014354182760000002,0.019299088
0,5798.0,19.035767,10.581232,70.0,37.0,25.0,35.0,246.25023,120.29217,0.48651576,0.14837277,34.4463416,29.232944599999996,23.610722,0.0032095388,0.0041264599499999995,0.027158968
0,4920.0,26.463793,9.905085,100.0,37.0,23.0,22.0,220.50986,96.95942,0.28069347,0.5379025,32.848076,11.978188636,32.848076,0.00048237294400000003,0.0011156536839999995,0.0076289116
0,2209.0,31.313519,10.109172,10.0,38.0,21.0,17.0,585.10895,306.11716,0.10966866,0.6555772,284.26769,106.01227600000001,170.56061,0.0548551126,0.0261929069,0.03716169
0,302.0,1.5616002,12.829009,10.0,38.0,21.0,10.0,1204.4045,946.2914,0.9765238,0.9951064,562.0496800000001,301.42677100000003,287.1755,0.18572707279999998,0.024300658769999997,0.07975414
0,6033.0,36.87374,9.268924,70.0,39.0,23.0,37.0,249.16562,121.0909,0.5357711,0.12288869,34.32656,24.7872517,45.12972,0.009204518469999999,0.0041914331595,0.0053748847
0,5838.0,27.853088,9.584486,70.0,37.0,23.0,22.0,135.52614,8.227189,0.62993926,0.04258384,1.9611119000000001,0.0,7.390975,0.00032107378299999997,0.00034794679671399997,0.0067815846
0,5339.0,31.223183,10.239282,60.0,37.0,23.0,22.0,137.04512,23.377443,0.25101626,0.024985427,0.0,0.0,7.2023983,0.00039589977299999996,0.00035602608714849996,0.008012775
0,2674.0,26.914219,10.183931,10.0,37.0,17.0,16.0,527.4408,214.14432,0.09608479,0.47404504,310.721863,71.1824297,165.92528,0.09315832019999998,0.04096594831,0.03316396
0,4908.0,22.436392,10.283293,60.0,43.0,20.0,22.0,169.45958,25.060356,0.3739226,0.5186909,11.485025,0.0,14.048585,0.001411213246,0.0008464100353000001,0.006907134
0,3844.0,35.875134,9.707712,30.0,39.0,21.0,31.0,315.9621,68.651634,0.18761256,0.20562273,48.51301944000001,0.0,40.66489,0.0243585995,0.014691597041000003,0.0163467
0,4821.0,22.822392,10.006153,60.0,43.0,24.0,30.0,203.4151,25.938456,0.06202027,0.016862797,14.089892200000001,0.050219722,30.4004,0.0037713499000000005,0.0006380503548999999,0.014795478
0,5567.0,14.028248,10.943725,70.0,36.0,25.0,27.0,249.21733,127.526146,0.68603045,0.16930613,60.679172969999996,39.27130432,34.165714,0.000426210753,0.00052610050443,0.0035026902
0,5938.0,23.777052,10.372347,60.0,37.0,23.0,22.0,247.80318,121.68962,0.49657896,0.05297954,29.10122,11.83715737,29.10122,0.000458126556,0.0007160393604,0.0064836065
0,4359.0,24.575426,9.959618,30.0,41.0,20.0,31.0,363.61908,109.26554,0.10643812,0.043549586,55.407515000000004,4.617006,43.637585,0.0098698639,0.013845285460000002,0.016269293
0,5247.0,26.998322,9.842166,60.0,40.0,26.0,36.0,281.2821,75.81011,0.06885166,0.0015998695,11.837258,10.9496641,21.741785,0.00154777943,0.0010291081658,0.016773267
0,3546.0,18.524857,10.788158,30.0,39.0,21.0,30.0,459.01016,65.51005,0.091627315,0.23595858,30.4344465,2.0740285,47.3438,0.017065290599999998,0.0696156883,0.016697634
0,4116.0,38.29184,9.854416,100.0,42.0,18.0,28.0,620.58093,396.3772,0.0932501,0.106707156,483.45938,150.26597,260.1237,0.0461534237,0.04782757679999999,0.018597689
0,2198.0,33.816612,9.603474,30.0,27.0,27.0,15.0,1381.1853,578.9675,0.53353834,0.9204161,216.99184,187.51100739999998,216.99184,0.21807011619999997,0.03413705715,0.07660745
0,3170.0,2.6338968,12.959991,80.0,38.0,24.0,24.0,216.54253,88.93598,0.83312064,0.89595014,46.88887,2.74586323,46.88887,0.0051807274100000005,0.0072159646470000005,0.019056637
0,5133.0,29.507471,9.883496,60.0,42.0,22.0,33.0,220.96565,47.995342,0.050153226,0.0013355654,4.1456344000000005,0.42521258,16.206427,0.00074617606,0.00038156998109999997,0.010711717
0,4046.0,30.101774,10.090472,60.0,50.0,18.0,22.0,150.91946,57.936794,0.4336466,0.69430166,33.9745596,19.6618957,32.649105,0.0026042112060000004,0.0008647305796,0.00936178
0,5339.0,23.345694,10.176577,70.0,39.0,25.0,33.0,247.60497,62.743126,0.036670707,0.005804098,5.565466,2.3073802,17.252438,0.0011852497289999999,0.0008383550484999999,0.013108633
0,3915.0,23.657766,10.544489,60.0,36.0,17.0,28.0,635.47394,318.9377,0.06355094,0.06378245,514.9947999999999,80.3433298,298.77576,0.099421925,0.0796736127,0.028172389
0,4185.0,26.494564,9.736611,60.0,42.0,21.0,28.0,2083.11,972.5925,0.044355273,0.055149835,401.9097,251.74805400000002,303.83038,0.4105627168,0.14687994109999997,0.13574483
0,3862.0,27.035439,9.842924,100.0,40.0,17.0,30.0,610.8671,294.42636,0.050115943,0.066090554,450.95432,87.44590400000001,252.34299,0.09733807810000002,0.07793281640000001,0.028709412
0,5432.0,34.353542,9.672102,60.0,38.0,23.0,31.0,188.16248,36.74587,0.189674,0.024105787,16.173462999999998,0.0,23.525696,0.001100986425,0.00044817674970000005,0.010143561
0,4141.0,4.1199408,12.763336,60.0,37.0,23.0,22.0,138.38335,19.915258,0.74187773,0.85050374,10.960850099999998,0.0,10.51185,0.000559594271,0.0004397758528,0.010510198
0,1219.0,36.818542,9.345818,10.0,34.0,27.0,18.0,1329.4954,990.7225,0.7363744,0.9870408,466.94212000000005,327.338299,248.3222,0.19863185472999997,0.03675024372,0.07791368
0,3892.0,27.524542,10.157828,30.0,49.0,19.0,25.0,197.95285,81.67975,0.28574505,0.60640514,21.342722,10.3308471,24.477459,0.00326194579,0.0011820587929,0.012429455
0,4495.0,32.56308,9.55266,60.0,41.0,20.0,26.0,237.7122,109.7301,0.41788423,0.5663028,88.51797590000001,4.742348544,52.786625,0.000600735958,0.0004605572341999999,0.012388361
0,2874.0,35.831314,9.47266,10.0,37.0,22.0,18.0,623.37506,299.6744,0.19961107,0.5355067,463.492004,94.399112,354.60672,0.07765766869999999,0.05346634629,0.023638962
0,5175.0,30.13336,9.796145,60.0,40.0,24.0,34.0,174.32848,26.120245,0.042443268,0.0042653526,8.4333081,1.0281708999999999,18.255547,0.00231701759,0.0008897304951000001,0.008334086
0,2766.0,36.571995,10.2037,30.0,34.0,20.0,20.0,526.5846,220.14966,0.116843544,0.3350675,278.21080600000005,85.4555818,126.08727,0.0890881764,0.057298646699999976,0.03079602
0,4328.0,3.6590285,12.502769,60.0,37.0,23.0,22.0,220.32301,101.64848,0.8908247,0.97600776,15.811028,15.573566799999998,25.73199,0.0,0.0,0.0
0,5911.0,26.08023,9.721913,60.0,37.0,23.0,22.0,130.64568,2.5193367,0.50824654,0.08898572,0.06029636,0.0,5.2646837,0.000470748294,0.0002767600153305,0.014079719
0,4877.0,39.492706,9.68635,60.0,39.0,23.0,27.0,176.27058,31.653116,0.23748082,0.10276539,8.05903735,2.2240448,8.167271,0.0025688831245,0.0581858614344,0.0058444655
0,3375.0,40.675663,9.209063,30.0,43.0,17.0,23.0,476.07147,274.1081,0.14791276,0.34210342,414.11828,66.419832,263.55145,0.0568147243,0.04884068410000001,0.024062851
0,5630.0,29.675097,10.030084,70.0,27.0,37.0,33.0,162.56949,45.542015,0.13777238,0.020326413,0.24929081,1.4787353200000002,7.202378,0.000290439473,0.000313646636757,0.0046583153
0,3681.0,30.510279,10.4495125,60.0,42.0,20.0,25.0,225.34442,67.977745,0.49601194,0.72591925,61.3564533,4.59935974,37.212563,0.0036387916899999996,0.0016994217575000002,0.011993143
0,4133.0,28.9599,9.5498705,100.0,42.0,18.0,31.0,483.3658,204.24051,0.048937213,0.043664094,234.05471,84.979955,175.54103,0.08904935010000001,0.05483474169999999,0.033584964
0,5112.0,18.58745,11.087896,100.0,38.0,27.0,27.0,127.891716,24.4766,0.5416015,0.13457514,8.371894,2.9053343,8.7427845,0.000893186335,0.00040852151303,0.00852799
0,5195.0,26.655643,9.993349,60.0,37.0,23.0,22.0,177.52817,32.388603,0.0762996,0.019754956,5.962150500000001,0.0,15.3739,0.0007805773740000001,0.001113902019,0.012568183
0,4831.0,33.154408,10.066418,70.0,40.0,19.0,29.0,499.47812,266.2264,0.061407834,0.035853382,469.29953,103.97801405999999,310.2151,0.01220178811,0.013929703288000002,0.016022397
0,1911.0,15.132598,10.708906,10.0,25.0,22.0,13.0,769.95526,228.29836,0.38114455,0.9110424,201.624417,56.075683,102.82113,0.1762069534,0.094557165,0.056447547
0,5227.0,24.949543,10.435434,60.0,39.0,23.0,34.0,271.537,72.94423,0.07293116,0.00020128848,10.9948942,9.886576,20.14865,0.00139801315,0.0008974101339999999,0.015047417
0,3841.0,29.302744,9.56583,60.0,40.0,19.0,25.0,600.02216,284.24213,0.12302399,0.12554409,497.2427467,90.36768047999999,263.12457,0.0713177135,0.04914182362000002,0.022072937
0,3534.0,29.83888,9.999221,30.0,41.0,21.0,20.0,696.6277,291.1498,0.19262144,0.23075244,334.52507,82.33661,259.32117,0.0934038917,0.05539228064,0.02517963
0,5294.0,23.616663,11.183243,60.0,32.0,31.0,25.0,153.5238,21.417318,0.4024705,0.1059492,0.0,0.0,10.459457,0.00123861003,0.0006638134795929999,0.008711106
0,5960.0,30.79454,9.744803,70.0,33.0,28.0,30.0,176.09013,60.075596,0.7541024,0.055653013,7.730924,0.0,11.156625,0.001171010016,0.0006999406431869999,0.014873509
0,2575.0,17.31991,10.381982,10.0,35.0,23.0,16.0,1066.1711,428.59412,0.102415696,0.58294064,211.880773,132.925875,201.57045,0.35426556200000003,0.23430791079999996,0.101213776
0,4084.0,26.502428,9.897259,30.0,38.0,19.0,27.0,509.07776,227.24107,0.06536903,0.07360447,306.957082,82.1567998,151.59235,0.0768758064,0.0697117764,0.031191217
0,4340.0,36.807022,9.614161,60.0,42.0,22.0,25.0,140.07332,17.785612,0.29176468,0.51043206,9.25314,0.0,8.239841,0.0028110226799999997,0.00146571234628,0.009533943
0,5426.0,18.348185,10.719139,60.0,37.0,23.0,22.0,128.78221,8.57041,0.49065503,0.03513623,6.3345423,0.0,6.758455,0.0024053314,0.0015876267879999996,0.008694465
0,3416.0,10.633921,10.823181,30.0,34.0,23.0,21.0,1520.9259,620.0718,0.016023764,0.18380474,287.238136,205.732751,254.35231,0.2898111976,0.10557475399999997,0.09137828
0,4812.0,26.230143,9.856076,60.0,37.0,26.0,27.0,163.2793,34.99345,0.2975014,0.3009705,0.0,0.0,6.311758,0.001412400605,0.00146353594776,0.014056915
0,2434.0,27.795786,10.255332,30.0,27.0,25.0,17.0,618.57764,242.00003,0.09961821,0.47987923,104.565913,61.09886099999999,132.42406,0.08014156035,0.03556210640999999,0.0292504
0,3108.0,41.97636,9.462416,10.0,39.0,17.0,20.0,592.1472,379.72067,0.19452788,0.4155413,478.32693,121.1960627,258.0964,0.04749434879999999,0.03439052705,0.021442538
0,4623.0,26.138433,10.953537,100.0,40.0,20.0,28.0,420.0122,156.11981,0.03002623,0.009786715,65.223224,16.304564,56.138546,0.00584029642,0.00986855532,0.016060507
0,4869.0,26.454239,10.341426,60.0,44.0,22.0,31.0,236.84003,52.499023,0.12342265,0.009631256,5.275180499999999,3.349716923,18.59606,0.0019015498800000002,0.0007839877761000001,0.014263754
0,4170.0,3.491524,12.564709,60.0,37.0,23.0,22.0,200.58095,78.23892,0.77722013,0.9521092,17.526346,9.9427615,18.863073,0.0,0.0,0.0
0,1793.0,4.2711005,11.697514,10.0,37.0,23.0,22.0,517.1011,189.81038,0.4398733,0.9433328,69.23137,52.577216,78.66952,0.06992141677000001,0.030750632549999997,0.026586607
0,770.0,12.86934,10.4507265,10.0,35.0,23.0,15.0,1221.717,894.63965,0.9536197,0.99622005,607.3472399999999,245.70808950000003,473.2288,0.16955027439999998,0.03399859585,0.053749513
0,5079.0,17.898102,10.604724,100.0,40.0,21.0,26.0,155.92566,32.196327,0.48231626,0.34735054,2.9902225,0.0,17.90658,0.00137327202,0.00074247457188,0.010857545
0,5317.0,23.075315,9.831725,60.0,37.0,23.0,22.0,171.81552,24.049707,0.47096345,0.5266735,2.349226,0.0,9.628127,0.000389120295,0.00040096356659999994,0.004361506
0,5937.0,29.205261,9.752195,70.0,37.0,23.0,22.0,248.91399,108.37089,0.570212,0.12134141,21.029827,26.1512597,27.210695,0.000239329611,0.0009811969875000001,0.0010535668
0,297.0,1.3201549,12.838052,40.0,38.0,21.0,10.0,1219.1691,959.31744,0.9819952,0.9990019,569.6124,301.81296100000003,285.35184,0.19468690296000002,0.024908923943999992,0.085267805
0,5420.0,33.26454,9.873219,60.0,40.0,19.0,29.0,460.01938,230.85063,0.36567417,0.05150518,117.738721,89.081024,107.19614,0.005460652839999999,0.017286287238000006,0.014113098
0,6187.0,45.340805,9.515418,70.0,43.0,20.0,32.0,208.6597,67.8972,0.3966699,0.20695326,10.7893254,6.0064958,27.12154,0.000420494055,0.0011513386438999997,0.0074176895
0,4120.0,22.59486,10.978595,60.0,43.0,19.0,23.0,193.73892,83.875336,0.5973202,0.65257156,9.58652924,19.9379569,11.799663,0.003758969869999999,0.004376096823499999,0.021456767
0,2451.0,29.035067,9.729102,10.0,31.0,28.0,15.0,482.1852,141.70285,0.22354266,0.7314791,59.818126,47.8283941,56.269733,0.07587458399999998,0.031868689089999985,0.025729613
0,4095.0,37.005592,9.62808,60.0,47.0,18.0,22.0,202.5878,71.89235,0.41815418,0.79714084,36.388290999999995,0.6666945799999999,30.799572,0.00270688751,0.0011503108512,0.012472167
0,3062.0,25.708603,9.903289,10.0,38.0,29.0,19.0,1012.59827,574.57745,0.05682377,0.36317918,386.27318,217.4970327,223.9025,0.1544677786,0.06848340870000001,0.059485026
0,4182.0,24.243275,9.891474,30.0,40.0,23.0,32.0,295.53067,56.140717,0.17953093,0.23782103,35.783696500000005,0.0,34.437576,0.015248775,0.012638291560000004,0.01784595
0,5179.0,27.475798,9.561872,60.0,40.0,23.0,33.0,237.10326,56.317627,0.011525752,8.797938e-05,17.9767986,0.22593503,17.264763,0.0006684789749999999,0.0004462627923,0.013707594
0,1863.0,27.091784,10.1044,30.0,34.0,24.0,14.0,758.2037,456.71484,0.60663915,0.9634838,337.21603000000005,185.17589400000003,188.26802,0.0777619584,0.029796281629999997,0.040810917
0,5418.0,24.711359,9.755345,60.0,37.0,23.0,22.0,201.36948,47.098392,0.2907128,0.048799086,21.22947047,0.0,20.992113,0.000243629095,0.0003111948211,0.00895883
0,4522.0,0.0016823835,20.41901,80.0,37.0,23.0,22.0,174.37268,40.289833,0.9991793,0.9947475,16.6462716,0.0,15.937054,0.000771186544,0.0006676015033999999,0.004232871
0,4423.0,28.853056,10.035528,100.0,42.0,20.0,30.0,635.3998,359.225,0.03561155,0.022330973,245.88184,102.39580155000002,178.3463,0.0032388610599999998,0.00567730493,0.025750702
0,4163.0,13.04827,11.369955,60.0,43.0,23.0,24.0,135.1793,8.988205,0.8630067,0.91937745,9.073117,0.0,7.91569,0.0024492379199999997,0.00123069962237,0.01099256
0,4982.0,25.41063,10.81514,70.0,39.0,22.0,30.0,386.9269,158.7682,0.015113629,0.0065267086,47.386198,7.4883788,60.635555,0.002295388974,0.006015759980200001,0.00821508
0,2780.0,33.806145,9.5583105,10.0,38.0,26.0,19.0,2288.8672,1126.8369,0.11120396,0.43609235,579.6783,255.45797799999997,579.6783,0.40861681040000003,0.16324201160000004,0.15342817
0,4486.0,15.589941,10.711692,60.0,37.0,23.0,22.0,123.269554,5.084061,0.7973147,0.9096308,1.1926959,0.0,9.361013,0.00042901632299999996,0.000260635966,0.005887339
0,3330.0,33.90334,9.597958,10.0,35.0,20.0,22.0,590.79785,236.25443,0.06889384,0.104354806,215.14506,70.65648300000001,208.40712,0.06525314128999998,0.025830826929999995,0.02238586
0,4756.0,30.095816,10.029107,60.0,39.0,23.0,31.0,210.89316,39.81381,0.12660334,0.13190517,17.9039788,0.0,17.30588,0.0031759627000000003,0.009409914167,0.016167117
0,5092.0,13.244458,10.914269,60.0,37.0,23.0,22.0,163.86328,16.319593,0.5456225,0.5556946,0.04670227,0.0,18.52032,0.0005355347249999999,0.00034611443519999997,0.005994174
0,1998.0,33.167755,9.61053,30.0,37.0,23.0,22.0,1081.4271,506.04764,0.29734486,0.8600098,153.53288,155.754122,153.53288,0.1725974406,0.045235712100000006,0.060948793
0,4792.0,32.4334,9.889065,60.0,43.0,22.0,29.0,191.54515,33.332188,0.08070294,0.040598042,14.091285,0.0,22.253922,0.00139415026,0.0005290763866000001,0.011603779
0,4833.0,13.539352,11.668338,60.0,37.0,23.0,22.0,170.18831,31.23718,0.59050894,0.6172867,3.372719,0.0,14.820587,0.000930101754,0.0008118154092000002,0.005786768
0,2295.0,10.67701,10.763374,30.0,34.0,27.0,12.0,1053.8435,419.1023,0.17947303,0.76801205,223.598216,140.0270746,219.47688,0.32415725100000004,0.24751269709999998,0.08919017
0,332.0,1.8903927,12.249521,20.0,36.0,19.0,10.0,1085.2181,827.0354,0.9860689,0.9929725,490.84716000000003,256.1171312,297.34006,0.17090289403,0.027427106983999992,0.07921706
0,4963.0,28.73889,9.994678,60.0,37.0,23.0,22.0,136.93832,15.510039,0.5167202,0.66493326,10.247777,0.0,10.247777,0.00123059425,0.0009678565889999998,0.009672394
0,5409.0,29.873106,10.1658,60.0,32.0,32.0,33.0,167.19252,53.04955,0.31266403,0.036054432,3.5423837,23.7350181,7.6008863,0.0009240502759999999,0.0007322899830099999,0.011990151
0,4446.0,20.676388,10.690695,60.0,41.0,21.0,29.0,184.92497,14.895597,0.11913244,0.07628976,0.0,0.0,26.242695,0.00361230218,0.0015738273268,0.012490741
0,6153.0,28.423409,9.847757,70.0,37.0,23.0,22.0,266.20285,136.96722,0.43575358,0.1452308,25.3589219,29.246896739999997,17.830088,0.0001199235743,0.000126119149389,0.0009452632
0,1942.0,26.368412,10.200438,30.0,32.0,25.0,15.0,888.1967,240.41692,0.48710582,0.904704,204.77846,53.1780873,125.73162,0.08436140527,0.028629903050000002,0.032190833
0,5689.0,28.51908,10.542192,70.0,36.0,28.0,35.0,236.88792,104.26969,0.2356662,0.083516136,4.884311,16.4310249,10.511705,0.001410673313,0.00151637431363,0.009564469
0,5360.0,27.15526,9.822994,60.0,37.0,23.0,22.0,206.86331,48.05032,0.17883825,0.011300272,16.4883376,0.0,17.240564,0.0005276348899999999,0.0005655548457999998,0.015311254
0,5336.0,32.083797,9.477042,60.0,38.0,24.0,33.0,459.04538,214.08183,0.024289053,0.013351485,120.965483,34.21850588,68.98205,0.0006996767900000001,0.007058694648459998,0.010334211
0,1367.0,38.947296,9.851522,10.0,34.0,29.0,15.0,1339.5537,1000.76416,0.65738344,0.955704,485.1969,349.89891800000004,291.11813,0.1415502103,0.029767982609999997,0.048754428
0,3373.0,28.625278,9.652389,60.0,33.0,20.0,24.0,418.05084,128.21237,0.063590206,0.13580947,118.769185,31.4248574,86.17961,0.11579679970000001,0.0492893927,0.03204831
0,4359.0,4.618731,12.6670885,80.0,37.0,27.0,27.0,154.36696,16.365492,0.57968867,0.70371825,0.0,0.0,6.1350956,0.00033977369,0.00037748283336999996,0.011130715
0,6055.0,33.12308,9.841065,70.0,37.0,23.0,22.0,166.61406,52.76762,0.2931313,0.121027045,3.6825364,24.3288914,7.4347677,0.00096450897,0.00076855032088,0.012074844
0,4636.0,24.902634,10.018937,30.0,41.0,22.0,33.0,318.1073,68.97975,0.038960397,0.030945916,50.001795959999995,0.0,40.218704,0.0240064637,0.014676200299999997,0.016118309
0,1576.0,1.4351325,19.217682,80.0,29.0,28.0,14.0,511.52243,175.17136,0.63312584,0.5170499,115.01325,57.4451253,115.01325,0.03315922973,0.01583247565,0.012719748
0,5708.0,23.803633,10.053156,70.0,37.0,23.0,22.0,234.566,89.69851,0.45385155,0.12632446,5.0908375,6.222970050000001,12.924407,0.0,0.0,0.0
0,3024.0,30.879023,9.612291,10.0,41.0,19.0,19.0,600.59753,381.85934,0.07440962,0.23995355,547.5542,107.1935546,278.30475,0.04953818769999999,0.03169104500999999,0.02580692
0,4465.0,14.955389,10.994364,60.0,37.0,23.0,22.0,120.75223,4.1572556,0.75387573,0.8363815,1.52195398,0.0,9.630159,0.00101968775,0.00042690908584999996,0.004417532
0,3479.0,28.073114,10.101387,100.0,32.0,20.0,23.0,494.63602,152.16711,0.049990475,0.083990276,152.4702,42.335331,111.358925,0.09994246030000001,0.03737066185,0.030602824
0,1042.0,19.5281,10.522992,10.0,39.0,29.0,16.0,1271.5256,894.6006,0.9100036,0.98622334,470.29127250000005,334.09079235999997,264.63718,0.12301596499999999,0.0405452127,0.047215644
0,5537.0,26.470001,10.535464,70.0,31.0,31.0,33.0,337.02863,193.59776,0.4734815,0.06523021,5.5284936,19.15136554,14.006053,1.9479391999999997e-05,2.0988893371699998e-05,0.00012970698
0,5460.0,28.601015,9.845774,60.0,40.0,24.0,33.0,196.8839,63.100227,0.36865374,0.06001099,12.437560999999999,0.0,23.78999,0.00087204228,0.0004081015253000001,0.0065153795
0,2596.0,34.15321,9.653424,10.0,37.0,23.0,22.0,768.37103,347.91214,0.025308434,0.395146,92.3759,113.11447000000001,116.88877,0.1233477316,0.045503259680000005,0.049370825
0,5100.0,26.982172,9.823822,60.0,40.0,25.0,32.0,316.63586,102.99454,0.02262144,0.00015943959,17.383139449999998,18.31677991,27.806646,0.00156183686,0.0007997664274,0.016992994
0,630.0,11.745019,10.805565,10.0,37.0,27.0,14.0,1209.3972,924.3073,0.97113335,0.9940892,631.70912,299.32448999999997,352.14212,0.007560744070000001,0.00409195036,0.0024797989
0,3451.0,10.1204195,12.095712,60.0,45.0,20.0,26.0,176.5238,73.25901,0.8076114,0.8960208,81.906851,1.24796336,57.079098,0.0033189875100000004,0.00262534087873,0.010690117
0,4387.0,27.221405,10.301693,60.0,37.0,23.0,22.0,214.24268,71.93278,0.7284411,0.84364426,0.68414343,0.0,16.05262,0.000853028883,0.0005011141805500001,0.007208513
0,4391.0,32.06104,9.855011,30.0,40.0,18.0,33.0,408.48306,117.89386,0.07120628,0.08423548,47.5633213,0.0,59.446457,0.018316994899999998,0.01417479923,0.016755207
0,3453.0,35.642296,9.854563,10.0,37.0,18.0,24.0,461.69952,161.30203,0.049836952,0.071683474,163.275436,21.8797283,113.88311,0.041878156,0.10824241679999998,0.027065102
0,5449.0,30.282951,9.611741,60.0,40.0,24.0,34.0,234.02388,29.311304,0.15310499,0.02585714,0.0,0.15601406,35.35342,0.0033336653,0.00137748939116,0.015460941
0,3505.0,3.711106,12.485959,80.0,39.0,28.0,22.0,251.985,62.114674,0.24346237,0.51329523,24.909857,7.193249,25.941565,0.00631372636,0.0014494998183999998,0.015570631
0,5417.0,36.084686,9.351647,60.0,31.0,33.0,28.0,249.16234,107.3274,0.3927637,0.10322706,35.642883,11.6985174,35.642883,0.00207218976,0.005035460851500001,0.013799716
0,3266.0,28.394852,10.270263,60.0,47.0,19.0,22.0,174.10132,98.63779,0.80579096,0.9103916,61.096105,16.980870399999997,50.86426,0.0025761736400000002,0.0008412885026999999,0.01294176
0,3189.0,26.2739,10.169236,10.0,38.0,24.0,19.0,555.2667,185.06963,0.12864149,0.27382746,165.84682,54.529324,165.84682,0.05473615207,0.020674300270000005,0.019333657
0,5996.0,22.708176,9.871229,60.0,37.0,23.0,22.0,181.03271,20.49252,0.57934034,0.047361586,0.0,0.0,12.9499655,0.000728068633,0.00062293143679,0.006191729
0,4030.0,28.915821,9.522832,30.0,39.0,22.0,35.0,251.20067,33.50586,0.090268746,0.28911427,36.9739792,0.0,29.156775,0.0054421430800000005,0.0035977143079999998,0.015535071
0,3616.0,25.773054,10.237806,50.0,37.0,23.0,22.0,509.86573,215.940125,0.41061576,0.57146537,0.0,0.0,0.0,0.0,0.0,0.0
0,4076.0,31.286966,10.245759,30.0,41.0,20.0,27.0,231.478,94.434746,0.12342915,0.30054215,57.032353,0.0,44.34719,0.00422362932,0.0016720301385999999,0.011531057
0,297.0,1.9185132,12.451336,50.0,41.0,20.0,9.0,1091.495,825.20087,0.96744055,0.9990098,514.7406,292.67851199999996,285.967,0.12517355075,0.020257087264,0.055079084
0,4799.0,33.4948,9.825657,60.0,47.0,18.0,30.0,237.17502,57.50504,0.019035965,0.01018545,21.324352100000002,0.28696707,18.381203,0.000716592734,0.0004949716656,0.013578425
0,3160.0,28.705404,9.894924,30.0,35.0,22.0,20.0,1524.9417,628.7085,0.1001865,0.26116586,400.46084,156.8123592,195.09697,0.2969934344,0.13761743559999998,0.10026888
0,2292.0,28.82377,10.145527,30.0,37.0,23.0,22.0,529.93243,157.1821,0.18331222,0.7253861,84.97846,38.360648000000005,91.4445,0.08304041609,0.03964454446,0.028613446
0,561.0,19.91621,10.133526,30.0,38.0,24.0,17.0,1322.832,1056.0936,0.98909754,0.99555707,573.52886,348.26036849999997,286.76443,0.06887590327,0.013617485660000001,0.029869141
0,5409.0,27.421059,10.04094,60.0,33.0,33.0,31.0,195.13055,76.58873,0.31860325,0.054054715,0.7405655,2.46026073,11.773969,0.000246937177,0.00023292118273439996,0.008577568
0,3616.0,25.773054,10.237806,50.0,37.0,23.0,22.0,509.86573,215.940125,0.41061576,0.57146537,0.0,0.0,0.0,0.0,0.0,0.0
0,2107.0,32.182083,9.572451,30.0,26.0,29.0,16.0,1141.6954,534.3862,0.49251938,0.91905564,209.3748,157.740766,209.3748,0.16868947039999999,0.04338104847000001,0.05790836
0,2892.0,26.209328,9.724445,10.0,37.0,23.0,17.0,637.7834,369.8353,0.34213513,0.74610245,327.85636999999997,130.087422,185.7238,0.0626568213,0.02565817182,0.04250729
0,3957.0,32.71966,9.616937,30.0,35.0,18.0,26.0,662.1113,367.98007,0.0770777,0.043400053,599.1513199999999,75.6221131,331.12405,0.10840394069999998,0.0861087767,0.027525786
0,5302.0,29.47029,9.907456,60.0,41.0,22.0,31.0,173.4261,22.929415,0.03631028,0.011206038,5.0218776,0.0,20.130077,0.0019380451,0.0005256208675,0.009281752
0,4138.0,2.5560033,13.051813,60.0,37.0,23.0,22.0,176.03505,42.811527,0.69583374,0.8418913,26.900322,0.0,15.236269,0.00065160868,0.00045626002469999997,0.009607472
0,4175.0,35.18163,9.553534,60.0,41.0,21.0,25.0,205.8346,73.73573,0.17464831,0.5731542,51.1687805,1.44681472,27.962383,0.00604979299,0.007525927265000002,0.021624247
0,4089.0,19.700764,10.208569,30.0,40.0,22.0,28.0,1766.9415,778.3157,0.015000471,0.06654842,318.95038,248.80728969999998,318.95038,0.2949175873,0.07917679339999999,0.09918941
0,5900.0,18.020031,10.579349,70.0,37.0,23.0,22.0,179.1875,54.8435,0.4554192,0.026807228,16.860008,0.0,26.802744,0.000754670548,0.0005413593857,0.004835842
0,5727.0,38.954094,9.415525,60.0,29.0,33.0,33.0,188.14659,52.474064,0.10905978,0.06530751,0.0,0.0,6.8874793,0.00044289538,0.00046464796301000003,0.0034663056
0,5378.0,33.380295,9.806455,60.0,29.0,33.0,30.0,116.88024,1.4187139,0.16021934,0.02432178,0.0,0.0,5.792406,0.00103776069,0.00081148712806,0.010388002
0,4751.0,27.008152,9.898425,70.0,39.0,18.0,29.0,406.04736,65.13434,0.05081948,0.019053776,80.405985,4.57918814,38.546417,0.025235478199999994,0.0518491601,0.025140468
0,4388.0,31.361042,9.999821,60.0,40.0,19.0,28.0,266.07755,110.477394,0.3272792,0.40695435,77.98111949999999,25.3035102,49.897816,0.0033320132799999997,0.0022431781335999997,0.010680899
0,5023.0,19.51892,11.169344,60.0,37.0,23.0,22.0,166.20424,18.939829,0.49453524,0.5240064,4.298147,0.0,15.908682,0.000700738128,0.0004873805997,0.0050329547
0,2992.0,32.447464,9.77386,10.0,38.0,23.0,18.0,1841.7424,795.213,0.13467696,0.31205457,380.35300659999996,196.24374619999998,375.81406,0.40362706290000006,0.22585318560000003,0.1387942
0,4548.0,34.553196,10.050506,60.0,44.0,21.0,32.0,438.0905,205.83809,0.023125488,0.0026399295,126.420892,41.865917,77.98766,0.00512404634,0.020843906650000004,0.020242589
0,2631.0,24.715624,9.620725,30.0,35.0,27.0,18.0,731.5509,462.58954,0.18683071,0.7671181,382.21536000000003,165.9355564,275.53958,0.07210527979999999,0.03098037356,0.050162457
0,2734.0,30.348595,10.5585785,30.0,37.0,27.0,24.0,761.508,478.97818,0.28449368,0.691055,418.37817,171.250898,251.0269,0.08889349569999999,0.056372773400000006,0.04244457
0,5305.0,35.81635,9.32938,60.0,35.0,27.0,36.0,221.12958,78.115486,0.16717781,0.12665509,35.4051294,0.0,37.357456,0.0037559041699999998,0.0014566190080999998,0.010806734
0,618.0,7.0529327,11.240353,10.0,34.0,23.0,12.0,1138.8578,841.4997,0.9573016,0.9873455,515.86547,327.9383844,426.38885,0.09191569793999999,0.015365409899999998,0.025775347
0,3616.0,25.773054,10.237806,50.0,37.0,23.0,22.0,509.86573,215.940125,0.41061576,0.57146537,0.0,0.0,0.0,0.0,0.0,0.0
0,1292.0,13.127792,11.114714,40.0,34.0,27.0,16.0,1495.3131,884.5412,0.9513365,0.99078774,404.99036,248.2867293,404.99036,0.348010475,0.0611271099,0.1062775
0,5166.0,14.465913,11.146334,60.0,37.0,23.0,22.0,168.24835,15.010228,0.6536207,0.56977654,0.29297763,0.0,11.469602,0.000408422201,0.0004773122014,0.0062898663
0,4508.0,39.345127,9.221304,60.0,45.0,19.0,26.0,192.64537,28.721222,0.20995176,0.315652,7.31713228,0.53523684,22.564674,0.0032268010300000004,0.0006314823645000001,0.011478059
0,2446.0,38.939995,9.691351,10.0,40.0,18.0,19.0,644.5597,408.0817,0.108562894,0.44361967,695.95643,90.238525,349.40173,0.0499446673,0.03646048721,0.023106659
0,3616.0,36.969555,9.507835,10.0,38.0,18.0,24.0,511.8271,221.1895,0.1771266,0.2458394,292.852672,77.00291500000002,149.73363,0.08594550000000001,0.060695515099999986,0.030770186
0,4949.0,33.449825,9.5148325,70.0,41.0,21.0,27.0,503.33005,265.0843,0.054605827,0.033396136,438.69245,104.196977,254.98798,0.015598214439999999,0.020247377255999992,0.014101454
0,4831.0,28.178518,10.091426,60.0,42.0,23.0,33.0,177.34558,13.507731,0.027043967,0.02373011,8.61510393,0.0,28.13891,0.00457054754,0.0009893562886099999,0.011339453
0,4499.0,32.211433,10.228269,100.0,41.0,18.0,32.0,475.22092,261.10147,0.17472565,0.062092025,351.903815,109.153807,300.17245,0.0398197252,0.037416097870000005,0.021661008
0,5301.0,32.27902,9.590919,60.0,38.0,26.0,34.0,250.92194,59.718258,0.046144884,0.0024244222,13.3207164,1.7055777,35.469383,0.00505166727,0.0012022887312999999,0.012597891
0,1451.0,23.668766,9.96462,10.0,39.0,27.0,15.0,1353.8368,918.6256,0.7429493,0.9788252,543.512865,325.75281,278.92554,0.08281017480000001,0.0745658463,0.028595192
0,2533.0,29.483711,10.14588,30.0,35.0,17.0,20.0,491.10544,211.78477,0.16279925,0.5424312,228.394027,93.96568599999999,171.29552,0.08386784409999999,0.055486578099999996,0.032187086
0,4102.0,28.229488,10.484927,30.0,40.0,19.0,32.0,723.4312,375.17587,0.034263283,0.0154350875,231.523765,85.114263,90.332275,0.0183865324,0.04701517663,0.021800503
0,3920.0,23.02626,10.478969,60.0,43.0,22.0,25.0,106.20651,21.54433,0.6370287,0.79081196,16.9554531,6.65812035,8.365591,0.00285359449,0.0015419068157000002,0.013473982
0,3485.0,34.947857,10.34434,10.0,40.0,19.0,25.0,782.2105,453.803,0.071958296,0.07052946,540.4039700000001,142.56744,313.77032,0.0263315494,0.1090032871,0.02438384
0,1326.0,18.341406,10.910863,10.0,33.0,31.0,17.0,1136.0378,781.0509,0.76142156,0.9787151,433.00288800000004,272.48670519999996,261.82224,0.15646290510000005,0.036091028709999994,0.061178155
0,5176.0,14.279192,10.708688,60.0,37.0,23.0,22.0,176.96078,42.01077,0.5150257,0.5386881,2.6408644,0.0,14.993332,0.0008452293809999999,0.0008327446972,0.005904548
0,4239.0,30.184088,10.080599,60.0,41.0,20.0,28.0,142.69135,11.3413925,0.1939342,0.22128361,9.0525314,0.0,18.774694,0.00285053548,0.0006613963331000001,0.011136885
0,0.0,0.0,19.794426,0.0,37.0,23.0,22.0,314.87454,190.71642,0.41061576,0.57146537,47.3487398,18.7217567,39.739483,0.0,0.0,0.0
0,4059.0,34.756798,9.660867,30.0,39.0,23.0,34.0,637.5081,330.5071,0.13896056,0.14747515,164.22366,78.630279,82.23698,0.019026749949999998,0.03479530742,0.016095579
0,4199.0,1.9733697,12.842311,60.0,37.0,23.0,22.0,191.89032,32.673046,0.7034919,0.9131338,7.916285,0.0,12.334057,0.0012213883999999998,0.0011105141068999999,0.008010609
0,4459.0,34.745655,9.918251,60.0,41.0,20.0,27.0,165.92795,15.16538,0.058490135,0.078231774,7.5871976,0.0,14.759253,0.00290798849,0.00083713799686,0.011858429
0,5262.0,24.438824,10.191831,60.0,33.0,30.0,28.0,178.2295,35.486095,0.21771266,0.033186957,0.048120227,1.9406786,20.965406,0.00014589306999999999,0.00019672696511,0.0050251763
0,4095.0,34.01929,9.762156,30.0,43.0,18.0,26.0,202.52336,9.459109,0.059319593,0.21884339,0.0,0.06524874,27.6826,0.00329700742,0.0016200948639999999,0.013606631
0,5039.0,31.511848,9.477083,60.0,37.0,25.0,33.0,242.82033,28.016222,0.019422447,0.01684497,5.2704315,0.0,25.329433,0.0027185517900000004,0.0024201740110000006,0.01511109
0,5393.0,16.460928,10.868814,60.0,37.0,23.0,22.0,180.49387,52.71522,0.2133307,0.14064099,11.8700698,2.61537455,15.468151,0.000393078253,0.00034292983209999997,0.0056010755
0,4025.0,24.853127,10.694179,100.0,40.0,19.0,31.0,417.2407,81.83754,0.017629396,0.02006725,101.7849287,25.92246945,39.66976,0.013717131000000002,0.019851604039999998,0.023131043
0,4623.0,34.215424,9.609361,60.0,43.0,21.0,31.0,216.06456,37.20013,0.041167423,0.007079807,13.3323938,0.059440564,22.101332,0.00490338253,0.0010634372989000002,0.014777278
0,1919.0,6.49844,12.253365,40.0,30.0,26.0,14.0,666.30145,220.37057,0.47842592,0.9311745,221.04255799999999,64.11047772,145.1543,0.08324610019999999,0.03173551977,0.02683441
0,5188.0,14.167766,11.105405,60.0,37.0,23.0,22.0,200.30765,46.19784,0.20724371,0.17719181,15.043189,0.0,20.642788,0.000517074359,0.0004907748992,0.0101778265
0,4700.0,30.926655,10.051592,60.0,43.0,24.0,31.0,314.56134,104.198586,0.043633785,0.0036912982,49.5585,33.87348,49.5585,0.0044575754,0.0017982337072999996,0.01811425
0,3962.0,27.350674,10.612421,60.0,44.0,18.0,27.0,157.51921,25.335306,0.2557634,0.47605446,13.260653999999999,0.0,14.662362,0.00232308571,0.0008085587605999999,0.010946907
0,1964.0,33.31122,9.89166,10.0,38.0,29.0,16.0,1255.8938,792.4102,0.3263933,0.86784184,466.53592000000003,317.0003135,218.72542,0.12117289710000001,0.1087004872,0.050803572
0,3963.0,23.181044,10.174919,30.0,39.0,20.0,21.0,1235.1417,464.59604,0.020669393,0.087689735,254.24689986,164.4000981,254.0714,0.1828186564,0.03839906703000001,0.06339885
0,3947.0,23.718174,11.182012,80.0,41.0,22.0,26.0,152.2283,39.66465,0.63252556,0.72820026,25.521717,9.93461628,25.521717,0.00210161178,0.0015237565516850002,0.0136004295
0,3939.0,8.728085,11.347019,30.0,44.0,20.0,32.0,399.27847,166.20949,0.06407071,0.057311933,117.576315,48.339521700000006,74.15925,0.00412500103,0.012030120215,0.014025659
0,4200.0,1.387599,12.790781,60.0,37.0,23.0,22.0,195.04684,72.952934,0.80295855,0.9616922,18.446138,8.4291975,21.611319,0.0,0.0,0.0
0,4854.0,15.40447,11.09115,70.0,42.0,20.0,27.0,182.44087,35.090656,0.39752373,0.12723036,7.942487099999999,1.2409208,8.591371,0.001277745725,0.027916363697999994,0.0033882975
0,5585.0,34.60283,9.480543,60.0,37.0,23.0,22.0,198.36092,46.561604,0.06873834,0.008505954,22.162914,0.0,22.162914,0.000685637182,0.0006499280221999998,0.008870914
0,5324.0,24.049694,10.636714,60.0,28.0,34.0,31.0,168.1444,49.405293,0.1700997,0.06786343,11.717075,2.068760012,11.717075,0.0011262841299999999,0.0008538089343960001,0.01213355
0,3616.0,25.773054,10.237806,50.0,37.0,23.0,22.0,509.86573,215.940125,0.41061576,0.57146537,0.0,0.0,0.0,0.0,0.0,0.0
0,3719.0,34.41766,9.920069,100.0,38.0,17.0,27.0,513.1866,214.47705,0.042766508,0.006141015,297.8967851,48.187658199999994,157.49858,0.082765226,0.1071740677,0.028751606
0,5029.0,7.0743337,11.4491,60.0,40.0,24.0,30.0,136.38753,30.869986,0.17007732,0.068800494,0.0,0.0,7.681748,0.000292405104,0.000259465627096,0.009577548
0,5387.0,21.198704,10.623553,60.0,38.0,20.0,29.0,367.10437,176.47446,0.28653198,0.033707477,124.956726,107.717735,124.956726,0.00499816156,0.013390531827000004,0.016000802
0,4258.0,28.23218,9.656978,60.0,39.0,22.0,32.0,252.98291,43.522015,0.23609994,0.28052354,47.828925000000005,0.0,35.48754,0.00619253752,0.0038178446560000003,0.016385486
0,4187.0,28.233587,9.762327,60.0,45.0,18.0,24.0,184.43854,110.7087,0.551282,0.6925202,25.43474737,19.9966158,22.868307,0.000916116739,0.0003257337708,0.010773168
0,618.0,15.100026,10.01866,10.0,34.0,22.0,13.0,1163.1923,876.72784,0.98104423,0.9998473,523.24031,299.41669646,384.7144,0.09594278639,0.015517702199999997,0.029874004
0,3924.0,29.058758,9.521491,60.0,44.0,20.0,25.0,125.991135,65.06728,0.47581944,0.855409,47.304726,14.1155431,23.652363,0.001805006392,0.00050608390329,0.012960202
0,5399.0,19.464258,10.695512,70.0,39.0,21.0,34.0,267.33945,134.5873,0.4570088,0.06250351,53.9736592,25.4290241,26.241734,0.000951952684,0.0010570102436,0.016457574
0,4434.0,16.507328,11.110768,60.0,39.0,16.0,28.0,469.28098,255.95363,0.054582458,0.052119207,346.740695,105.3747483,294.36926,0.0376830627,0.043761613500000004,0.02077746
0,1477.0,33.34123,9.443828,10.0,32.0,30.0,14.0,1278.9282,909.01514,0.46349502,0.9214566,459.13472,288.73637500000007,277.00308,0.18283715079999996,0.03698878693,0.07062628
0,1618.0,20.801706,10.193946,30.0,38.0,22.0,14.0,1017.89886,561.06226,0.5295105,0.93629146,360.28566,226.316259,205.87752,0.11394485460000002,0.053587994750000006,0.04970844
0,4398.0,11.792768,10.759889,60.0,37.0,23.0,22.0,259.53604,122.806854,0.74006665,0.9237421,28.066057,21.03239124,28.066057,0.0,0.0,0.0
0,4272.0,29.809172,9.689855,100.0,42.0,17.0,33.0,589.5849,345.68262,0.060035195,0.030058047,375.41584,109.76835299999999,187.70792,0.0605657966,0.039097844910000006,0.030378267
0,5271.0,21.423384,10.325243,60.0,37.0,23.0,22.0,168.03201,27.76394,0.6851954,0.1995738,3.0630977,0.0,8.262941,0.0006474544420000001,0.00034809179489999996,0.005634831
0,5328.0,30.07998,9.832012,70.0,39.0,24.0,32.0,216.64322,29.25646,0.03189269,0.022267396,6.908107900000001,0.0,27.198877,0.00406289808,0.0010102047162999998,0.012756041
0,5222.0,16.210585,10.339687,60.0,37.0,23.0,22.0,282.23972,154.67635,0.55853385,0.75102127,27.104376,26.5462862,47.982754,0.0,0.0,0.0
0,5302.0,30.02201,9.986367,60.0,36.0,24.0,28.0,219.81935,54.539024,0.20215341,0.027065977,19.256546,0.16521907,19.256546,0.000612391767,0.0004673394937000001,0.014122886
0,4808.0,4.445418,11.850649,60.0,37.0,23.0,22.0,280.16306,155.64644,0.3620584,0.64589846,39.921954400000004,18.1573464,35.383724,0.0008787169399999999,0.0020557879440000005,0.008059166
0,5366.0,11.030775,11.485216,100.0,32.0,33.0,31.0,180.09576,62.54466,0.5155647,0.06389745,15.644012,0.0,15.644012,0.0016676826560000002,0.0008097682584449,0.011378885
0,610.0,11.14754,11.243058,40.0,32.0,23.0,17.0,1180.9088,841.3602,0.95437855,0.99686426,578.5541800000001,210.85467035,482.12848,0.1341346244,0.022213783280000007,0.04182237
0,5089.0,36.58946,9.387906,60.0,37.0,23.0,22.0,182.92938,45.51173,0.34660187,0.45690036,4.274907,0.0,11.795857,0.0007889261949999999,0.0006193173221999998,0.008305862
0,1348.0,27.593777,10.054563,30.0,26.0,34.0,16.0,1342.368,913.521,0.7132399,0.9808491,579.04387,238.537144,472.2666,0.3250788331000001,0.10328572678000003,0.1123202
0,5074.0,28.984438,9.679623,60.0,38.0,25.0,34.0,185.9562,14.698206,0.09334266,0.009041798,0.0,0.01981159,26.571314,0.0034991677199999994,0.0016390990214000002,0.011674398
0,4589.0,6.7751145,11.523096,60.0,37.0,23.0,22.0,205.63759,80.08236,0.6820333,0.93712646,22.924809,9.900532,22.924809,0.000316259311,0.00031602717920000003,0.008901473
0,4061.0,32.46606,9.67199,60.0,45.0,19.0,28.0,192.53706,20.223005,0.33785677,0.49068123,13.5387295,0.0,31.20652,0.0033988418700000005,0.0005345518495999999,0.012513877
0,2906.0,7.968859,11.641153,60.0,39.0,23.0,26.0,328.32635,82.5287,0.177677,0.55462784,50.2974998,0.0,38.60511,0.0254849323,0.016485677890000005,0.020518336
0,3197.0,22.519613,10.270533,10.0,33.0,19.0,18.0,508.36584,161.40144,0.08981006,0.16894929,169.457604,52.23374,156.7167,0.09176806970000001,0.038295183370000006,0.028812805
0,5811.0,32.689056,9.661066,60.0,37.0,23.0,22.0,158.7253,43.579937,0.57150763,0.08513907,1.7677765,0.0,9.187637,0.001142484822,0.0007017147825449999,0.015406988
0,5109.0,29.42234,10.165445,60.0,41.0,23.0,26.0,199.6677,49.01641,0.18699749,0.04371781,5.9262477,0.0,19.057104,0.000462081862,0.00028420692199999996,0.008965432
0,5123.0,27.904839,10.038387,60.0,37.0,23.0,22.0,195.34843,49.579525,0.0887825,0.018832989,21.559914,0.0,21.966686,0.000530685106,0.0020264637512999997,0.005031702
0,5308.0,24.677221,9.828357,100.0,37.0,23.0,22.0,212.7009,66.89939,0.6911606,0.7436199,13.731494,6.7179908,15.144878,0.0,0.0,0.0
0,4727.0,34.684093,10.113387,60.0,43.0,21.0,22.0,131.82089,7.6376357,0.3572992,0.6260989,8.901258819999999,0.0,8.726405,0.0024625176,0.00127019531008,0.011716949
0,3479.0,26.985184,9.786158,60.0,43.0,19.0,27.0,193.4905,26.645462,0.53465694,0.8139447,3.568773,0.0,21.372532,0.00446574235,0.0017682198414999998,0.015621436
0,4446.0,21.05117,10.615174,60.0,50.0,16.0,24.0,195.0563,48.67622,0.40505433,0.5396474,17.487234,0.0,17.487234,0.000790400265,0.0003054443399,0.006878522
0,4525.0,24.193998,10.223621,100.0,44.0,21.0,30.0,273.1004,54.065968,0.014280086,0.0069518923,7.38946748,0.826421497,24.956537,0.0014880860899999999,0.002728595669,0.016572554
0,4733.0,30.47234,9.685532,60.0,42.0,20.0,31.0,317.67697,79.96187,0.031699527,0.017699644,29.314724000000002,6.2829346,31.319601,0.000901623206,0.013824245566599998,0.007808226
0,4063.0,25.489388,9.917108,30.0,39.0,19.0,28.0,852.4056,506.6399,0.06523538,0.020477232,520.28559,150.610708,346.85706,0.024595275299999997,0.11342684589999996,0.027439527
0,3896.0,26.034964,9.888851,30.0,41.0,22.0,34.0,460.4094,33.903557,0.019176662,0.03687101,45.86329287,1.9141655,45.67637,0.0231972613,0.04804105420000001,0.019982865
0,2440.0,27.881695,10.008837,30.0,36.0,30.0,19.0,805.89233,505.83008,0.43817577,0.85678214,402.92152999999996,181.52139799999998,224.40543,0.0895708843,0.055470557000000004,0.043124307
0,4114.0,33.349377,9.858246,60.0,41.0,20.0,32.0,261.30466,36.695496,0.056466896,0.10175369,17.1542091,0.097824074,30.895588,0.0032057664800000003,0.004092160965000001,0.017541047
