is_flood,dem,slope,twi,landcover,soil_sand,soil_clay,soil_cfvo,rain_annual_norm,rain_monsoon_norm,snow_winter,snow_spring,hand,rain_event_7d,rain_antecedent_30d,rain_max_daily,runoff_event_7d,runoff_antecedent_30d,runoff_max_daily
1,225.0,2.2263346,12.564232,30.0,26.0,29.0,4.0,758.7072,590.1402,0.5238915,0.5933692,186.26378,287.12183,129.45541,287.12183,0.124679774,0.0166512,0.07791845
1,1580.0,3.0890574,16.161627,10.0,22.0,27.0,12.0,559.70874,185.00237,0.6100764,0.613804,0.22788318,124.63642,55.520817,96.0479,0.04636866,0.01710075,0.0356433
1,1560.0,27.515896,9.963961,10.0,31.0,27.0,15.0,1677.3243,974.0253,0.43751553,0.9635974,603.3602,741.0233,266.94562,478.019,0.33761948,0.12259737,0.12845539
1,1594.0,2.8869412,14.801539,10.0,20.0,25.0,13.0,690.48413,246.19579,0.6356646,0.91598433,5.953643,211.54507,84.23686,167.02135,0.13982691,0.16690885,0.04544036
1,578.0,10.813863,10.91533,40.0,30.0,22.0,14.0,1169.8822,845.06366,0.9907115,0.99664503,97.217094,522.24994,205.17937,391.68747,0.098477006,0.01601011,0.037829548
1,1472.0,27.565216,9.798842,10.0,39.0,24.0,17.0,1278.4735,742.0467,0.85160834,0.9828301,319.96524,200.87674,230.47736,200.87674,0.21269411,0.024658771,0.0778727
1,301.0,1.6857455,13.23571,80.0,35.0,19.0,9.0,1127.3914,875.8567,0.95638007,0.99872285,3.725388,534.4011,290.54068,325.5908,0.1600388,0.021593394,0.06721496
1,217.0,2.333649,13.651885,40.0,25.0,28.0,5.0,732.4531,512.1067,0.97832745,0.9985953,239.96333,0.0,164.8347,138.26543,0.17563881,0.0149452705,0.0906412
1,574.0,4.5384326,11.657358,40.0,31.0,21.0,9.0,1115.2186,807.89514,0.96447814,0.9847589,66.898186,533.45825,266.65338,444.54855,0.092238255,0.0153677035,0.02592201
1,1581.0,3.1701586,17.62093,40.0,24.0,25.0,12.0,657.7577,201.50522,0.57319665,0.6227501,0.29537404,141.00198,66.544044,136.00043,0.084537886,0.03699576,0.037326507
1,230.0,2.588919,12.741919,40.0,36.0,23.0,7.0,978.7936,692.39294,0.98421586,0.99524665,4.4542603,107.81139,228.74309,107.81139,0.11575753,0.021702787,0.06678534
1,1794.0,5.030601,11.430193,30.0,22.0,30.0,14.0,676.2778,267.66766,0.6305473,0.976807,70.36588,200.87555,76.559746,160.50496,0.09786601,0.025550036,0.03277845
1,219.0,1.7710178,13.70889,40.0,28.0,29.0,4.0,777.2801,548.0837,0.9890708,0.99940294,0.5986175,0.0,150.78471,200.75935,0.19069175,0.018700868,0.09106689
1,226.0,2.0740926,12.917348,40.0,27.0,28.0,2.0,764.40326,584.9979,0.982824,0.9998591,2.9743967,265.74155,140.9119,265.74155,0.12752776,0.015367788,0.07848713
1,1691.0,23.141129,10.20319,30.0,36.0,24.0,23.0,1195.2163,657.0832,0.8226184,0.97621644,622.47424,110.69194,283.3305,110.69194,0.12119386,0.033917245,0.050966866
1,852.0,17.893972,9.936115,10.0,37.0,25.0,16.0,1300.8597,1012.30035,0.96099097,0.99787617,247.30797,583.6328,342.0307,309.00494,0.07484946,0.0132394945,0.028045753
1,1324.0,39.486725,9.591898,10.0,31.0,27.0,15.0,1550.2319,954.7273,0.9299521,0.9974956,678.5275,671.8621,261.6654,437.11163,0.33604026,0.109334104,0.12435783
1,0.0,0.0,20.289639,0.0,38.0,28.0,15.0,1465.5354,1113.1138,0.5238915,0.5933692,0.08996977,640.7671,444.94043,360.57056,0.016894963,0.03929062,0.0040446017
1,1518.0,26.28345,10.025742,10.0,26.0,31.0,14.0,1555.1144,967.4131,0.85779095,0.97512317,584.4576,678.2306,254.50592,572.3889,0.34782854,0.13183065,0.12162864
1,233.0,2.2358694,12.906175,40.0,35.0,24.0,6.0,848.8608,592.619,0.9632769,0.98853993,2.2199051,93.09325,152.41644,110.64544,0.14660552,0.01829042,0.08126668
1,399.0,4.587053,12.087616,40.0,36.0,22.0,10.0,1300.5896,1036.2518,0.9787583,0.9935065,15.142547,592.5741,334.60815,303.1585,0.07038927,0.012114228,0.030575166
1,224.0,2.118263,12.730768,40.0,27.0,27.0,2.0,743.3051,571.76935,0.98469126,0.9975142,47.50286,259.50012,133.99529,259.50012,0.12880911,0.014472291,0.07808628
1,622.0,19.841345,10.095843,10.0,34.0,22.0,19.0,1134.8628,802.7846,0.9710341,0.98347116,193.2376,255.80658,205.07587,255.80658,0.07189596,0.013066264,0.0344845
1,1580.0,2.7222114,17.350851,40.0,22.0,27.0,10.0,562.7471,179.62527,0.6606076,0.840806,0.10289608,128.58614,50.532856,91.41052,0.042818055,0.016485207,0.032158136
1,267.0,1.3221375,12.865736,40.0,33.0,22.0,6.0,1098.7961,830.75745,0.9812522,0.9998248,6.093045,479.7613,293.04526,288.94125,0.14851463,0.022520324,0.071382664
1,1588.0,1.5734906,18.894962,40.0,19.0,27.0,13.0,598.49207,216.04175,0.78949803,0.94597846,0.06711406,228.29431,65.18025,142.3038,0.17078838,0.28313136,0.0903724
1,1581.0,2.2800622,18.122871,40.0,24.0,27.0,11.0,635.13824,223.38815,0.32213345,0.17134586,0.119758956,159.94278,62.30041,123.91883,0.0620292,0.02183396,0.034268104
1,253.0,1.2035351,14.013965,10.0,37.0,21.0,5.0,1110.7916,847.713,0.9728782,0.997775,0.70868826,412.55164,263.69424,214.5256,0.17583689,0.028390825,0.09540859
1,479.0,21.16456,10.185926,10.0,28.0,19.0,17.0,1114.6116,777.9183,0.97823733,0.99594414,91.85438,162.97832,206.58289,162.97832,0.06645765,0.011616029,0.03049527
1,244.0,1.9170636,12.649849,40.0,37.0,24.0,6.0,895.44745,672.5163,0.9730566,1.0,5.781977,294.43643,181.66812,294.43643,0.12436065,0.020031204,0.081642315
1,230.0,2.423816,12.43561,20.0,34.0,24.0,10.0,865.243,605.0098,0.9871285,0.9831646,13.873007,0.0,203.59534,168.33167,0.1870496,0.032833874,0.09850575
1,1580.0,1.7105645,19.108313,40.0,24.0,25.0,11.0,649.635,196.65794,0.60101134,0.722104,0.018167593,142.30847,63.26768,140.29213,0.07663711,0.0345657,0.033197094
1,358.0,3.897274,12.303681,80.0,23.0,19.0,9.0,1161.2072,797.9968,0.9877935,0.99513954,5.5302887,136.79218,231.0274,136.79218,0.08557997,0.014735881,0.02841427
1,251.0,1.8663366,12.732751,40.0,37.0,24.0,5.0,887.21936,631.51337,0.98991024,0.9981808,12.421752,94.981514,177.1907,101.80091,0.13625155,0.019368052,0.07956119
1,344.0,3.8287277,13.839428,80.0,36.0,24.0,23.0,1175.7803,807.52203,0.9983211,0.9985109,0.67876863,144.11943,258.22073,144.11943,0.11797436,0.026144344,0.036812082
1,225.0,2.153148,12.575655,10.0,33.0,28.0,2.0,817.26843,576.4581,0.98440033,1.0,1.5457735,0.0,162.79358,202.93205,0.18669203,0.021085065,0.09262268
1,698.0,10.587737,11.109864,10.0,36.0,23.0,15.0,1222.505,858.49164,0.99097586,0.9984076,39.140648,582.05804,196.95776,577.19446,0.22644202,0.035087857,0.08573586
1,2161.0,28.68141,9.635916,30.0,28.0,26.0,15.0,1149.5414,551.1914,0.16740948,0.7942812,574.6229,280.20306,182.49397,280.20306,0.18189383,0.04131864,0.06516689
1,359.0,8.576086,13.053486,80.0,35.0,22.0,17.0,1134.8658,837.29803,0.9645242,0.99614394,12.600615,508.58258,249.86523,394.08978,0.10847252,0.019239636,0.04390379
1,1906.0,32.32455,9.422857,10.0,31.0,20.0,15.0,1566.4529,617.107,0.3799509,0.89445996,404.08392,370.97934,149.01825,206.65639,0.3244964,0.21561337,0.10571099
1,807.0,11.915299,11.190561,60.0,38.0,27.0,14.0,1195.8513,867.5555,0.97054464,0.99931806,43.633255,440.70078,290.28494,265.31076,0.1293138,0.028101029,0.04514515
1,1576.0,28.724506,9.93171,10.0,31.0,32.0,16.0,1277.534,890.435,0.6992193,0.9498039,233.1517,452.32346,299.756,274.77814,0.15744512,0.03419042,0.05726858
1,718.0,19.189575,9.99015,20.0,39.0,27.0,15.0,1252.2594,950.21515,0.96261376,1.0,179.74973,603.32263,321.85944,283.57147,0.008964979,0.00805481,0.0025894484
1,1609.0,23.025818,10.41767,10.0,32.0,31.0,14.0,1066.0255,651.18195,0.8082699,0.9605716,81.5983,424.66953,223.07033,240.85837,0.17148829,0.057497032,0.05771806
1,859.0,33.61044,9.408508,10.0,35.0,28.0,17.0,1268.0656,814.6219,0.929871,0.9872885,311.21387,428.52777,229.8084,281.24942,0.2096517,0.052980877,0.06803347
1,1175.0,23.178638,10.023922,10.0,40.0,20.0,16.0,698.58136,396.74356,0.9531146,0.9925897,216.24088,310.73682,145.51208,173.4448,0.07820833,0.02790486,0.04034392
1,227.0,2.4071631,12.608712,40.0,29.0,27.0,2.0,767.10297,581.185,0.9836415,1.0,3.2310922,255.60904,140.36145,255.60904,0.12854664,0.013721202,0.07642079
1,216.0,0.49655956,18.700264,40.0,30.0,29.0,6.0,854.2545,595.402,0.9849354,0.99298334,0.5497757,0.0,204.27112,164.18436,0.19488917,0.034356866,0.10056753
1,236.0,1.3571696,13.478458,40.0,37.0,21.0,3.0,958.69934,737.6304,0.9756313,0.9974033,1.443929,318.57178,234.68677,168.41353,0.1371916,0.025205074,0.0866074
1,236.0,2.0655105,12.715608,40.0,36.0,25.0,4.0,850.939,634.70654,0.96344906,1.0,1.5966356,264.9547,161.49928,264.9547,0.12429401,0.017653452,0.078631654
1,271.0,2.595955,12.2476635,10.0,38.0,21.0,6.0,951.94006,699.9878,0.9832521,0.99692684,10.059257,187.17812,205.19916,187.17812,0.1309568,0.020873632,0.08262324
1,353.0,4.940772,12.329256,40.0,36.0,24.0,23.0,1144.7542,789.7981,0.94798905,0.98674375,8.902938,131.21912,254.59045,131.21912,0.11986554,0.023921376,0.03507491
1,1580.0,2.686747,17.40054,40.0,22.0,27.0,10.0,577.47705,185.86263,0.6252866,0.7745097,0.09721098,134.80904,51.735176,96.48684,0.04622534,0.01781957,0.030701196
1,272.0,2.0579169,12.978039,40.0,37.0,22.0,5.0,948.43787,688.55865,0.96887785,0.98867744,1.5920023,140.5443,220.57166,140.5443,0.13358775,0.021399433,0.08346957
1,1547.0,37.484856,12.339217,10.0,32.0,28.0,15.0,1328.0791,984.26495,0.72741747,0.96415234,569.67163,480.02206,341.4213,288.01324,0.14927511,0.03147493,0.05312612
1,511.0,9.775452,13.765179,80.0,37.0,26.0,18.0,1364.9838,934.1045,0.75715667,0.95132667,24.199678,525.82416,263.52707,288.7829,0.2951635,0.07756384,0.101090446
1,369.0,4.8482256,11.659296,40.0,33.0,26.0,11.0,1090.2263,750.6592,0.96691877,0.9878307,23.34442,106.46385,244.2089,106.46385,0.12047283,0.02493794,0.04518916
1,243.0,2.2193756,12.382611,10.0,36.0,25.0,5.0,864.8497,609.0533,0.9708012,0.9950263,5.2729387,86.75483,161.47789,109.68441,0.13975865,0.018740905,0.079543434
1,240.0,1.3568518,13.925714,40.0,34.0,22.0,3.0,1044.9164,808.3029,0.98757696,0.9910735,1.8916807,365.8788,262.70728,182.9394,0.16550456,0.027882282,0.098747745
1,588.0,7.51506,11.659863,40.0,40.0,27.0,14.0,1220.1736,926.2907,0.9727859,1.0,14.91948,629.7549,303.65308,314.20416,0.009104028,0.0077641923,0.0025486522
1,220.0,1.9900978,13.266231,40.0,20.0,32.0,6.0,712.5122,503.26782,0.97500205,1.0,1.9963373,0.0,154.40645,123.74589,0.19747779,0.01696997,0.0968307
1,1742.0,13.110304,11.076651,30.0,26.0,27.0,14.0,717.3382,295.5049,0.9582991,0.985597,105.8404,313.9974,85.15331,220.03479,0.122486286,0.14065361,0.039082535
1,1493.0,33.422024,9.501882,10.0,35.0,27.0,16.0,1326.2523,1008.04926,0.8628635,0.99516624,783.8303,466.36282,340.43134,275.13474,0.13949405,0.026513321,0.05183679
1,948.0,12.421058,10.793069,10.0,31.0,26.0,14.0,1229.0392,854.9863,0.9474013,0.9935065,86.232315,240.40024,236.97438,240.40024,0.14731963,0.026095184,0.05834858
1,1578.0,2.5022962,19.035892,40.0,22.0,26.0,11.0,545.52954,173.84163,0.54430556,0.4474013,0.041475095,120.99667,52.023438,88.33198,0.040696338,0.015665859,0.036593474
1,236.0,1.4015623,13.175937,40.0,37.0,22.0,3.0,953.99384,733.69666,0.9765865,0.9954553,1.1138016,317.18848,233.65572,163.07283,0.13585591,0.025111606,0.086058095
1,440.0,11.665695,10.385796,10.0,36.0,24.0,23.0,1067.6183,718.7261,0.96190333,0.9865925,94.21142,49.528732,263.69846,80.397575,0.16942972,0.05534656,0.087316886
1,1334.0,34.735344,9.747983,10.0,30.0,29.0,15.0,1591.1805,972.6452,0.9234292,0.99102336,357.70227,699.74335,271.40897,497.9809,0.33984327,0.11795235,0.12486557
1,1579.0,2.2500231,17.626484,40.0,23.0,25.0,13.0,529.63776,181.32913,0.6552889,0.8485487,0.25563705,149.88576,63.144066,91.891685,0.038182948,0.015479898,0.014680849
1,580.0,31.892548,10.715523,10.0,36.0,26.0,18.0,1348.1592,949.9104,0.8766543,0.97902685,182.74916,503.7603,288.50305,274.88562,0.23817948,0.059050154,0.08650494
1,238.0,2.247841,12.642549,30.0,37.0,24.0,4.0,856.34845,637.74866,0.9573318,0.9999962,2.895395,263.21396,162.76996,263.21396,0.124380894,0.017966937,0.078856304
1,236.0,1.7536049,13.651958,40.0,37.0,20.0,3.0,963.3587,745.33545,0.98382896,0.9938484,1.0601281,315.79276,212.68626,168.87445,0.13178416,0.023342913,0.08266875
1,397.0,14.465612,11.186333,10.0,28.0,22.0,16.0,1052.3716,709.9321,0.89268136,0.96246374,53.00404,104.274155,253.75775,104.274155,0.11593378,0.031527054,0.051320184
1,1587.0,2.0503018,13.601865,10.0,17.0,29.0,10.0,730.337,212.92752,0.7041784,0.95440984,0.87639993,124.66499,86.23112,96.03997,0.17455,0.20033559,0.06094925
1,1344.0,27.0654,10.132667,10.0,27.0,33.0,15.0,1432.3481,932.69055,0.83993214,0.99358934,537.7819,605.475,242.52356,496.78616,0.33628207,0.107971266,0.1167817
1,363.0,3.9772394,11.843523,40.0,23.0,19.0,9.0,1154.6255,791.9392,0.9945362,0.9981516,16.703745,134.65845,232.57568,134.65845,0.07658138,0.012204337,0.02437669
1,572.0,11.763155,10.658962,10.0,35.0,21.0,16.0,1142.2694,853.7788,0.9874456,1.0,135.82463,525.4499,264.4368,341.84116,0.07713429,0.014748426,0.020702695
1,230.0,3.1905785,12.668684,40.0,31.0,28.0,2.0,794.64984,598.3863,0.9946372,0.9949802,2.512249,260.97583,148.97272,260.97583,0.1269625,0.01499947,0.07669987
1,1404.0,25.83911,10.402526,30.0,35.0,25.0,15.0,1054.2878,629.9104,0.75602573,0.9462624,92.64612,417.62424,203.43292,292.04352,0.11105708,0.027909802,0.03720429
1,1043.0,22.813236,10.272836,40.0,40.0,26.0,16.0,699.5198,405.3503,0.9580982,0.990726,129.58229,316.62003,150.40848,175.88652,0.07976576,0.028631166,0.03945384
1,964.0,29.50003,9.879804,10.0,31.0,29.0,15.0,1382.226,930.67065,0.9355847,0.99898756,206.1023,570.2147,253.3478,362.9019,0.31574255,0.08810622,0.10938353
1,277.0,2.7077503,12.276617,10.0,37.0,22.0,6.0,959.93335,705.9151,0.9819104,0.99691164,12.673859,202.01436,205.00386,202.01436,0.13186243,0.0214294,0.083731405
1,1477.0,33.34123,9.443828,10.0,32.0,30.0,14.0,1278.9282,909.01514,0.46349502,0.9214566,455.2668,459.1347,288.7364,277.00308,0.18283716,0.036988787,0.07062628
1,227.0,2.1228652,13.293767,40.0,30.0,26.0,2.0,771.0518,586.9534,0.9865815,0.9978224,1.1334987,264.27097,142.70999,264.27097,0.12762177,0.014850372,0.07766942
1,218.0,2.2465124,12.630824,80.0,29.0,29.0,9.0,831.7231,575.78485,0.9836138,0.9921402,3.499027,0.0,201.125,149.5621,0.20820999,0.03509466,0.10397628
1,1229.0,32.239082,9.612739,10.0,36.0,29.0,16.0,850.155,470.05487,0.5266296,0.92904514,358.80765,315.71643,161.69287,188.56139,0.13019192,0.03987949,0.04461993
1,227.0,2.3728192,12.79243,40.0,31.0,26.0,2.0,767.9194,583.06055,0.9844931,1.0,2.8799882,260.49063,141.44992,260.49063,0.12823823,0.014097517,0.07683707
1,354.0,4.183649,12.443305,80.0,32.0,24.0,10.0,1084.6201,743.94995,0.94857645,0.9873759,8.773088,122.56899,217.94904,122.56899,0.09456177,0.018911803,0.041726958
1,251.0,3.080237,11.878739,60.0,37.0,25.0,10.0,849.15155,583.76086,0.9993336,0.99903464,26.023375,0.0,221.53813,150.44022,0.19883355,0.028950343,0.09788756
1,449.0,14.642988,10.807683,10.0,36.0,23.0,16.0,1129.2115,835.38416,0.94920343,0.99921834,114.170105,494.0031,250.16708,370.16696,0.11504983,0.020414267,0.048155442
1,290.0,1.4249748,12.816558,40.0,34.0,21.0,6.0,1083.1315,825.3687,0.97728336,0.99043447,11.783254,320.4906,275.1447,229.40915,0.16925223,0.034144316,0.102245
1,1582.0,3.7213166,14.94696,30.0,25.0,26.0,12.0,654.6876,203.43988,0.63517183,0.73493916,0.54712737,143.51257,66.34616,138.16756,0.083527915,0.03572166,0.03690604
1,213.0,2.4688,13.022074,80.0,26.0,28.0,7.0,779.33466,541.7207,0.9888936,0.9995538,2.3307834,0.0,181.4664,184.0638,0.18108965,0.018838903,0.09206107
1,235.0,1.5670211,13.44552,40.0,36.0,20.0,4.0,923.99207,696.38403,0.97379607,0.9971504,5.469749,299.24478,252.66559,175.52487,0.13614403,0.026892489,0.08801902
1,490.0,7.412904,11.116244,50.0,40.0,23.0,10.0,1141.8182,884.14044,0.97826284,0.9959113,145.65704,525.14874,322.69757,312.02332,0.07122551,0.012039348,0.03037734
1,226.0,2.0940273,12.952282,40.0,26.0,29.0,2.0,765.94604,586.8753,0.97633404,0.99995667,2.1197312,269.5845,140.3669,269.5845,0.1272439,0.015760558,0.07888817
1,239.0,1.6553049,13.199915,10.0,35.0,20.0,3.0,985.56683,763.6298,0.9753741,0.997738,0.9844473,327.35156,214.65613,171.38103,0.13781506,0.023787968,0.0848923
1,1063.0,30.509811,9.903184,10.0,37.0,25.0,18.0,1324.4326,987.9424,0.8602355,0.9680186,141.01674,516.3508,351.94302,320.9331,0.13249351,0.029434191,0.045117415
1,1586.0,28.740885,9.735514,10.0,31.0,31.0,15.0,1262.928,818.7735,0.3760204,0.9223703,704.9177,442.20593,253.09114,274.87354,0.17762125,0.038522497,0.068023436
1,655.0,23.110342,11.031634,10.0,35.0,28.0,17.0,1349.7135,940.8716,0.91741586,0.9615826,167.593,507.86224,270.779,277.10184,0.2691156,0.06956461,0.093249395
1,261.0,3.4724333,12.00749,40.0,37.0,22.0,8.0,953.8505,664.84406,0.98501647,1.0,6.1440525,25.145874,275.93384,165.3236,0.17339772,0.03810047,0.09463311
1,1279.0,25.484447,9.824095,10.0,35.0,28.0,15.0,1120.0898,785.13025,0.8994121,0.9976394,611.60944,448.28015,265.0892,274.3521,0.13144888,0.026448375,0.04372236
1,250.0,3.1532698,12.667369,30.0,40.0,20.0,6.0,914.3546,677.78577,0.9833155,0.98913735,1.802428,243.69104,180.7404,243.69104,0.1243569,0.019407654,0.07908392
1,1586.0,1.6132448,16.29678,10.0,21.0,28.0,11.0,710.92365,220.80334,0.567473,0.6096561,0.43320528,156.6757,83.95999,125.02526,0.16789511,0.20881984,0.0591654
1,755.0,15.372003,10.531964,10.0,37.0,27.0,14.0,1300.9454,1009.4081,0.9784937,0.9966921,137.35922,572.2288,348.05527,297.95898,0.08125528,0.014253761,0.030439995
1,371.0,12.349458,12.102435,40.0,36.0,24.0,23.0,1098.5004,732.5475,0.91905767,0.97965467,26.17643,73.005104,270.4123,82.709435,0.19590831,0.06889067,0.10161863
1,731.0,20.622915,10.086337,10.0,37.0,23.0,16.0,1343.3892,1003.79913,0.9561886,0.9916327,259.0518,462.1953,336.8329,254.53575,0.19055113,0.03656175,0.07495686
1,226.0,2.0940273,12.952282,40.0,26.0,29.0,2.0,765.94604,586.8753,0.97633404,0.99995667,2.1197312,269.5845,140.3669,269.5845,0.1272439,0.015760558,0.07888817
1,242.0,2.4444437,12.280329,10.0,39.0,23.0,10.0,866.4037,607.38934,0.98775196,0.99398136,6.711146,1.205008,179.71745,171.64304,0.1719934,0.024279885,0.09103517
1,236.0,1.4756997,13.077417,40.0,38.0,20.0,3.0,959.3622,740.80817,0.99276423,0.9985751,2.9856124,311.92667,223.44751,174.0505,0.13391188,0.024155507,0.08431939
1,351.0,5.789481,13.388243,80.0,36.0,24.0,23.0,1079.163,723.37024,0.944968,0.9964461,8.280246,70.08319,267.43097,81.52136,0.19933976,0.06669793,0.1034351
1,220.0,2.8888915,12.543253,20.0,23.0,33.0,3.0,722.4161,533.0862,0.9710746,1.0,48.329056,168.98256,119.42476,168.98256,0.14067428,0.011992202,0.07617674
1,1977.0,29.987606,9.96288,10.0,31.0,24.0,14.0,2123.9739,1074.8097,0.68968976,0.93258363,617.101,496.38196,232.06703,496.38196,0.3919056,0.17446764,0.14441392
1,1580.0,2.2690375,17.401865,10.0,26.0,24.0,14.0,515.4192,176.78175,0.6996687,0.85205686,0.22606109,134.08261,60.1137,105.42645,0.035255603,0.016543277,0.012717638
1,218.0,1.8619894,12.865233,40.0,29.0,29.0,10.0,827.4925,571.7576,0.9868539,0.9850586,2.7996776,0.0,200.1687,153.52382,0.20672305,0.033134542,0.10214936
1,755.0,15.372003,10.531964,10.0,37.0,27.0,14.0,1300.9454,1009.4081,0.9784937,0.9966921,137.35922,572.2288,348.05527,297.95898,0.08125528,0.014253761,0.030439995
1,312.0,10.301571,11.090277,10.0,31.0,23.0,12.0,1063.8854,737.55597,0.9721522,0.9935065,27.635355,88.797646,233.63594,91.41736,0.11983783,0.028786583,0.063674815
1,272.0,2.4553604,12.499005,40.0,37.0,21.0,5.0,956.1394,704.01764,0.9795868,0.9969351,9.136314,204.49011,203.21117,204.49011,0.13083364,0.021084186,0.08300329
1,1762.0,32.256363,9.512645,10.0,31.0,21.0,15.0,1822.7021,887.0883,0.47233444,0.9233929,352.35678,526.45984,204.48073,378.49332,0.3733441,0.21319747,0.12620552
1,261.0,1.2268518,13.1815195,40.0,34.0,22.0,5.0,1108.4528,856.7452,0.9764519,0.9960272,8.198839,437.41177,288.50372,238.99715,0.2051336,0.03191412,0.108204685
1,597.0,23.151127,9.792179,30.0,29.0,20.0,18.0,1115.175,775.7554,0.96876353,0.98853856,222.3406,150.32626,205.11255,147.01128,0.07363936,0.013476115,0.033234533
1,0.0,0.0,22.79617,0.0,21.0,32.0,2.0,742.8513,576.7215,0.5238915,0.5933692,0.032012656,273.97018,129.4931,273.97018,0.12878944,0.015883956,0.079479605
1,1242.0,32.492638,9.699433,10.0,29.0,33.0,15.0,1421.8092,934.4814,0.73026973,0.9916282,633.3501,608.5001,248.97429,390.94647,0.3325719,0.0951422,0.119602896
1,214.0,2.3153915,13.367554,80.0,32.0,30.0,2.0,693.8399,494.4747,0.9725677,0.9985335,1.1433346,2.124837,95.50329,227.81859,0.1737501,0.014903798,0.08658651
1,1583.0,2.1024902,17.957874,50.0,18.0,27.0,12.0,720.2097,199.2857,0.56614643,0.8876281,0.19877307,103.23984,84.02958,70.90359,0.14332803,0.14116752,0.047212265
1,513.0,8.528078,10.826005,40.0,36.0,24.0,23.0,1239.2886,829.21796,0.9735861,0.984513,74.640976,0.0,306.98114,126.428535,0.16606452,0.06099226,0.08140085
1,223.0,2.0205817,12.8543215,10.0,25.0,29.0,4.0,778.2178,543.8254,0.98942846,0.9996042,1.9319761,0.0,157.19078,191.75032,0.19079383,0.020638186,0.0908481
1,1207.0,29.771276,10.167192,10.0,31.0,30.0,14.0,1269.5492,893.0308,0.5730035,0.94764537,140.7893,455.7577,284.50528,281.48715,0.178703,0.03668182,0.068910554
1,1575.0,1.938439,18.682165,30.0,23.0,23.0,12.0,529.64355,181.3221,0.28128186,0.20211822,0.032387212,121.52081,66.69649,121.52081,0.02921865,0.015128991,0.016199991
1,1582.0,0.97511715,18.086168,80.0,24.0,28.0,16.0,685.8399,200.40192,0.5729774,0.5513642,0.2644353,138.02817,79.41615,106.04217,0.09864377,0.076590955,0.02753759
1,745.0,5.3573728,11.525871,40.0,39.0,27.0,14.0,1194.1692,872.79407,0.9717236,0.9963227,60.745277,451.5589,288.96494,265.69025,0.12301858,0.024709499,0.04244302
1,1263.0,36.817993,9.456514,10.0,31.0,31.0,18.0,1323.9617,938.1754,0.5379573,0.9755452,747.0821,482.99286,286.9697,241.49643,0.21589942,0.056043003,0.07665012
1,471.0,11.379332,10.657268,10.0,38.0,23.0,12.0,1170.1865,905.31415,0.97448677,0.9956505,41.86869,593.1599,294.43533,350.58005,0.04273075,0.006974915,0.016326983
1,225.0,2.073776,13.1987915,40.0,36.0,28.0,2.0,823.423,580.1144,0.9972787,0.9999923,1.5339919,0.0,153.5757,209.32541,0.18071409,0.02005763,0.091594025
1,236.0,1.61277,12.805851,40.0,36.0,20.0,3.0,960.46,743.38464,0.97644,0.9959168,110.132965,315.93307,210.03978,169.19495,0.12943003,0.022807654,0.081272334
1,251.0,1.2178861,13.133115,10.0,32.0,25.0,4.0,1083.4088,839.6178,0.9874358,1.0,2.2316167,412.7415,283.62872,230.26564,0.2016084,0.0323241,0.11056747
1,227.0,2.3375325,12.833729,50.0,28.0,27.0,3.0,774.45703,590.87775,0.9837474,0.99968284,3.6117013,268.05576,143.96718,268.05576,0.12700576,0.015603531,0.078501485
1,241.0,1.1867191,13.343124,40.0,37.0,19.0,3.0,1023.0646,793.51245,0.9791833,0.99785054,1.1265323,343.65338,235.47432,175.77562,0.14917278,0.02497612,0.089864075
1,912.0,16.793543,10.356357,10.0,34.0,28.0,15.0,1240.8986,887.69226,0.97932565,0.99745834,112.82165,536.4302,245.16948,454.26834,0.25203636,0.07541409,0.07969338
1,51.0,6.7098904,17.21354,0.0,29.0,25.0,2.0,734.3003,564.7878,0.5238915,0.5933692,29.091324,254.47693,129.49585,254.47693,0.12973295,0.013339702,0.077372864
1,910.0,19.826893,10.586815,10.0,34.0,26.0,15.0,1244.5958,899.3773,0.9787851,0.99404144,177.08446,578.9946,227.35512,507.46136,0.25637603,0.05856585,0.0822886
1,240.0,1.458586,12.806946,40.0,36.0,19.0,3.0,1025.7974,795.75006,0.9759105,0.99273866,1.58446,346.1952,240.978,173.22307,0.15016788,0.025306497,0.090695955
1,1578.0,1.8029487,18.237713,30.0,25.0,24.0,12.0,521.9234,178.54929,0.65616494,0.48217326,0.076832555,141.88081,60.87442,122.11892,0.034763515,0.01567047,0.013526134
1,648.0,29.90128,9.886082,10.0,36.0,26.0,15.0,1389.2435,925.4355,0.93992627,0.9847727,159.89928,555.9653,257.08237,316.51306,0.31777796,0.08470083,0.112906925
1,764.0,19.185324,9.900353,10.0,40.0,26.0,14.0,1279.1929,971.30414,0.9678185,0.99477905,247.55432,608.04614,332.34717,284.2854,0.009671942,0.009610228,0.002577887
1,1582.0,1.3425478,19.128805,80.0,23.0,28.0,15.0,661.4559,204.67543,0.7444072,0.8468119,0.030152034,188.79272,68.23597,126.10468,0.07841118,0.04896989,0.021218311
1,232.0,2.5845833,12.467058,40.0,35.0,27.0,3.0,805.6317,579.27655,0.9907378,0.9947004,5.2394857,159.5631,146.80144,159.5631,0.13568431,0.013914429,0.076417364
1,1875.0,36.205097,9.798207,30.0,29.0,29.0,18.0,1405.5548,652.70935,0.5678986,0.9413453,330.2874,247.17339,214.39171,247.17339,0.21593967,0.030719493,0.07275633
1,1902.0,33.212326,10.072213,10.0,33.0,23.0,15.0,1872.1176,855.0943,0.50056493,0.880459,109.73847,424.94168,188.64284,391.23083,0.39430773,0.21366683,0.14087531
1,1478.0,32.38797,9.845769,30.0,32.0,26.0,15.0,1560.2252,915.69525,0.838049,0.98019874,930.51794,676.0094,246.0333,341.52835,0.31063202,0.111165054,0.11023249
1,248.0,2.3010945,12.581304,50.0,37.0,22.0,7.0,881.94385,619.4336,0.9820251,0.9926975,2.494333,78.713844,175.75171,97.27276,0.1478685,0.021716591,0.083806634
1,252.0,2.4744647,12.268552,40.0,39.0,23.0,8.0,868.1626,609.9022,0.9920451,0.9974467,15.038062,0.98934704,181.20477,168.54736,0.17165118,0.024914026,0.09121436
1,226.0,2.6531901,13.052618,40.0,30.0,26.0,2.0,758.3434,576.28876,0.99190086,1.0,23.48968,254.33627,137.36763,254.33627,0.12894881,0.013405057,0.07648087
1,1580.0,2.2765043,17.148241,40.0,20.0,26.0,12.0,539.6477,174.97723,0.68269163,0.7843685,0.19791423,133.32127,61.312534,77.59843,0.037844367,0.014783781,0.023744652
1,281.0,10.090596,11.987602,20.0,35.0,22.0,10.0,954.0308,667.9878,0.9826514,1.0,27.103907,59.33223,262.3071,142.25339,0.17379352,0.037706625,0.09473411
1,818.0,16.429243,10.210607,40.0,39.0,28.0,15.0,1183.3969,864.1678,0.961947,0.9971176,209.15143,538.8183,296.9608,281.78412,0.094131835,0.018034415,0.028363494
1,245.0,2.1450248,12.56,40.0,37.0,23.0,6.0,879.4047,617.50037,0.98457736,0.99371076,13.044532,82.68064,172.13742,99.75877,0.14600667,0.020848943,0.08281675
1,1735.0,30.39665,9.953774,30.0,31.0,21.0,13.0,1778.6836,879.2363,0.6601154,0.93770754,389.9821,580.5031,216.15712,398.4189,0.36644778,0.21432528,0.11999142
1,1417.0,29.095552,9.863251,10.0,31.0,30.0,16.0,1302.0541,904.9637,0.42835557,0.9663335,862.9332,476.49313,270.63437,300.3414,0.21661189,0.047413006,0.07993346
1,1594.0,2.0814798,16.793192,40.0,22.0,28.0,11.0,604.35095,247.18321,0.6526899,0.9707093,0.44665322,253.1381,88.07359,142.00807,0.15673226,0.22914882,0.0551975
1,1566.0,19.5648,10.430062,30.0,30.0,23.0,15.0,1872.3253,1027.6366,0.594784,0.9430919,286.74503,558.4209,234.42407,558.4209,0.38151553,0.1760786,0.1290406
1,807.0,20.827934,10.080111,10.0,39.0,26.0,14.0,1276.3921,969.21716,0.9731553,0.9868595,302.57697,603.4064,332.4104,276.16705,0.0098469155,0.009585722,0.0026831029
1,620.0,21.712523,10.040901,10.0,27.0,22.0,15.0,1272.8018,866.5599,0.9782963,0.9932571,243.40527,154.84044,294.7254,154.84044,0.18803738,0.052906223,0.07508384
1,64.0,7.1607895,16.501284,0.0,32.0,26.0,2.0,734.68616,562.03455,0.5238915,0.5933692,52.604374,247.90768,129.0853,247.90768,0.1303706,0.012017854,0.076302625
1,352.0,4.5092487,12.289077,80.0,33.0,26.0,10.0,1102.8905,756.66034,0.9269133,0.9746771,7.0258174,116.5291,238.28775,116.5291,0.106934324,0.02080554,0.038513266
1,1147.0,37.148495,9.401136,30.0,29.0,32.0,16.0,1661.8787,943.3539,0.7412527,0.9552064,512.9806,740.82574,250.79773,421.31564,0.33524862,0.13329948,0.12725088
1,315.0,1.629825,12.586295,50.0,40.0,22.0,11.0,1092.534,829.9009,0.9667132,0.99434334,30.96549,513.07764,291.43994,278.6982,0.13969524,0.024099605,0.061701104
1,1489.0,32.225483,9.823396,10.0,32.0,30.0,15.0,1314.818,925.6127,0.7486937,0.9644029,842.9403,480.46658,284.6935,291.90247,0.22521117,0.04680719,0.08469914
1,280.0,2.0486848,12.042224,30.0,33.0,21.0,5.0,1025.8475,788.30676,0.98692375,0.99690616,23.496267,343.09674,268.46802,207.99934,0.18758184,0.03234834,0.10837198
1,1203.0,31.209347,10.016097,10.0,32.0,30.0,15.0,1267.5728,885.84985,0.68637866,0.9533777,140.21828,454.5176,286.3808,278.97186,0.17456445,0.036373228,0.06719472
1,266.0,1.2206037,13.276608,40.0,37.0,21.0,3.0,1111.7062,841.4708,0.98947096,0.9983805,8.404932,426.185,262.79205,216.22165,0.17378058,0.028550252,0.09220081
1,369.0,2.0371325,12.923111,40.0,34.0,24.0,13.0,1337.5629,998.84955,0.955553,0.9897493,4.322073,490.39252,337.7028,302.3334,0.15851486,0.03559638,0.06248192
1,1077.0,13.980388,10.563299,10.0,39.0,28.0,16.0,1264.0115,944.35406,0.91077846,0.9977964,322.8345,547.15955,334.57315,304.72794,0.036515404,0.013355914,0.012182991
1,390.0,6.9515295,12.281302,40.0,35.0,24.0,15.0,1340.3425,982.25146,0.9646929,0.991602,20.085209,492.02014,322.68124,284.94754,0.18002406,0.042225927,0.06957536
1,401.0,10.796259,10.800482,10.0,36.0,24.0,23.0,1071.4694,720.2778,0.9517302,0.99013656,55.51061,56.30647,264.9454,80.77588,0.1794273,0.059137918,0.09270484
1,299.0,4.3822927,11.314229,20.0,37.0,21.0,8.0,962.24945,670.7158,0.98911935,0.9974602,43.88104,0.0,294.29446,145.56572,0.17195725,0.040046643,0.0950544
1,673.0,5.05834,11.661352,10.0,38.0,29.0,12.0,1272.3663,967.56586,0.96611977,0.99793375,27.243258,526.8632,332.73822,289.653,0.10800618,0.01870452,0.03853487
1,230.0,2.6490748,12.872022,50.0,28.0,27.0,3.0,801.60596,605.8152,0.9807962,0.9944485,1.506549,269.40735,151.08778,269.40735,0.12582213,0.015984086,0.078082316
1,0.0,0.0,20.450768,0.0,31.0,29.0,2.0,797.5755,622.1659,0.5238915,0.5933692,0.039767623,250.23875,207.29153,220.13924,0.112870164,0.01734968,0.07096983
1,1471.0,24.20693,9.966075,10.0,28.0,31.0,14.0,1570.8379,974.65155,0.8997327,0.9840037,249.24759,493.05716,235.68863,493.05716,0.371861,0.13325149,0.12614065
1,369.0,4.9249473,11.155798,40.0,31.0,28.0,11.0,1145.8225,791.7631,0.9528051,0.9881451,23.227503,131.73799,259.44272,131.73799,0.12540944,0.02580299,0.03682225
1,542.0,9.15381,11.138677,10.0,38.0,25.0,14.0,1297.286,1020.69556,0.9878521,0.9988441,42.021854,540.30505,349.14447,270.15253,0.080117695,0.016039422,0.032557487
1,239.0,1.2228646,13.126074,40.0,40.0,20.0,5.0,982.9944,751.6485,0.97749084,0.98996776,4.93396,337.8914,255.35446,168.9457,0.15588535,0.0278878,0.095906265
1,587.0,6.0010934,11.591165,10.0,41.0,26.0,12.0,1227.9128,931.24316,0.9711127,0.9985466,25.559462,622.17206,309.63843,304.6302,0.009411752,0.008497262,0.0025887662
1,1581.0,4.111817,14.906664,10.0,21.0,27.0,11.0,589.41614,195.58772,0.61967075,0.69890094,0.4854006,132.21811,53.92212,99.78249,0.049617007,0.018776001,0.032550342
1,213.0,2.4688,13.022074,80.0,26.0,28.0,7.0,779.33466,541.7207,0.9888936,0.9995538,2.3307834,0.0,181.4664,184.0638,0.18108965,0.018838903,0.09206107
1,214.0,1.5265313,15.62657,80.0,30.0,23.0,12.0,807.3337,557.26276,0.95537084,0.99430406,2.7955232,0.0,188.89383,171.67062,0.19803005,0.025356632,0.094520256
1,1357.0,24.5661,10.023703,10.0,28.0,30.0,15.0,1541.7512,965.3013,0.8494327,0.9823586,135.02213,515.65137,233.88284,515.65137,0.3698368,0.13155515,0.12502067
1,621.0,15.518563,10.274377,30.0,40.0,25.0,15.0,1280.9773,975.6582,0.955492,0.992701,111.09793,611.30286,327.576,300.37756,0.0102752205,0.009630305,0.0028650332
1,217.0,0.9225893,16.69998,60.0,30.0,27.0,6.0,865.5325,604.084,0.9883281,0.98906535,1.2776911,0.0,208.73578,168.34099,0.19083181,0.034033526,0.09964278
1,958.0,29.85969,9.629791,10.0,42.0,25.0,15.0,1453.9999,996.1709,0.84137934,0.99051553,327.17706,574.09033,389.88168,322.86826,0.07423625,0.102341354,0.025795871
1,0.0,0.0,20.931189,60.0,30.0,27.0,3.0,683.72473,488.37683,0.5238915,0.5933692,0.014316316,0.0,97.472855,217.47327,0.18268628,0.015576349,0.089227445
1,247.0,2.7081811,12.201055,30.0,36.0,25.0,8.0,848.0386,583.3545,0.9987268,0.9951863,24.996658,0.0,221.58408,150.46701,0.20025927,0.030224591,0.09899998
1,730.0,30.824163,10.172262,30.0,34.0,29.0,18.0,1656.0963,939.5111,0.8737412,0.98571473,105.27945,734.491,250.26237,404.89368,0.33005273,0.1282298,0.12319639
1,1469.0,21.737423,9.870587,10.0,30.0,31.0,16.0,1228.079,862.1216,0.84764165,0.9925367,577.3142,247.581,222.34686,247.581,0.13905603,0.02557445,0.05695266
1,248.0,2.3010945,12.581304,50.0,37.0,22.0,7.0,881.94385,619.4336,0.9820251,0.9926975,2.494333,78.713844,175.75171,97.27276,0.1478685,0.021716591,0.083806634
1,1587.0,1.5120095,18.36805,40.0,18.0,29.0,12.0,660.3476,220.55534,0.4519396,0.5031935,0.045955274,179.83748,63.02233,123.59162,0.1971604,0.29061526,0.09360811
1,311.0,1.8971982,12.312154,40.0,34.0,20.0,7.0,1110.004,834.6401,0.9763361,1.0,20.0276,362.30646,236.17009,268.79898,0.14881736,0.029567508,0.08703412
1,239.0,1.4527526,13.685455,40.0,35.0,19.0,3.0,1040.7833,808.6155,0.9612057,0.98844707,0.562252,355.06262,245.85541,179.85547,0.154423,0.025734399,0.09262321
1,241.0,2.006458,12.558394,40.0,36.0,24.0,6.0,881.0406,661.0011,0.9722891,0.99933213,5.8272285,289.68277,175.73053,289.68277,0.12354744,0.019171147,0.08100262
1,294.0,5.0045285,11.447896,10.0,38.0,22.0,8.0,893.18695,631.7963,0.9694791,0.9872973,46.631516,19.985538,192.59364,147.09076,0.16799974,0.029061502,0.09272865
1,1577.0,1.4627179,19.77488,30.0,25.0,25.0,15.0,532.0092,181.57507,0.28953367,0.40831903,0.009294037,150.51016,61.501366,97.246124,0.04061132,0.01573134,0.015255292
1,353.0,5.8948946,11.005279,50.0,35.0,28.0,12.0,1052.1722,726.21106,0.9696984,0.9956364,61.381004,94.81262,247.05592,94.81262,0.13768329,0.033826977,0.06464725
1,2157.0,37.32285,9.59939,30.0,34.0,22.0,15.0,1339.0958,749.19104,0.66631466,0.94247663,1273.8134,480.5342,208.4871,319.3656,0.19907403,0.05107207,0.059967298
1,237.0,1.8336952,13.282016,40.0,37.0,20.0,3.0,975.79974,755.1918,0.9883131,0.99313396,1.0114871,321.73044,211.7426,163.70627,0.1371792,0.024070116,0.08517655
1,215.0,1.9638778,12.904221,40.0,31.0,30.0,4.0,714.476,508.63223,0.98363703,0.9984989,0.99263006,0.0,104.73166,225.17226,0.17964745,0.015697518,0.08888179
1,479.0,21.16456,10.185926,10.0,28.0,19.0,17.0,1114.6116,777.9183,0.97823733,0.99594414,91.85438,162.97832,206.58289,162.97832,0.06645765,0.011616029,0.03049527
1,1576.0,28.724506,9.93171,10.0,31.0,32.0,16.0,1277.534,890.435,0.6992193,0.9498039,233.1517,452.32346,299.756,274.77814,0.15744512,0.03419042,0.05726858
1,1579.0,2.009999,19.214931,40.0,24.0,25.0,13.0,541.5436,172.63383,0.50408304,0.3691905,0.015504777,133.12047,56.200836,82.93954,0.038509686,0.014894344,0.024713598
1,1003.0,19.789757,9.857174,10.0,34.0,26.0,16.0,1224.1315,878.55316,0.9276703,0.99445367,378.82047,571.8121,212.44763,464.6747,0.25016466,0.046263818,0.08309624
1,219.0,1.8568298,13.4387865,40.0,24.0,29.0,5.0,701.45184,496.28864,0.98518974,1.0,1.165847,0.0,145.02155,151.41826,0.2082793,0.017882774,0.100122385
1,831.0,9.230517,10.847838,10.0,37.0,27.0,15.0,1294.9082,994.9663,0.98434085,1.0,166.71669,531.75366,364.1287,281.77795,0.10238251,0.01875437,0.0376793
1,1805.0,24.491123,10.609741,10.0,31.0,31.0,13.0,1056.5305,687.763,0.4658549,0.91790265,348.6497,427.19373,247.8533,241.75198,0.14273985,0.045197435,0.044539902
1,662.0,14.771032,10.442287,10.0,37.0,25.0,15.0,1307.4165,1036.2059,0.9646968,0.993274,163.04475,562.6785,347.81918,281.33926,0.072199866,0.0142914485,0.030334717
1,1578.0,2.094165,19.249853,40.0,22.0,26.0,11.0,561.81366,183.23358,0.6373679,0.45989966,0.044484194,125.67853,53.497093,93.90749,0.043954868,0.016526382,0.036204793
1,1493.0,33.422024,9.501882,10.0,35.0,27.0,16.0,1326.2523,1008.04926,0.8628635,0.99516624,783.8303,466.36282,340.43134,275.13474,0.13949405,0.026513321,0.05183679
1,618.0,25.87271,10.678531,30.0,35.0,28.0,17.0,1446.6609,913.98303,0.91463333,0.9959791,89.97828,602.29834,252.75714,343.6195,0.3257881,0.09702436,0.11811356
1,229.0,2.6944022,12.878861,50.0,27.0,27.0,3.0,790.075,597.9888,0.9970565,0.99729645,2.1104317,267.43765,148.56891,267.43765,0.12667492,0.015387043,0.077637784
1,227.0,2.8695526,12.259665,10.0,34.0,27.0,2.0,762.6998,558.66376,0.9709773,0.9998269,4.782268,181.78148,130.86887,181.78148,0.13534008,0.013126572,0.07609648
1,231.0,1.7910416,12.978055,40.0,30.0,30.0,4.0,849.10956,651.85864,0.99308795,0.99258536,1.5132142,280.66183,192.44067,233.94933,0.12291918,0.019438729,0.07949637
1,215.0,1.9140984,12.978965,40.0,22.0,32.0,7.0,646.994,457.2595,0.9398986,0.99497765,3.136811,0.0,116.46277,189.32123,0.21609393,0.017318767,0.10139841
1,1584.0,3.2867904,13.725285,10.0,21.0,25.0,11.0,719.816,205.24586,0.53000265,0.7167949,0.76530993,120.29263,79.88763,90.219475,0.14354703,0.12271336,0.046326496
1,223.0,2.2172694,12.99055,40.0,29.0,31.0,2.0,807.004,570.0793,0.98267925,0.9995791,1.6169724,0.0,153.29947,208.32823,0.18804972,0.019542562,0.0928664
1,224.0,2.0491023,13.422018,40.0,36.0,27.0,2.0,815.7504,575.5672,0.99513257,0.99910456,1.4912634,0.0,149.75307,212.5693,0.1824497,0.019273425,0.091725506
1,642.0,13.935519,10.567834,10.0,35.0,24.0,13.0,1305.4666,1032.8115,0.968672,0.9987946,326.6084,519.8943,333.66437,277.20294,0.077051245,0.017496461,0.030437881
1,367.0,7.315307,11.388379,10.0,33.0,20.0,11.0,1082.5669,807.3996,0.97703964,0.9937335,38.65442,431.06253,231.59384,313.8876,0.117165454,0.02075486,0.06327229
1,1582.0,2.652596,16.244139,10.0,23.0,25.0,12.0,675.31946,200.12347,0.47328097,0.7368609,0.48771107,128.37581,70.35849,107.22601,0.11369358,0.07221533,0.03415314
1,342.0,1.9816948,12.35769,40.0,33.0,22.0,8.0,1093.7853,808.54346,0.9774798,0.9948097,37.697838,333.47888,207.4124,267.43896,0.12859215,0.026360985,0.07507422
1,224.0,3.150914,13.189018,50.0,27.0,32.0,2.0,758.7972,560.1383,0.9698072,0.99878067,1.9329065,194.99152,131.48315,194.99152,0.13461973,0.013003784,0.07603223
1,359.0,2.6935382,12.084929,40.0,21.0,20.0,11.0,1175.4404,806.3157,0.9792796,0.9904759,13.753376,142.9647,261.16534,142.9647,0.1262955,0.02945257,0.0412253
1,233.0,1.8761574,12.769013,40.0,36.0,21.0,6.0,991.15826,702.3371,0.9833045,0.9861095,4.3279676,115.57548,233.32794,115.57548,0.10313424,0.01918995,0.059426486
1,842.0,13.238844,10.59766,40.0,39.0,26.0,14.0,1210.5027,884.6765,0.975602,1.0,119.85151,453.12787,296.25864,277.72885,0.12680866,0.027576393,0.043707464
1,1182.0,30.793148,9.722629,10.0,30.0,31.0,14.0,1386.4934,924.4147,0.91007274,0.9951919,491.4633,582.7607,245.42888,423.619,0.32761538,0.09402771,0.11355744
1,481.0,5.0720406,11.60602,40.0,36.0,25.0,14.0,1299.836,1029.42,0.96939033,0.999027,78.0872,603.36456,346.04178,303.24026,0.059573554,0.011062078,0.025090748
1,224.0,2.2857769,12.93638,40.0,27.0,29.0,4.0,826.5358,580.2039,0.9915492,1.0,0.9102438,0.0,168.19861,197.87503,0.18544151,0.021971265,0.09273895
1,1650.0,31.050934,9.703448,30.0,26.0,31.0,14.0,1539.2625,949.10443,0.7477644,0.98132,538.6446,667.15027,256.22055,501.7073,0.34374472,0.1232148,0.12364008
1,1470.0,36.231407,9.253701,20.0,31.0,31.0,18.0,1322.2654,941.20917,0.76356333,0.97609514,993.7756,479.1839,291.72668,240.67857,0.20342493,0.052037362,0.073426716
1,226.0,2.476476,12.677407,50.0,28.0,27.0,2.0,762.94135,583.20245,0.98897964,0.99982333,62.91194,263.9436,140.22333,263.9436,0.12781176,0.014975087,0.07808602
1,358.0,4.8220453,11.952438,40.0,25.0,21.0,8.0,1132.0491,775.76526,0.9825467,0.9943194,13.1942625,132.21954,227.43427,132.21954,0.07559164,0.012005292,0.02575502
1,358.0,5.064566,11.904564,40.0,34.0,26.0,12.0,1097.1426,752.0251,0.9711356,0.97883934,12.587498,117.318344,234.55482,117.318344,0.10248745,0.020217394,0.039884396
1,405.0,11.933493,10.667678,10.0,35.0,24.0,13.0,1221.844,944.7456,0.9591589,0.99688834,70.807236,488.44232,322.43506,318.01025,0.08016322,0.016534321,0.031498246
1,471.0,11.379332,10.657268,10.0,38.0,23.0,12.0,1170.1865,905.31415,0.97448677,0.9956505,41.86869,593.1599,294.43533,350.58005,0.04273075,0.006974915,0.016326983
1,223.0,2.007416,12.930108,40.0,24.0,32.0,3.0,797.3239,561.36816,0.9791988,0.99994695,2.2702732,90.857,133.44289,135.52187,0.16630743,0.015384125,0.086121455
1,514.0,13.192382,10.4181,10.0,36.0,23.0,13.0,1296.2512,953.03827,0.9776187,0.9860327,107.85843,482.67313,306.20593,286.46725,0.15514906,0.037888292,0.057535656
1,236.0,1.7807686,13.282112,10.0,39.0,20.0,3.0,971.0305,751.24054,0.99553823,0.9912184,0.95928377,318.69287,213.53961,166.15097,0.1356173,0.02398258,0.08462525
1,278.0,3.090997,11.822889,10.0,39.0,26.0,9.0,821.6704,571.12177,0.9975787,0.9987439,53.769882,0.0,183.76106,180.04367,0.19217458,0.026739055,0.095081195
1,1841.0,23.645279,10.51752,10.0,36.0,22.0,14.0,992.63995,567.83075,0.40843397,0.9456517,571.42755,363.22903,198.74092,225.81912,0.1138527,0.034432817,0.040208112
1,346.0,3.2518442,13.755392,80.0,24.0,22.0,11.0,1172.0156,805.19684,0.9988182,0.9988834,2.391477,141.28027,260.07446,141.28027,0.12006031,0.026940439,0.037594516
1,708.0,8.744922,11.304382,10.0,37.0,24.0,14.0,1360.0446,1033.9736,0.97438055,0.9997514,265.55328,465.44464,347.42505,255.20447,0.17517687,0.03201439,0.0699868
1,1580.0,1.7020876,19.756119,40.0,23.0,26.0,12.0,649.2345,226.70773,0.3337817,0.16532212,0.01167188,179.70898,66.787605,137.92616,0.07344061,0.026820397,0.03397812
1,226.0,2.0443442,12.842438,40.0,30.0,25.0,2.0,749.0304,567.4647,0.98824424,0.9998327,182.02841,240.55646,133.17268,240.55646,0.13146202,0.012473921,0.07602581
1,275.0,1.6373299,12.727665,30.0,35.0,21.0,5.0,1038.4747,798.98895,0.9766804,0.9922247,10.112395,348.279,264.44104,197.28487,0.18394323,0.031901326,0.10844846
1,1577.0,1.8296613,19.313377,30.0,23.0,25.0,13.0,527.6212,180.9338,0.61724114,0.5718345,0.05179985,148.8735,62.992012,93.66053,0.038032077,0.01559377,0.014305584
1,257.0,2.4822354,12.451058,10.0,39.0,23.0,4.0,900.5964,645.724,0.98344123,1.0,5.2694445,122.74668,185.04144,122.74668,0.1314978,0.01890595,0.078590326
1,1488.0,34.889915,9.640354,10.0,34.0,25.0,15.0,1343.8058,1033.4226,0.91030294,0.98514736,680.48956,479.61176,348.89548,271.29898,0.1474744,0.02594175,0.056930102
1,422.0,10.134154,11.2098055,30.0,36.0,24.0,14.0,1298.0604,1032.882,0.9575157,0.99950355,38.81197,617.09906,338.9485,324.02066,0.039385162,0.007861131,0.017650798
1,247.0,1.1575809,13.185448,50.0,37.0,21.0,3.0,1057.8068,816.14453,0.98443955,0.99549794,1.2503221,375.68362,248.94661,199.79417,0.17432518,0.02797174,0.099308155
1,658.0,20.967894,11.697416,10.0,35.0,26.0,18.0,1349.2324,941.7005,0.857613,0.9626121,171.26123,504.08093,271.49307,269.1099,0.27256384,0.070427775,0.09474781
1,1404.0,25.83911,10.402526,30.0,35.0,25.0,15.0,1054.2878,629.9104,0.75602573,0.9462624,92.64612,417.62424,203.43292,292.04352,0.11105708,0.027909802,0.03720429
1,233.0,1.3964176,14.066169,40.0,38.0,20.0,2.0,935.2999,723.5936,0.98960215,0.9967801,0.6125293,309.9267,213.64369,158.0783,0.12556174,0.022519285,0.07970361
1,226.0,2.1036978,12.829156,40.0,35.0,28.0,2.0,825.47125,581.33,0.99779665,1.0,1.4206507,3.2019074,150.63602,207.939,0.17744939,0.019672377,0.09056487
1,232.0,3.0383613,11.953588,10.0,29.0,26.0,11.0,800.2283,552.86865,0.9844444,0.99922687,19.725945,0.0,184.12428,174.513,0.19682094,0.02501804,0.09358428
1,1670.0,27.771206,9.619705,10.0,33.0,30.0,15.0,1270.0364,839.1237,0.297894,0.8877217,1037.1221,441.97073,241.71356,290.745,0.20229599,0.045836635,0.07314489
1,330.0,5.948744,14.347627,80.0,30.0,25.0,18.0,1041.3429,717.1085,0.93538487,0.9827292,20.710672,73.25488,257.60315,95.33618,0.13751492,0.035662312,0.06682555
1,1589.0,5.7733574,17.25469,30.0,26.0,25.0,15.0,536.10474,182.1785,0.25481585,0.57360005,9.512775,152.67976,60.602856,122.23072,0.042162664,0.015880123,0.015864627
1,230.0,2.6741712,12.633856,80.0,33.0,27.0,2.0,803.76483,573.30743,0.9900042,0.9956595,2.1140416,146.7083,142.67087,146.7083,0.14479545,0.014091023,0.079257
1,634.0,8.439582,10.981303,40.0,31.0,23.0,12.0,1153.9613,812.648,0.98557997,0.9993799,62.281914,289.00452,196.71982,289.00452,0.10078254,0.018962635,0.046002146
1,411.0,8.276714,11.173454,40.0,35.0,22.0,11.0,1310.2466,1044.1086,0.9823688,0.994342,16.853329,586.2941,340.60925,294.9342,0.06961437,0.0126601,0.030466452
1,507.0,8.800716,11.292215,10.0,38.0,28.0,14.0,1281.8468,982.7162,0.98430717,0.9922613,23.881859,610.4687,319.12256,314.93967,0.010164906,0.0074790497,0.0033138448
1,701.0,19.898478,9.970346,10.0,40.0,26.0,14.0,1280.6876,973.30396,0.95064574,0.99078184,199.01642,611.58276,330.39957,295.52426,0.010314243,0.0103494385,0.0027159597
1,233.0,1.9971594,13.228142,40.0,29.0,27.0,4.0,865.8326,660.65326,0.9839639,0.9967866,1.0879656,303.76746,177.11427,287.37894,0.12358722,0.019138174,0.08056635
1,223.0,2.2172694,12.99055,40.0,29.0,31.0,2.0,807.004,570.0793,0.98267925,0.9995791,1.6169724,0.0,153.29947,208.32823,0.18804972,0.019542562,0.0928664
1,1820.0,23.859905,9.991018,10.0,38.0,22.0,15.0,984.20703,558.4411,0.46832994,0.9374313,502.5506,357.40857,196.5513,221.58862,0.11591015,0.034894925,0.039803408
1,1329.0,25.068153,9.892557,30.0,35.0,29.0,17.0,1390.3097,731.5327,0.8909552,0.9844317,178.93077,203.27336,229.62926,203.27336,0.20695299,0.025423134,0.074340574
1,336.0,6.349491,13.718399,60.0,29.0,23.0,14.0,1072.0581,738.7522,0.92304254,0.9875587,24.604023,109.85112,206.19708,109.85112,0.092275366,0.019354362,0.044095587
1,1444.0,28.122377,10.296688,10.0,30.0,22.0,15.0,1697.918,788.9676,0.74818027,0.9676606,485.07288,553.6423,194.37878,254.62888,0.35031047,0.2137148,0.117891215
1,227.0,2.4071631,12.608712,40.0,29.0,27.0,2.0,767.10297,581.185,0.9836415,1.0,3.2310922,255.60904,140.36145,255.60904,0.12854664,0.013721202,0.07642079
1,269.0,1.3293747,13.215942,40.0,36.0,21.0,3.0,1078.993,809.2418,0.98562974,0.99934036,4.59879,419.89124,251.38644,221.00644,0.16961637,0.02940032,0.08855079
1,1017.0,34.684914,9.600421,30.0,35.0,25.0,16.0,1331.1674,957.0024,0.9459096,0.97982854,646.91974,488.13202,304.44785,256.22437,0.19463353,0.048370432,0.072332345
1,1604.0,2.6535165,12.560561,10.0,19.0,27.0,13.0,665.50464,236.40584,0.77881646,0.9715907,13.9178705,203.73315,64.46625,176.29933,0.22114107,0.35080585,0.123753056
1,530.0,16.812181,10.187662,10.0,36.0,26.0,15.0,1398.0658,1088.5548,0.96469396,1.0,170.7609,471.64447,368.84332,278.3779,0.12729721,0.021864068,0.053553253
1,697.0,18.491905,10.168907,10.0,38.0,24.0,14.0,1369.5851,1049.5901,0.9735569,0.997047,199.97781,468.70807,351.4016,256.65228,0.16749123,0.029741222,0.0675023
1,376.0,2.9258022,11.968591,40.0,33.0,24.0,10.0,1086.2533,745.3392,0.96049184,0.9836095,30.031658,119.3147,223.22748,119.3147,0.09770761,0.01982071,0.04299456
1,939.0,16.851198,10.761195,10.0,39.0,24.0,15.0,1311.3656,981.18854,0.9507217,0.972286,52.70587,516.05206,348.06998,320.74106,0.12901095,0.02809669,0.04423046
1,1315.0,28.915918,9.921981,30.0,32.0,31.0,14.0,1269.3795,883.17676,0.745015,0.9562435,216.50085,453.27747,288.26364,276.44263,0.17042148,0.03606302,0.06547877
1,233.0,2.3198264,12.342752,10.0,30.0,27.0,10.0,799.0019,552.211,0.9835339,0.9987933,13.655369,0.0,181.69336,175.45837,0.19681285,0.025354424,0.09283564
1,223.0,2.0205817,12.8543215,10.0,25.0,29.0,4.0,778.2178,543.8254,0.98942846,0.9996042,1.9319761,0.0,157.19078,191.75032,0.19079383,0.020638186,0.0908481
1,577.0,33.280567,10.355707,60.0,36.0,25.0,19.0,1345.4874,953.46204,0.90646124,0.9853516,165.88457,495.58368,294.45483,258.68347,0.22463602,0.056158055,0.08235511
1,499.0,11.712449,10.980791,10.0,36.0,23.0,13.0,1283.303,941.4358,0.9618269,0.98041266,52.03824,478.3935,298.16516,284.11325,0.15161815,0.037632447,0.055412844
1,366.0,11.816575,11.152645,10.0,20.0,19.0,14.0,1038.7682,699.7169,0.94523513,0.9821948,21.06976,31.743025,259.64505,92.523056,0.12652537,0.039487872,0.06534726
1,1584.0,1.2388321,19.538618,40.0,21.0,29.0,12.0,705.6258,221.23024,0.54277587,0.49499664,0.034776438,159.89874,81.54485,125.363304,0.17566879,0.2232889,0.06275646
1,352.0,5.091099,11.92668,80.0,31.0,24.0,11.0,1148.2676,791.56244,0.96679276,0.98487943,7.1184435,132.33185,251.84431,132.33185,0.113722324,0.022336112,0.033539955
1,232.0,3.0931203,12.295321,40.0,33.0,28.0,3.0,816.7711,599.0544,0.9735004,1.0,3.21299,212.2261,152.92674,212.2261,0.13037524,0.014866725,0.07588876
1,218.0,2.062377,13.042668,40.0,25.0,25.0,6.0,668.27,469.63083,0.99030775,1.0,2.7842758,0.0,138.66914,115.87039,0.19711806,0.014975365,0.09844405
1,1734.0,6.5995383,11.368483,10.0,22.0,28.0,14.0,638.44684,244.19646,0.6700971,0.97778785,47.69135,157.2897,68.54589,118.42465,0.08416815,0.02379119,0.028625092
1,227.0,2.2622302,12.864284,40.0,30.0,26.0,2.0,769.3535,584.9942,0.98252255,0.9982631,1.8198807,262.38025,142.08032,262.38025,0.12792994,0.014473906,0.07725328
1,244.0,2.212966,12.216217,40.0,35.0,29.0,10.0,846.60156,590.3724,0.98582566,0.9941643,17.57099,0.0,181.32916,184.09848,0.18345146,0.02544299,0.09388103
1,889.0,13.485765,10.5410185,10.0,33.0,25.0,16.0,1140.2272,810.562,0.9498187,0.98812765,374.44705,318.28693,199.71819,318.28693,0.07883753,0.013602655,0.035925023
1,870.0,16.761238,10.527349,40.0,38.0,28.0,15.0,1148.7437,819.20087,0.9672202,0.9997525,230.76465,496.7729,281.38776,270.18597,0.109708846,0.020086996,0.031894438
1,220.0,1.9138898,13.457419,40.0,23.0,30.0,6.0,727.2377,510.27985,0.98177475,0.99901706,2.303582,0.0,157.42346,140.10905,0.1885621,0.016959997,0.0934936
1,225.0,3.0751688,12.700955,40.0,33.0,26.0,2.0,753.99097,552.32825,0.97285306,0.99930143,3.0575247,174.41331,128.1984,174.41331,0.13673456,0.0128027145,0.07611076
1,541.0,11.993633,10.496539,10.0,40.0,24.0,15.0,1274.7008,1025.6998,0.974829,0.9904228,184.78647,614.66376,339.42926,335.27115,0.037685357,0.006353005,0.017702013
1,1455.0,25.753159,10.041859,30.0,31.0,23.0,14.0,1687.8723,781.2314,0.6971655,0.97664595,432.6789,550.0993,191.78253,253.67557,0.34822267,0.21316472,0.117263265
1,233.0,2.7131639,12.570703,40.0,30.0,25.0,3.0,842.608,638.45184,0.9872546,0.9992912,2.8311503,293.68628,161.25052,293.68628,0.123119034,0.01767542,0.080040365
1,670.0,6.134084,11.529561,40.0,31.0,26.0,13.0,1191.6213,866.6383,0.96457523,0.996392,67.11141,515.6451,207.85298,515.6451,0.06998039,0.01037909,0.029557953
1,610.0,5.4639144,11.472886,40.0,42.0,26.0,12.0,1251.293,947.72266,0.9627403,0.99650675,40.921967,607.15247,321.62085,285.55423,0.010437495,0.010508643,0.0027378537
1,1637.0,35.944046,9.454429,30.0,32.0,23.0,14.0,1774.938,899.19006,0.8390106,0.9705426,564.31934,619.24176,220.62067,420.49997,0.3646998,0.20719068,0.12165413
1,184.0,7.870321,13.9991255,40.0,27.0,30.0,4.0,660.5874,467.6647,0.5238915,0.5933692,90.784454,0.0,104.62747,203.38095,0.20926861,0.017428137,0.09785913
1,249.0,1.8713766,12.830684,40.0,37.0,22.0,5.0,885.93896,628.85223,0.97487634,0.99909276,6.0716214,92.20424,176.1377,101.46508,0.1382031,0.019663844,0.08021253
1,364.0,11.354644,13.206824,20.0,31.0,26.0,13.0,1062.5411,726.8955,0.9212995,0.97597057,22.63072,99.65083,255.4864,96.285675,0.1288443,0.030624444,0.050750766
1,1608.0,35.163284,9.767153,30.0,30.0,22.0,13.0,1695.463,812.31433,0.75736064,0.9645784,745.8437,587.0768,199.06505,262.08163,0.3508741,0.20533894,0.120210215
1,225.0,1.8267809,12.7390785,10.0,33.0,29.0,2.0,816.57684,574.67615,0.98456085,0.99769706,3.786055,39.71874,142.96175,175.8917,0.17265138,0.018116103,0.088688985
1,540.0,11.967898,10.882239,10.0,39.0,27.0,15.0,1280.0582,977.71643,0.97233295,0.98862755,24.128836,608.44666,326.43814,297.97537,0.009792393,0.0076592565,0.0030683894
1,227.0,2.1755633,13.119227,60.0,29.0,28.0,6.0,810.27454,628.27356,0.98633504,0.98922074,2.3511229,256.74506,197.47806,227.97408,0.11961275,0.018343475,0.07608135
1,1133.0,18.982637,10.669524,10.0,38.0,29.0,17.0,1274.2096,929.2779,0.9574756,0.9946538,89.877045,529.0504,350.01654,299.95016,0.0540917,0.026632624,0.017875535
1,239.0,1.5705485,13.520721,40.0,36.0,22.0,3.0,995.5382,772.4866,0.97808933,0.99578875,0.48670024,332.27435,216.34518,182.65672,0.13831139,0.023585228,0.08461544
1,227.0,2.3151839,12.744171,40.0,29.0,26.0,2.0,776.22107,592.9018,0.98102784,1.0,3.5920744,271.90164,143.3305,271.90164,0.12669791,0.015980221,0.078917414
1,221.0,1.6241077,14.315153,40.0,27.0,28.0,10.0,925.03235,658.6154,0.98672867,0.9983783,2.2241263,15.701156,226.70212,159.57082,0.17643334,0.03337871,0.0987957
1,220.0,2.0005617,13.042847,40.0,20.0,32.0,6.0,719.56946,506.89816,0.9658082,1.0,2.9142609,0.0,154.99536,133.69853,0.19463351,0.017216634,0.09551802
1,216.0,1.1369529,16.492609,80.0,29.0,33.0,8.0,835.96497,580.00085,0.9753318,0.994761,1.456337,0.0,200.27934,151.71246,0.20473379,0.035252385,0.103190824
1,523.0,12.04821,10.296861,10.0,36.0,24.0,23.0,1169.4261,782.2086,0.98030716,0.99149,141.20012,98.22054,273.80594,98.22054,0.17723028,0.05602718,0.08050137
1,340.0,2.6897354,17.297626,80.0,31.0,27.0,15.0,1080.5948,742.87067,0.9728023,0.9943963,1.052368,125.03557,205.64441,125.03557,0.08485363,0.016839512,0.038008846
1,590.0,5.921744,11.611213,10.0,41.0,26.0,12.0,1239.6031,939.48285,0.9651084,0.9975729,22.75116,614.63794,315.6277,295.08023,0.009719163,0.009229873,0.002628843
1,216.0,2.884735,12.350049,40.0,28.0,25.0,9.0,789.6809,546.03815,0.9775869,0.9948108,5.2001724,0.0,183.10884,177.34239,0.19353367,0.023261387,0.09349949
1,1577.0,2.2334597,19.688118,30.0,21.0,24.0,12.0,533.76666,178.73842,0.6360286,0.6927595,0.023975825,134.09186,66.71462,90.23988,0.034495253,0.014801184,0.016298717
1,882.0,29.995842,9.395454,30.0,36.0,26.0,18.0,1297.8273,874.9479,0.9183551,0.9901216,343.07913,482.61017,248.75192,301.7271,0.2267906,0.059491932,0.07409596
1,1711.0,23.547136,10.249674,10.0,30.0,24.0,15.0,2075.2522,1080.2227,0.74574107,0.9548902,189.12077,513.39087,240.00421,513.39087,0.39451113,0.16899426,0.14735515
1,837.0,26.232098,9.792245,10.0,37.0,25.0,15.0,1306.4177,1025.2882,0.969378,0.9982833,415.83344,607.2965,340.06644,321.98022,0.060465585,0.011221808,0.023304837
1,476.0,6.8410473,11.476707,10.0,41.0,26.0,10.0,1222.5842,942.8921,0.5238915,0.5933692,55.544044,619.10297,296.60657,309.55148,0.012291606,0.0033588049,0.0054592737
1,1036.0,18.722929,9.972299,30.0,32.0,26.0,13.0,1225.8665,847.62683,0.9716347,0.9923465,146.33607,249.02922,236.05367,249.02922,0.1467081,0.025066113,0.057971198
1,1589.0,4.8464904,12.538841,10.0,23.0,25.0,12.0,671.5126,199.29752,0.63911897,0.8115172,6.336139,130.97766,69.2773,115.421295,0.104509875,0.06195443,0.034914657
1,375.0,4.3498335,11.961865,40.0,23.0,19.0,10.0,1185.4105,812.0679,0.9803187,0.9917141,17.964493,147.7542,274.21783,147.7542,0.1401074,0.03516117,0.049163327
1,592.0,7.0693665,11.560386,10.0,35.0,22.0,12.0,1167.7439,870.0102,0.9463101,0.9983313,27.147343,517.841,341.88,421.4682,0.101958245,0.017579975,0.030147912
1,1205.0,36.18729,9.994194,10.0,31.0,30.0,18.0,1791.8291,934.0566,0.8243016,0.98898894,170.18085,636.17365,219.89703,437.78156,0.3657385,0.19806312,0.12389053
1,227.0,2.309948,12.928254,40.0,27.0,28.0,2.0,775.8567,586.076,0.9865191,0.99915683,3.2223687,256.8672,143.34772,256.8672,0.12814493,0.014037644,0.07636044
1,335.0,1.2523798,19.733606,80.0,36.0,24.0,23.0,1085.1309,727.84796,0.96323276,0.99673367,0.03872807,79.49886,266.5302,82.74836,0.1938655,0.06349542,0.09819895
1,1059.0,28.411865,10.37121,30.0,36.0,28.0,16.0,802.2241,436.972,0.89621836,0.96944916,144.71614,305.53094,149.56102,192.75755,0.1204364,0.037505608,0.04256846
1,267.0,2.4885182,12.491162,30.0,38.0,22.0,9.0,860.468,603.5904,0.9897343,0.98601097,24.038904,0.0,184.31104,172.1612,0.17743303,0.026369859,0.093271844
1,676.0,29.837221,11.350028,10.0,36.0,27.0,16.0,1287.8865,854.8186,0.90927106,0.99235666,142.65218,464.53247,242.42929,294.87814,0.22107841,0.057324108,0.07207557
1,220.0,2.2323647,12.9152565,40.0,20.0,35.0,3.0,718.6196,517.58405,0.9903145,0.9938643,171.1181,75.0447,110.004616,178.93349,0.15667596,0.01360598,0.08154402
1,1581.0,2.0987053,17.550505,40.0,22.0,25.0,13.0,544.39984,175.71718,0.5965451,0.80994284,0.2386305,136.79573,58.779976,83.05818,0.038376328,0.014818329,0.022243435
1,220.0,1.2005253,16.0658,80.0,32.0,24.0,7.0,897.4999,632.2008,0.97966397,0.9896098,2.3329463,5.7524233,220.4195,163.00073,0.18037288,0.03357019,0.09852496
1,1645.0,8.296068,11.341038,10.0,27.0,29.0,16.0,678.64606,209.02357,0.49311495,0.9245516,54.517773,163.14993,79.61332,125.41457,0.09040235,0.06471056,0.02694959
1,250.0,2.0795887,12.903283,30.0,39.0,20.0,7.0,882.8477,620.2229,0.9853321,0.99482715,1.9448764,74.17629,178.70198,95.64571,0.14986657,0.022673257,0.084814385
1,228.0,2.591772,12.321168,10.0,30.0,27.0,5.0,935.84393,668.48065,0.9837186,0.99594307,5.2186694,8.022815,233.98212,172.77959,0.16850792,0.03268667,0.09454577
1,612.0,14.513934,10.550157,30.0,34.0,23.0,18.0,1167.4371,855.777,0.98002565,0.9994012,188.54507,446.87817,216.3574,341.161,0.05257476,0.0071698185,0.024056965
1,479.0,21.16456,10.185926,10.0,28.0,19.0,17.0,1114.6116,777.9183,0.97823733,0.99594414,91.85438,162.97832,206.58289,162.97832,0.06645765,0.011616029,0.03049527
1,1955.0,22.600935,10.363238,10.0,31.0,29.0,13.0,1289.3083,927.62994,0.7508078,0.96220815,666.2977,481.52216,324.00397,317.48578,0.14004178,0.03343734,0.046211395
1,1577.0,2.2790165,19.5507,30.0,25.0,26.0,14.0,516.52185,177.05675,0.6172695,0.6644832,0.007756671,128.17854,57.96109,118.26065,0.03498087,0.01644058,0.012786023
1,380.0,13.235719,14.337016,0.0,40.0,29.0,13.0,1397.2667,1052.2701,0.5238915,0.5933692,324.6795,597.864,419.3121,287.7141,0.015558566,0.029984517,0.003863754
1,929.0,32.05778,10.773919,10.0,37.0,28.0,20.0,841.1869,463.7358,0.5725734,0.9267505,127.73985,313.7023,156.91927,191.5667,0.12579565,0.03859521,0.043277353
1,580.0,16.633162,10.391533,10.0,36.0,21.0,16.0,1171.5328,876.0823,0.9592809,0.9893116,65.909775,518.67444,300.86047,328.80856,0.0764985,0.01684676,0.02681483
1,1593.0,1.6445788,18.389677,40.0,24.0,28.0,13.0,599.7383,250.1805,0.6336066,0.9685169,0.101638466,262.5992,85.78117,173.47006,0.13309304,0.18795244,0.04117098
1,226.0,2.33534,12.717992,40.0,32.0,25.0,2.0,740.93384,565.45044,0.99620354,0.9950664,187.57811,248.3635,131.36266,248.3635,0.12999108,0.012349183,0.0762285
1,1578.0,2.2352297,18.73678,30.0,21.0,25.0,12.0,531.9431,178.47446,0.62728673,0.5955876,0.025720997,132.34338,66.776505,101.044075,0.033996366,0.015003694,0.0161376
1,630.0,19.125998,11.005675,10.0,36.0,26.0,18.0,1363.6445,928.3961,0.81141865,0.9651833,142.48163,525.6984,262.62387,288.52017,0.28433895,0.07558609,0.09544796
1,213.0,1.796267,12.975183,80.0,19.0,34.0,5.0,683.13,484.04916,0.9570209,0.9979119,1.6377946,0.0,125.82126,192.69713,0.20910412,0.017633835,0.09741322
1,1318.0,30.742376,9.6967535,10.0,27.0,30.0,16.0,1587.2539,945.28,0.84986466,0.9849899,750.03503,691.35046,258.59647,418.46024,0.33075136,0.112398595,0.12282311
1,938.0,32.68672,9.641319,10.0,36.0,25.0,16.0,1331.5485,972.51196,0.96302074,0.9951881,442.69257,470.4328,314.6905,261.61768,0.2091115,0.040912017,0.08110289
1,217.0,0.9225893,16.69998,60.0,30.0,27.0,6.0,865.5325,604.084,0.9883281,0.98906535,1.2776911,0.0,208.73578,168.34099,0.19083181,0.034033526,0.09964278
1,524.0,8.722397,10.720836,10.0,38.0,25.0,15.0,1306.8076,1030.3905,0.9462488,0.99300647,78.93057,518.9632,340.1345,267.89108,0.07799548,0.017101217,0.034229357
1,380.0,12.477642,12.256198,30.0,36.0,24.0,23.0,1015.2839,692.13043,0.9636782,0.98973393,22.783405,12.400602,256.86264,99.23859,0.1465252,0.047502577,0.08089435
1,800.0,26.609827,10.161369,10.0,37.0,27.0,16.0,1251.9225,796.2149,0.6598306,0.9615756,260.50183,422.49792,238.34665,277.93698,0.18922158,0.044134587,0.064743474
1,598.0,3.827414,11.881014,50.0,34.0,24.0,11.0,1128.2059,829.4799,0.9636608,0.98811793,51.950638,520.5808,321.79633,432.2794,0.09076018,0.015171953,0.024680559
1,1327.0,19.807383,10.154467,10.0,32.0,27.0,15.0,1177.919,826.65393,0.93657875,0.99777514,607.85626,438.96445,290.1303,264.84338,0.14481159,0.033133775,0.05426533
1,220.0,2.0044026,13.427234,40.0,31.0,29.0,6.0,862.8753,600.2267,0.9881786,0.99217796,1.4484001,0.0,210.61043,164.63713,0.19546829,0.034963988,0.10075343
1,400.0,15.183984,10.4735155,10.0,37.0,22.0,14.0,1117.8961,831.5506,0.9807938,0.9988989,89.1525,464.83563,250.7728,322.3764,0.12821235,0.022764852,0.05666057
1,1594.0,1.7121208,16.823969,50.0,25.0,28.0,11.0,628.97797,266.68863,0.58225644,0.95675087,0.14244834,304.0783,88.49942,199.50851,0.13518971,0.15020941,0.03661126
1,0.0,0.0,19.477886,0.0,36.0,24.0,9.0,1190.216,925.6938,0.5238915,0.5933692,0.05063309,608.7447,284.9454,304.37234,0.0139189605,0.0032057792,0.007073792
1,788.0,10.6477375,11.059297,10.0,37.0,23.0,16.0,1352.0574,1026.3636,0.97134185,0.99683774,342.7425,468.37738,343.2062,252.72427,0.18008031,0.032402977,0.071770765
1,859.0,33.61044,9.408508,10.0,35.0,28.0,17.0,1268.0656,814.6219,0.929871,0.9872885,311.21387,428.52777,229.8084,281.24942,0.2096517,0.052980877,0.06803347
1,1593.0,4.241063,15.976466,40.0,19.0,25.0,13.0,660.6683,223.04529,0.715377,0.9642479,5.555201,181.59479,70.37489,134.30647,0.17962955,0.25500187,0.07744809
1,725.0,17.97813,10.214891,10.0,32.0,25.0,17.0,1140.7476,803.30835,0.9451252,0.9914723,202.57843,241.92024,201.54323,240.29956,0.086492985,0.016583469,0.040862802
1,1449.0,13.908234,10.531506,30.0,37.0,29.0,14.0,1245.9961,917.0392,0.8693938,0.9759314,487.0246,579.1824,324.66486,298.78506,0.030056275,0.02664985,0.008039601
1,1568.0,36.735252,9.415746,10.0,32.0,31.0,17.0,1289.5303,911.4803,0.6767988,0.976178,951.9543,466.5743,268.0369,233.28716,0.20713128,0.05591593,0.07092969
1,0.0,0.0,20.022652,60.0,35.0,22.0,10.0,1205.2292,943.7836,0.5238915,0.5933692,0.06908233,599.69824,296.16614,302.15503,0.011947007,0.0031063,0.005700483
1,234.0,1.8029674,13.17161,40.0,29.0,26.0,3.0,870.13794,663.8606,0.99129915,0.9985435,2.2273684,287.8862,205.54625,231.21474,0.1239534,0.020132001,0.08088205
1,0.0,0.0,20.014933,0.0,37.0,24.0,10.0,1197.734,934.7525,0.5238915,0.5933692,0.044717498,601.8267,292.38855,300.91336,0.012931483,0.0031559642,0.0063860924
1,372.0,2.6691303,12.841092,80.0,34.0,22.0,10.0,1200.4785,925.766,0.9769541,0.9952571,4.5365567,625.8282,283.5489,346.8207,0.00880629,0.002043411,0.0036209447
1,232.0,2.5125496,12.669622,40.0,37.0,21.0,7.0,972.56335,688.02936,0.99374604,0.9999045,3.8531854,101.6112,226.56705,101.6112,0.12599708,0.023639437,0.0730115
1,226.0,2.0842927,12.940243,40.0,29.0,27.0,2.0,756.85614,571.5242,0.9851859,0.999503,10.736672,239.47311,134.94986,239.47311,0.13110468,0.012784596,0.07597558
1,816.0,17.316448,10.856021,10.0,36.0,25.0,14.0,1352.457,1033.0906,0.973625,0.99811137,279.52338,475.13138,344.00543,254.00572,0.17815314,0.030810002,0.07137295
1,397.0,14.465612,11.186333,10.0,28.0,22.0,16.0,1052.3716,709.9321,0.89268136,0.96246374,53.00404,104.274155,253.75775,104.274155,0.11593378,0.031527054,0.051320184
1,0.0,0.0,22.384758,60.0,35.0,22.0,9.0,1197.7119,934.7258,0.5238915,0.5933692,0.031777978,601.84705,292.3666,300.92355,0.012934385,0.0031561104,0.006388114
1,594.0,16.051537,10.364122,40.0,41.0,25.0,15.0,1279.7639,975.488,0.9767104,0.99346167,77.75019,608.58026,328.81396,293.06686,0.009657141,0.008219702,0.002878301
1,232.0,2.0708811,14.038201,50.0,30.0,26.0,4.0,829.62476,622.3755,0.96210885,1.0,0.6513394,268.5296,156.91348,268.5296,0.124334395,0.016743824,0.07807676
1,359.0,3.8819306,11.7621,40.0,23.0,19.0,7.0,1147.6746,786.0136,0.99344903,0.9924197,13.977288,132.45323,238.98369,132.45323,0.090715386,0.015870199,0.027456252
1,362.0,8.171459,13.777381,80.0,24.0,20.0,11.0,1070.2153,721.6043,0.8820618,0.9698392,20.317646,89.047035,258.67337,89.047035,0.14686568,0.04386854,0.06899066
1,227.0,1.837676,13.189771,40.0,27.0,27.0,2.0,779.89014,602.05927,0.9844694,0.99880487,187.58864,286.12112,135.70088,286.12112,0.12557305,0.016853675,0.079170056
1,610.0,7.0597863,11.470426,40.0,42.0,27.0,12.0,1218.2561,922.5044,0.9665808,0.9974701,17.400108,622.86597,302.1938,316.24115,0.009604962,0.008657757,0.0025884926
1,239.0,1.5521334,13.137207,40.0,39.0,20.0,5.0,986.56854,754.36273,0.9757261,0.987924,3.914346,339.40945,256.08017,169.70473,0.15780987,0.027886782,0.09647467
1,1116.0,37.1858,9.513274,30.0,31.0,29.0,17.0,1643.9241,923.4103,0.5086066,0.95142084,449.86676,729.24274,242.40083,372.44818,0.3349688,0.13979138,0.12614496
1,555.0,12.111917,10.18254,10.0,37.0,23.0,12.0,1094.6401,822.918,0.9899908,0.9983898,148.61403,495.0756,268.68933,330.2881,0.1300965,0.022284068,0.05127507
1,646.0,25.884214,10.111966,10.0,36.0,25.0,15.0,1378.64,934.1006,0.93683684,0.9872382,159.83467,543.6635,260.38425,308.45978,0.30589545,0.0818849,0.10623507
1,244.0,0.7337053,16.885094,80.0,37.0,25.0,7.0,1091.5482,844.73456,0.9621341,0.98925847,1.0351161,383.12332,272.74472,201.64331,0.1896316,0.030779185,0.109073505
1,341.0,3.9341848,16.618038,80.0,36.0,24.0,23.0,1168.8131,804.2778,1.0,1.0,0.28671572,139.99484,260.02493,139.99484,0.1194929,0.026323011,0.036937453
1,375.0,6.389839,11.839447,10.0,32.0,28.0,11.0,1138.6824,785.1505,0.9481578,0.9936482,30.261934,127.04006,261.03586,127.04006,0.13098755,0.027278928,0.038254075
1,226.0,1.5373143,14.507273,40.0,29.0,29.0,7.0,791.6901,615.15204,0.9715383,0.9931529,12.006614,262.23495,180.24481,248.11385,0.120269805,0.017696276,0.07599615
1,866.0,11.813029,10.479885,30.0,34.0,25.0,14.0,1224.4135,874.8006,0.98694056,0.9928252,214.50198,448.7274,202.44397,448.7274,0.093554996,0.014674304,0.039180867
1,1832.0,39.594196,9.53675,10.0,36.0,24.0,23.0,943.96387,484.8482,0.14532545,0.7262109,628.44403,131.11504,172.32376,164.11049,0.08909373,0.031187842,0.037629325
1,1798.0,36.05759,9.681326,10.0,30.0,23.0,14.0,1721.969,791.57495,0.69564533,0.9515718,839.937,527.29456,194.88657,249.10316,0.3539179,0.22318704,0.11682941
1,234.0,1.7899053,13.114784,40.0,30.0,26.0,4.0,872.27515,665.451,0.9933841,0.9937758,2.1832187,279.94592,219.75693,203.1008,0.12413486,0.020628689,0.08103899
1,361.0,2.41013,11.937118,50.0,41.0,21.0,11.0,1100.083,838.98315,0.984294,0.99162304,39.88767,509.6641,301.68045,282.91605,0.11841947,0.019708823,0.050587248
1,254.0,2.596122,13.408566,40.0,37.0,23.0,4.0,890.8504,642.8599,0.98953676,0.9919385,5.2218947,152.43153,176.85208,152.43153,0.12873824,0.01859537,0.077732354
1,1577.0,1.4627179,19.77488,30.0,25.0,25.0,15.0,532.0092,181.57507,0.28953367,0.40831903,0.009294037,150.51016,61.501366,97.246124,0.04061132,0.01573134,0.015255292
1,459.0,6.2434587,11.577922,40.0,40.0,25.0,10.0,1213.5592,934.7973,0.5238915,0.5933692,22.927254,625.5614,290.02643,312.7807,0.012876529,0.0033374985,0.0056950646
1,1748.0,23.044268,10.347827,40.0,30.0,21.0,13.0,1634.6477,957.8162,0.3580545,0.92612845,206.18808,604.0953,244.28697,557.6662,0.3746637,0.17397493,0.13263412
1,657.0,31.284943,11.815559,10.0,37.0,26.0,17.0,1293.9332,883.4715,0.7969013,0.9864468,123.23397,482.85388,254.62473,301.02728,0.2247547,0.057075594,0.07526335
1,234.0,1.2799149,13.381061,40.0,37.0,21.0,3.0,936.5342,721.1647,0.9796033,0.9953313,1.1781974,315.98804,224.69215,163.50719,0.12965457,0.024171047,0.08293715
1,541.0,9.267584,11.874988,30.0,41.0,27.0,15.0,1656.3198,1141.7579,0.9181569,0.99511814,49.63084,0.0,0.0,0.0,0.054858856,0.09702914,0.014680046
1,520.0,14.4657755,10.405745,20.0,39.0,25.0,17.0,1287.7953,1029.0673,0.97400236,0.9981248,106.554504,604.8295,331.48267,314.39984,0.05957189,0.010244718,0.02608861
1,1497.0,24.295954,10.407371,30.0,31.0,30.0,14.0,1189.4197,804.8159,0.89795303,0.98507196,358.50378,439.35193,290.22684,264.45667,0.14704992,0.03575189,0.053585656
1,264.0,3.0549078,11.993059,20.0,41.0,24.0,8.0,879.7022,619.37244,0.9916302,0.9931475,21.221432,11.348907,196.4953,156.70738,0.17627108,0.030371653,0.095196776
1,252.0,2.4258413,12.311155,20.0,36.0,26.0,10.0,848.07605,591.84955,0.9886789,0.99178994,24.380291,0.0,182.86911,182.07265,0.18333732,0.026120452,0.094169885
1,229.0,1.882675,12.822068,40.0,34.0,28.0,7.0,861.2208,598.1312,0.9652926,0.99890125,1.908807,35.70452,168.83072,147.4941,0.16658017,0.021597002,0.08841614
1,228.0,2.423968,12.679789,40.0,27.0,27.0,2.0,776.9864,588.23236,0.99183965,0.9985674,2.580136,262.42313,144.74762,262.42313,0.12781255,0.014397876,0.07679161
1,793.0,9.615106,10.858043,10.0,37.0,26.0,14.0,1275.6311,981.15125,0.97547525,0.9965445,54.554886,497.54123,332.08124,295.05396,0.1144311,0.022622433,0.04208829
1,0.0,0.0,20.936598,0.0,39.0,28.0,10.0,1250.3085,972.19763,0.5238915,0.5933692,0.092789575,615.8263,309.75308,340.7416,0.006160584,0.0046538836,0.002369109
1,220.0,0.6924554,18.112282,80.0,29.0,27.0,8.0,920.4022,654.4174,0.98192495,0.9979038,0.58741164,11.308022,226.61118,161.10748,0.178608,0.033836883,0.099515796
1,679.0,6.963986,11.724214,10.0,39.0,29.0,12.0,1259.7751,952.05414,0.9670774,0.99656,20.171316,513.822,321.81085,295.3416,0.112006545,0.020255554,0.03942464
1,880.0,21.310684,9.909264,10.0,33.0,23.0,16.0,1132.0619,807.7798,0.9670826,0.9991838,378.47925,282.98642,198.59872,282.98642,0.073923886,0.0129388925,0.034453213
1,1263.0,36.817993,9.456514,10.0,31.0,31.0,18.0,1323.9617,938.1754,0.5379573,0.9755452,747.0821,482.99286,286.9697,241.49643,0.21589942,0.056043003,0.07665012
1,755.0,15.372003,10.531964,10.0,37.0,27.0,14.0,1300.9454,1009.4081,0.9784937,0.9966921,137.35922,572.2288,348.05527,297.95898,0.08125528,0.014253761,0.030439995
1,813.0,20.202654,9.774511,10.0,40.0,26.0,14.0,1264.3524,959.7124,0.97278893,0.99814236,308.68085,600.843,328.52563,276.46735,0.009611302,0.009067299,0.002686967
1,326.0,1.9790206,12.298412,50.0,41.0,22.0,11.0,1095.677,834.4906,0.9719719,0.9959171,41.338177,513.8744,294.55222,281.13943,0.13568504,0.023334457,0.059602685
1,222.0,2.2901177,12.643949,40.0,30.0,29.0,9.0,822.8717,566.9158,0.98159593,0.9997798,6.391411,0.0,198.2563,163.93344,0.20066124,0.027399538,0.09563686
1,701.0,19.898478,9.970346,10.0,40.0,26.0,14.0,1280.6876,973.30396,0.95064574,0.99078184,199.01642,611.58276,330.39957,295.52426,0.010314243,0.0103494385,0.0027159597
1,793.0,31.297087,9.698355,10.0,35.0,26.0,17.0,1347.1173,947.9938,0.7195748,0.97601247,344.84714,497.943,283.32855,259.90164,0.2478473,0.0635064,0.08795162
1,680.0,30.944664,10.353544,10.0,36.0,25.0,16.0,1349.7826,928.8974,0.914782,0.9819083,166.81027,530.75,260.50497,296.9645,0.29077387,0.08008739,0.097389385
1,250.0,2.5789912,12.333931,40.0,36.0,23.0,7.0,885.7782,623.50916,0.9770799,0.9940849,12.371352,80.94676,176.29984,97.58263,0.14597274,0.021379126,0.08318085
1,376.0,3.4463766,11.958412,40.0,22.0,20.0,10.0,1167.4996,794.2557,0.9937886,0.9934303,8.328436,125.49474,272.89096,81.4596,0.14699388,0.03877638,0.05404741
1,222.0,1.9430352,13.27362,40.0,29.0,29.0,3.0,768.23145,533.31604,0.9782596,0.9998243,0.9360733,0.0,163.83174,181.76729,0.19297302,0.022009857,0.0916874
1,236.0,1.4130869,13.390207,40.0,37.0,22.0,4.0,949.28455,729.7621,0.9722151,0.9915763,2.8604648,315.8236,232.62393,158.08238,0.13452008,0.025018226,0.08550885
1,248.0,2.3010945,12.581304,50.0,37.0,22.0,7.0,881.94385,619.4336,0.9820251,0.9926975,2.494333,78.713844,175.75171,97.27276,0.1478685,0.021716591,0.083806634
1,219.0,1.8641735,13.86007,40.0,21.0,33.0,5.0,722.9513,512.9667,0.98633033,1.0,1.5526245,0.0,146.75941,179.06036,0.20377639,0.018109977,0.09648133
1,1988.0,30.97892,9.796157,10.0,36.0,24.0,23.0,1149.7845,632.71405,0.660169,0.9425782,644.3166,133.6484,261.03625,133.6484,0.11706359,0.030959353,0.048356287
1,560.0,16.709843,10.4427395,10.0,37.0,26.0,15.0,1304.3811,1028.6493,0.9694332,0.9977056,172.23459,611.4469,340.1849,310.64993,0.053122215,0.010140456,0.02126641
1,220.0,0.9104209,17.773647,80.0,28.0,28.0,5.0,930.3401,663.7514,0.98387116,0.9997638,1.119948,5.5783153,230.36908,171.76915,0.1749007,0.03346945,0.09817614
1,362.0,9.839201,14.497524,60.0,23.0,19.0,12.0,1069.0299,720.47723,0.9413597,0.97388005,21.19965,65.61317,261.19977,80.528145,0.15693979,0.049288202,0.07782549
1,1737.0,30.535595,9.60424,30.0,29.0,25.0,14.0,1664.6178,945.556,0.4051395,0.93087953,1056.5642,747.08356,252.31917,430.7892,0.3406061,0.14312936,0.13221022
1,239.0,1.398312,14.07949,40.0,29.0,21.0,3.0,1035.562,802.799,0.97632796,0.99451053,0.49218243,360.1849,255.94885,180.09245,0.15620334,0.026514549,0.09429808
1,1366.0,17.404217,10.85013,40.0,32.0,31.0,14.0,1358.5334,710.2733,0.91272956,0.98247755,318.86862,494.31863,206.88376,326.01105,0.18542264,0.045494676,0.05724398
1,1189.0,9.60356,11.903936,40.0,36.0,29.0,16.0,1385.9269,728.7359,0.88556874,0.9915948,25.746513,206.1832,223.32391,206.1832,0.20947477,0.025844712,0.07562473
1,249.0,2.4460003,12.637473,40.0,42.0,25.0,6.0,878.6847,617.2033,0.98791146,0.99478006,22.191132,11.609975,201.59656,157.2609,0.17919749,0.03130907,0.09643837
1,689.0,6.643354,11.433105,50.0,38.0,28.0,12.0,1235.0801,924.45123,0.9599272,0.98949784,47.843346,502.0408,310.20026,278.1712,0.11138819,0.018685596,0.039036117
1,227.0,2.109998,13.277299,40.0,26.0,28.0,2.0,778.67664,590.3678,0.9943412,0.9976953,1.0772107,264.40775,145.31767,264.40775,0.12748028,0.014758182,0.077222705
1,228.0,2.591772,12.321168,10.0,30.0,27.0,5.0,935.84393,668.48065,0.9837186,0.99594307,5.2186694,8.022815,233.98212,172.77959,0.16850792,0.03268667,0.09454577
1,350.0,11.313175,10.946903,40.0,29.0,23.0,14.0,1123.6327,803.28235,0.9957304,0.99741995,37.71453,267.18393,213.29214,267.18393,0.054518346,0.009245927,0.026757179
1,225.0,1.8293605,13.857314,40.0,28.0,29.0,6.0,792.9428,550.0763,0.9751164,0.9955156,0.6718171,0.0,172.42258,181.33968,0.19345638,0.02419673,0.09253847
1,629.0,7.8397856,11.119614,40.0,42.0,27.0,13.0,1236.2114,934.2506,0.9610514,0.997309,54.306866,611.35834,313.60114,298.40976,0.010352058,0.0103182485,0.0026843024
1,233.0,2.7131639,12.570703,40.0,30.0,25.0,3.0,842.608,638.45184,0.9872546,0.9992912,2.8311503,293.68628,161.25052,293.68628,0.123119034,0.01767542,0.080040365
1,1034.0,25.631197,10.06156,10.0,39.0,27.0,15.0,1210.9254,903.8654,0.96859324,0.9913451,412.54074,581.7868,298.6782,322.85437,0.012804204,0.013074941,0.0030667002
1,274.0,2.5423732,12.096493,20.0,38.0,22.0,8.0,874.7236,616.32666,0.98965675,0.99612653,22.09901,12.488362,182.35472,153.75995,0.16793284,0.025767773,0.090651736
1,362.0,7.932929,10.7652445,10.0,35.0,22.0,9.0,884.8206,624.0259,0.96336806,0.9980255,114.41537,2.5061152,184.69034,166.12326,0.16408136,0.027784087,0.09073406
1,220.0,1.8225659,12.884211,40.0,28.0,30.0,5.0,766.9047,531.9325,0.97705567,0.99949926,9.655895,0.0,170.4462,179.34447,0.18850794,0.020820389,0.09182339
1,1588.0,29.909674,9.607056,10.0,30.0,32.0,16.0,1429.0367,929.5487,0.83296734,0.9846748,807.72943,606.74207,242.78188,488.62506,0.33592126,0.10671505,0.11749099
1,1371.0,13.350083,10.769292,10.0,36.0,31.0,16.0,1280.9122,928.9641,0.937034,0.98872155,180.06511,533.17285,347.1679,282.26163,0.061268806,0.034178447,0.020172713
1,713.0,12.495537,10.636413,10.0,27.0,21.0,16.0,1249.4666,864.16815,0.9790765,0.995465,117.397064,191.91486,268.92215,191.91486,0.20799632,0.047641892,0.073822945
1,522.0,12.932957,10.1873,10.0,35.0,23.0,12.0,1089.6824,821.3994,0.99582106,0.99728477,164.90038,489.91736,268.34015,326.34384,0.13694614,0.023275832,0.055493277
1,1583.0,30.737623,10.052992,30.0,31.0,21.0,15.0,1578.877,826.6702,0.608732,0.9331382,140.71509,600.48865,222.1503,280.40942,0.28600886,0.10729548,0.0966215
1,0.0,0.0,20.23299,0.0,34.0,23.0,10.0,1048.0714,810.1855,0.5238915,0.5933692,0.033436548,468.93646,266.19525,258.27902,0.1168038,0.020199547,0.053331085
1,217.0,2.1314118,13.684094,40.0,29.0,30.0,8.0,829.68176,574.33014,0.99172705,0.9867875,2.9203346,0.0,199.03833,152.83046,0.20853193,0.034606356,0.10368754
1,760.0,15.543163,10.571716,10.0,36.0,28.0,15.0,1277.2421,985.862,0.95898575,0.9955474,63.337162,491.2061,326.9475,291.10654,0.11295305,0.022168541,0.04241339
1,241.0,1.948276,12.8565445,40.0,36.0,24.0,5.0,871.58167,652.2121,0.97253466,0.99807125,2.5722659,281.68588,171.19064,281.68588,0.123756334,0.018870153,0.08046609
1,225.0,4.1953135,11.911696,10.0,32.0,26.0,12.0,811.4478,559.8347,0.99189764,0.99549717,14.613099,0.0,196.89096,167.47278,0.19829357,0.024305265,0.09688823
1,288.0,1.5132097,12.756615,40.0,37.0,21.0,6.0,1000.3305,752.15894,0.9721278,0.99225,8.1909895,421.78165,256.78745,229.24245,0.15359098,0.032440525,0.07286738
1,215.0,1.2337154,15.687028,80.0,27.0,30.0,10.0,829.7878,575.49396,0.9923452,0.99303913,1.094388,0.0,195.58188,155.40356,0.20727102,0.034676034,0.103495404
1,68.0,6.6638594,17.049746,0.0,34.0,26.0,2.0,735.0959,561.2404,0.5238915,0.5933692,56.04243,245.22194,129.4645,245.22194,0.13113964,0.011865319,0.076162554
1,227.0,2.9147737,12.839573,40.0,34.0,25.0,2.0,771.759,563.7514,0.96299434,0.997426,1.5437906,179.67024,134.4138,179.67024,0.13500308,0.013349503,0.07612181
1,223.0,1.9676942,13.593608,40.0,28.0,29.0,3.0,775.715,539.74524,0.9803321,0.99914426,2.2703066,0.0,159.17209,187.412,0.19149153,0.021449724,0.09086678
1,228.0,2.0875666,12.543663,40.0,26.0,28.0,2.0,784.575,590.9832,0.99259335,0.99423146,2.393022,257.03455,145.91061,257.03455,0.12774365,0.014354381,0.07629982
1,928.0,20.564032,10.28695,10.0,34.0,27.0,15.0,1261.1416,894.1957,0.9929203,0.999992,107.82343,569.8666,234.83441,510.2609,0.28019187,0.08694855,0.09298121
1,617.0,15.17393,10.306562,10.0,39.0,24.0,14.0,1194.8851,940.0773,0.9623259,1.0,310.56207,569.77545,309.8927,327.90244,0.07937561,0.011443422,0.031715866
1,1578.0,1.8029487,18.237713,30.0,25.0,24.0,12.0,521.9234,178.54929,0.65616494,0.48217326,0.076832555,141.88081,60.87442,122.11892,0.034763515,0.01567047,0.013526134
1,355.0,7.8186913,11.539905,40.0,28.0,21.0,13.0,1105.3369,771.487,0.9735991,0.9856341,17.509405,130.69977,208.69984,145.86543,0.05894648,0.009772677,0.02709248
1,232.0,1.7927723,12.971864,40.0,30.0,29.0,4.0,856.8667,658.02045,0.99705875,0.9903453,1.8767033,266.91364,220.93488,189.61636,0.12236356,0.020299193,0.07929217
1,1584.0,2.2875948,17.961992,30.0,17.0,24.0,13.0,704.7078,216.4195,0.628136,0.9319374,0.15088199,153.83168,83.999016,121.08934,0.15234683,0.17988251,0.051983234
1,346.0,3.2518442,13.755392,80.0,24.0,22.0,11.0,1172.0156,805.19684,0.9988182,0.9988834,2.391477,141.28027,260.07446,141.28027,0.12006031,0.026940439,0.037594516
1,1734.0,6.5995383,11.368483,10.0,22.0,28.0,14.0,638.44684,244.19646,0.6700971,0.97778785,47.69135,157.2897,68.54589,118.42465,0.08416815,0.02379119,0.028625092
1,569.0,13.274262,10.849935,10.0,36.0,23.0,13.0,1287.0823,936.6745,0.9717596,0.98489094,121.70927,474.65793,293.15976,271.31705,0.16250566,0.04096908,0.05888511
1,728.0,20.038427,10.185902,10.0,40.0,26.0,13.0,1281.9054,973.3518,0.95186144,0.9849788,250.84836,614.44775,329.59723,302.88867,0.01110469,0.011916991,0.002743257
1,242.0,1.5217824,13.486876,10.0,40.0,21.0,4.0,1030.9978,802.26184,0.9795356,0.998789,1.6867797,356.72122,231.8866,199.66022,0.15174755,0.025151096,0.08974587
1,234.0,2.1637394,12.664706,40.0,29.0,27.0,3.0,867.9904,662.26135,0.9877178,0.9977873,1.6872797,295.82672,191.33205,259.30746,0.123770855,0.019635167,0.08072451
1,1395.0,42.211674,9.469329,10.0,33.0,29.0,18.0,1327.1826,1006.7161,0.65301335,0.9600265,572.42206,477.64563,332.9378,255.36157,0.17233615,0.031607695,0.067307495
1,1594.0,1.601729,18.349684,10.0,24.0,29.0,11.0,644.0495,270.336,0.59647393,0.95655155,0.04740629,297.39093,90.15826,187.32407,0.1478708,0.15934849,0.039601944
1,827.0,32.35029,9.791866,10.0,35.0,23.0,16.0,1294.6449,927.1601,0.97132427,0.9909739,374.1527,467.1734,283.15366,245.719,0.184281,0.047642395,0.065829396
1,480.0,8.047874,10.868841,10.0,38.0,26.0,14.0,1308.7174,1025.3142,0.9341573,0.9979508,50.332687,500.8365,331.64514,266.84396,0.09092432,0.017876983,0.03936519
1,365.0,3.6947317,12.276085,40.0,21.0,21.0,9.0,1173.4781,800.1991,0.9870512,0.99015826,4.8460975,133.48381,273.60165,93.90375,0.14283462,0.036536485,0.050522562
1,845.0,19.554674,10.477713,30.0,32.0,25.0,15.0,1218.1497,827.01324,0.9611014,0.9995567,56.650555,222.72972,238.31299,189.8391,0.18094626,0.029736148,0.06448298
1,247.0,1.1575809,13.185448,50.0,37.0,21.0,3.0,1057.8068,816.14453,0.98443955,0.99549794,1.2503221,375.68362,248.94661,199.79417,0.17432518,0.02797174,0.099308155
1,355.0,6.441156,13.076459,80.0,30.0,26.0,13.0,1072.2888,730.4535,0.9296378,0.966785,11.432972,107.7668,258.01477,105.57575,0.12523471,0.02892699,0.044499293
1,227.0,2.8695526,12.259665,10.0,34.0,27.0,2.0,762.6998,558.66376,0.9709773,0.9998269,4.782268,181.78148,130.86887,181.78148,0.13534008,0.013126572,0.07609648
1,1601.0,2.7995658,11.825555,50.0,19.0,26.0,13.0,695.73303,226.81277,0.80026245,0.97880006,13.039105,178.50131,83.92865,142.04172,0.1486198,0.17975281,0.050367832
1,1010.0,8.473248,12.879397,80.0,36.0,24.0,23.0,363.46747,92.583885,0.9384346,0.98272985,28.548685,1.0095434,20.03792,25.1955,0.0111193415,0.014000026,0.004561972
1,352.0,4.655764,18.573444,80.0,33.0,29.0,14.0,1131.5458,778.5434,0.9473749,0.9894097,13.686637,120.04392,262.00018,120.04392,0.13657267,0.028756233,0.039687183
1,232.0,1.9972156,13.229864,40.0,30.0,27.0,3.0,847.2042,647.08636,0.98665905,0.9898207,2.9535086,305.51468,157.86414,305.51468,0.12357543,0.018394219,0.08010392
1,792.0,19.18076,10.015793,30.0,34.0,22.0,18.0,1172.3865,858.19666,0.9865518,0.99479276,356.7094,527.3852,213.59206,425.8129,0.0592282,0.008648696,0.025027916
1,340.0,2.4223244,18.778818,80.0,36.0,24.0,23.0,1080.6213,738.1561,0.9369091,0.97267985,2.3857324,108.43563,259.49496,107.41179,0.13085163,0.029069752,0.043670673
1,230.0,3.1905785,12.668684,40.0,31.0,28.0,2.0,794.64984,598.3863,0.9946372,0.9949802,2.512249,260.97583,148.97272,260.97583,0.1269625,0.01499947,0.07669987
1,278.0,3.090997,11.822889,10.0,39.0,26.0,9.0,821.6704,571.12177,0.9975787,0.9987439,53.769882,0.0,183.76106,180.04367,0.19217458,0.026739055,0.095081195
1,342.0,3.336749,16.692514,80.0,36.0,24.0,23.0,1086.8455,726.4481,0.93562526,0.9844539,1.8221927,83.25118,269.77228,83.25118,0.20548342,0.06931576,0.1060043
1,235.0,2.2368095,14.082869,80.0,35.0,21.0,8.0,980.8529,749.27856,0.9847103,0.9846107,1.7669493,336.41916,254.97641,168.20958,0.15681012,0.028295347,0.09671725
1,238.0,2.9679039,12.439088,10.0,37.0,23.0,9.0,869.1541,608.334,0.9884805,0.989,18.20217,0.0,203.36418,169.6972,0.18443364,0.032325804,0.09781725
1,345.0,3.8054142,14.013955,80.0,36.0,24.0,23.0,1143.6893,783.933,0.9915053,0.9947292,1.435931,133.2703,229.72495,133.2703,0.07335841,0.0111668045,0.02347708
1,236.0,2.6283932,12.25954,50.0,36.0,24.0,23.0,806.46326,610.79205,0.9823301,0.9972422,9.23046,276.85803,151.94391,276.85803,0.12506245,0.016640881,0.0790036
1,1582.0,2.652596,16.244139,10.0,23.0,25.0,12.0,675.31946,200.12347,0.47328097,0.7368609,0.48771107,128.37581,70.35849,107.22601,0.11369358,0.07221533,0.03415314
1,232.0,2.655891,12.519006,50.0,29.0,26.0,4.0,804.03314,608.3025,0.98084635,0.9964119,3.53907,272.23148,151.79597,272.23148,0.12544222,0.016312445,0.07854299
1,225.0,3.248043,12.423401,40.0,34.0,25.0,2.0,753.0144,549.8386,0.97153693,0.99606854,5.9266,169.77965,127.08525,169.77965,0.13779205,0.012702059,0.076150134
1,355.0,3.0949154,12.42329,80.0,18.0,19.0,10.0,1145.4332,781.0215,0.97316444,0.99582076,9.443925,118.93533,264.42523,88.06609,0.1322569,0.032153223,0.044461336
1,232.0,1.7033811,13.116832,40.0,32.0,25.0,4.0,872.8598,668.712,0.99442214,0.994661,1.3275636,275.21396,234.1023,192.36287,0.1232911,0.021175642,0.08027109
1,365.0,3.6947317,12.276085,40.0,21.0,21.0,9.0,1173.4781,800.1991,0.9870512,0.99015826,4.8460975,133.48381,273.60165,93.90375,0.14283462,0.036536485,0.050522562
1,2029.0,25.982891,9.669022,30.0,25.0,23.0,15.0,605.28156,283.99805,0.5702719,0.9629076,285.806,449.735,90.06286,187.65979,0.053574618,0.040879585,0.015506732
1,231.0,2.5272105,12.715485,40.0,36.0,26.0,2.0,793.64,567.5299,0.9954835,0.9971746,4.7983027,151.50385,141.10236,151.50385,0.1428366,0.013746867,0.07846198
1,912.0,16.793543,10.356357,10.0,34.0,28.0,15.0,1240.8986,887.69226,0.97932565,0.99745834,112.82165,536.4302,245.16948,454.26834,0.25203636,0.07541409,0.07969338
1,366.0,4.5078745,11.520133,40.0,34.0,27.0,11.0,1090.5552,751.2655,0.94935906,0.988195,20.590658,105.42705,249.95905,105.42705,0.13359296,0.027607134,0.045825787
1,383.0,13.409766,11.635414,40.0,36.0,24.0,23.0,1110.4409,740.18286,0.9291793,0.97443056,38.627823,72.08132,270.0329,84.61906,0.19267376,0.06793785,0.0992026
1,1961.0,4.9995174,11.402687,40.0,26.0,28.0,12.0,714.6773,290.83066,0.57105935,0.9550328,274.3451,204.12636,89.619965,159.41113,0.12509656,0.03290503,0.041678898
1,224.0,3.0746067,12.463513,40.0,24.0,34.0,2.0,744.0779,553.1061,0.9845682,0.9998505,40.480293,197.70518,130.55507,197.70518,0.13530213,0.012521633,0.07601283
1,356.0,1.5791527,15.007247,10.0,34.0,23.0,11.0,1343.1346,1031.6436,0.97930133,0.997353,1.0072607,482.4555,355.36487,306.4639,0.115497515,0.02233743,0.048294257
1,1579.0,2.2611585,18.954016,10.0,22.0,26.0,10.0,579.3028,184.1075,0.6610576,0.843429,0.071163155,139.2175,51.243244,97.384445,0.046232093,0.018007511,0.029046034
1,229.0,1.8221391,12.916671,50.0,32.0,30.0,4.0,852.751,594.1455,0.98781234,0.9993972,4.9942265,0.0,173.64944,187.57213,0.17660359,0.02213084,0.09137274
1,220.0,0.9921443,16.900085,80.0,31.0,25.0,7.0,909.4554,643.90045,0.979593,0.98703575,1.1967889,11.365484,223.2947,158.18546,0.1792016,0.03366198,0.09889117
1,224.0,2.1040444,13.290635,40.0,29.0,27.0,2.0,741.35785,568.8551,0.99146295,0.9995654,130.44275,256.2874,132.37474,256.2874,0.12928155,0.0136228185,0.077343374
1,256.0,2.6895368,12.031771,20.0,38.0,23.0,9.0,858.85394,601.60504,0.9891713,0.98611933,22.447798,0.0,182.8339,174.73166,0.17783806,0.02572753,0.09313304
1,353.0,6.1362176,16.455776,80.0,36.0,24.0,23.0,1018.96796,699.6559,0.9475962,0.98897797,3.2561848,41.680515,260.63068,93.82941,0.1509325,0.04761431,0.08372925
1,581.0,10.1722975,10.95802,10.0,40.0,28.0,12.0,1227.6063,932.78564,0.98100054,0.9990421,39.670586,602.3107,304.8443,332.69235,0.011322585,0.0046089552,0.0035192005
1,1103.0,15.994203,10.641528,10.0,39.0,29.0,16.0,1257.5654,925.985,0.9473868,0.99706435,213.54256,545.4245,336.98288,304.81647,0.03909347,0.01877043,0.012556838
1,1783.0,31.846727,9.764236,10.0,31.0,22.0,15.0,1819.2919,907.7188,0.6523127,0.95137566,441.58728,555.71295,207.88495,396.6358,0.37173852,0.20749584,0.12281105
1,1580.0,2.620308,18.558403,10.0,21.0,28.0,10.0,549.40173,171.63892,0.66418487,0.85288316,0.05380989,126.76821,48.837772,87.215546,0.03941989,0.015341079,0.031964663
1,1088.0,18.80538,10.295697,30.0,31.0,30.0,14.0,1245.6078,816.2765,0.9576931,0.9997302,91.1506,245.04819,219.55154,245.04819,0.1592023,0.020290388,0.06056428
1,1062.0,12.577427,11.668823,60.0,36.0,24.0,23.0,418.97458,107.69252,0.93697083,0.9670278,68.78593,4.3378897,19.250654,21.971655,0.008784738,0.009846803,0.003581522
1,1745.0,29.787521,9.886268,30.0,30.0,25.0,15.0,2044.6788,1081.1039,0.76448095,0.96733576,188.31917,516.85443,243.40019,516.85443,0.39461464,0.16572784,0.147649
1,600.0,15.572436,10.39364,10.0,39.0,24.0,15.0,1302.0231,1034.743,0.98496604,0.9916118,148.87053,582.5438,344.66656,291.2719,0.066719376,0.012538931,0.02820399
1,244.0,2.2403896,12.975006,10.0,38.0,22.0,5.0,922.9647,692.85846,0.95692235,1.0,2.0308914,330.26297,212.24884,211.86926,0.1292196,0.024706226,0.08456931
1,1133.0,18.982637,10.669524,10.0,38.0,29.0,17.0,1274.2096,929.2779,0.9574756,0.9946538,89.877045,529.0504,350.01654,299.95016,0.0540917,0.026632624,0.017875535
1,278.0,3.247738,11.768508,20.0,39.0,25.0,9.0,829.1049,576.8683,0.99240404,1.0,52.506023,0.0,183.39667,180.88116,0.19041044,0.026977662,0.09525997
1,273.0,2.8561668,12.684868,40.0,39.0,22.0,7.0,967.5156,709.7099,0.9883281,1.0,2.9848762,197.14276,208.58632,197.14276,0.13391763,0.022118164,0.085187264
1,670.0,11.105447,10.514876,30.0,32.0,22.0,13.0,1151.8965,809.956,0.9786785,0.99667084,140.292,246.25606,195.17268,246.25606,0.105263025,0.020557847,0.04840426
1,224.0,3.0746067,12.463513,40.0,24.0,34.0,2.0,744.0779,553.1061,0.9845682,0.9998505,40.480293,197.70518,130.55507,197.70518,0.13530213,0.012521633,0.07601283
1,339.0,2.2664628,18.22498,80.0,35.0,29.0,16.0,1095.7589,751.72766,0.99587554,0.997695,1.8976036,111.80557,258.61545,111.80557,0.14203745,0.029340344,0.04199179
1,1773.0,2.6679993,12.460535,10.0,27.0,24.0,12.0,607.3126,278.91095,0.73595136,0.9763127,19.344854,429.82516,90.865036,173.78801,0.047199916,0.03573317,0.013895849
1,219.0,2.3784478,12.639923,40.0,30.0,26.0,10.0,813.76575,560.746,0.99113375,0.9979896,8.677929,0.0,196.20825,166.6019,0.1987542,0.025217818,0.09597299
1,216.0,1.8162823,14.48255,40.0,27.0,31.0,2.0,748.6266,532.076,0.9706598,0.9999848,0.3486993,0.20671475,120.95935,221.42856,0.18765429,0.016923832,0.09188893
1,226.0,2.0419252,12.69987,40.0,33.0,25.0,2.0,741.0644,564.4235,0.9924417,0.998106,187.01674,244.98944,131.37279,244.98944,0.13077813,0.012193917,0.07609691
1,1594.0,2.0814798,16.793192,40.0,22.0,28.0,11.0,604.35095,247.18321,0.6526899,0.9707093,0.44665322,253.1381,88.07359,142.00807,0.15673226,0.22914882,0.0551975
1,1033.0,24.60518,10.506383,10.0,33.0,30.0,15.0,1184.9585,764.96545,0.6899836,0.97788346,140.10754,423.83652,246.06236,282.55768,0.13603677,0.029402008,0.040935963
1,739.0,20.639256,9.936853,10.0,38.0,26.0,14.0,1218.4451,927.2068,0.9633541,0.9994247,237.13689,623.40796,301.42435,318.33923,0.008361365,0.0062349783,0.0024765087
1,250.0,1.2059292,13.449053,40.0,35.0,24.0,4.0,1072.1218,819.2545,0.98501307,0.99280274,3.239126,384.854,258.31958,193.95152,0.18836959,0.029316548,0.10319671
1,790.0,16.55533,10.15026,10.0,39.0,25.0,14.0,1280.5073,970.12256,0.9653637,0.99740803,205.8015,608.99963,331.00912,287.6967,0.012192804,0.013560167,0.0029230483
1,233.0,2.0873902,12.783717,40.0,35.0,26.0,5.0,843.47784,590.1348,0.9824442,0.99707234,2.51692,96.13345,149.08438,112.80814,0.1474252,0.017904626,0.08139336
1,227.0,2.198999,13.013789,40.0,29.0,26.0,2.0,772.753,588.91455,0.9879917,0.99889755,2.827859,266.1628,143.33894,266.1628,0.1273137,0.015226915,0.07808549
1,1577.0,1.4712099,19.875612,30.0,24.0,24.0,13.0,524.2085,178.91751,0.4583646,0.44145972,0.0060108136,143.77133,61.423527,130.42838,0.034223124,0.0152213015,0.014819877
1,220.0,0.8989601,16.982615,80.0,28.0,28.0,8.0,934.45636,667.3469,0.9835377,0.9965223,0.75691265,7.0828013,230.68481,174.17398,0.17262784,0.03296701,0.09736552
1,1495.0,23.676657,10.3609,10.0,34.0,28.0,14.0,1351.8123,704.19446,0.8898213,0.9796168,472.46442,493.25858,203.33932,325.2763,0.17845838,0.042754296,0.05508393
1,518.0,5.980392,11.263637,20.0,38.0,24.0,13.0,1294.2618,1021.218,0.9681324,0.99974555,100.50774,576.59344,348.36386,288.84207,0.07084617,0.013276982,0.02890258
1,1841.0,28.272692,9.8494835,10.0,27.0,25.0,13.0,1673.1854,1008.63367,0.7288552,0.97946036,606.6523,494.5835,241.3513,494.5835,0.3771129,0.1429856,0.12836322
1,1576.0,1.5962875,19.510271,30.0,21.0,25.0,11.0,530.79517,178.64276,0.23424456,0.3214669,0.010543728,131.19173,66.548965,102.21352,0.03285717,0.014802424,0.016624875
1,232.0,2.5615,12.261193,50.0,27.0,27.0,4.0,792.25775,600.28845,0.9945685,0.9910566,4.7871037,269.67953,149.1411,269.67953,0.1263189,0.015731413,0.078083634
1,235.0,3.1058798,12.760774,30.0,35.0,27.0,4.0,842.1746,628.4555,0.9662238,1.0,1.8748837,261.721,158.9911,261.721,0.12456209,0.017055785,0.077883996
1,668.0,30.51902,9.914914,10.0,36.0,27.0,16.0,1363.7931,911.9675,0.9136967,0.986517,177.39912,535.08905,256.2089,289.99915,0.2808549,0.07692299,0.09264986
1,1068.0,18.1322,10.572301,10.0,39.0,27.0,16.0,1266.1959,950.7591,0.9011391,0.99812055,364.18326,561.502,333.4558,307.48947,0.03398318,0.012092744,0.011354748
1,1581.0,0.20032024,19.105974,30.0,26.0,29.0,16.0,682.1649,200.33339,0.78864133,0.7592114,0.015301998,141.01895,78.4507,109.25288,0.09077031,0.0627875,0.025302896
1,358.0,2.6477816,15.87763,40.0,35.0,23.0,13.0,1344.785,1039.8501,0.9732969,0.9973557,3.4650028,480.31958,359.3841,306.5073,0.1047434,0.019022727,0.04474718
1,64.0,7.1607895,16.501284,0.0,32.0,26.0,2.0,734.68616,562.03455,0.5238915,0.5933692,52.604374,247.90768,129.0853,247.90768,0.1303706,0.012017854,0.076302625
1,221.0,2.1280725,13.0413065,40.0,30.0,26.0,8.0,883.0195,617.2763,0.9893441,0.99843246,1.6993808,0.0,216.18893,172.43922,0.18444794,0.0336358,0.09856749
1,1581.0,1.763691,18.542603,10.0,25.0,26.0,12.0,658.54956,204.80878,0.53843814,0.6356549,0.043419823,139.15976,67.6892,127.13181,0.09267405,0.04444346,0.035485774
1,1560.0,27.515896,9.963961,10.0,31.0,27.0,15.0,1677.3243,974.0253,0.43751553,0.9635974,603.3602,741.0233,266.94562,478.019,0.33761948,0.12259737,0.12845539
1,335.0,0.0,19.43236,80.0,36.0,24.0,23.0,1102.2174,755.5727,0.98582035,0.99851054,0.022039853,113.73854,260.6252,113.73854,0.14175233,0.029929986,0.042793773
1,225.0,2.2155948,12.700419,40.0,30.0,31.0,3.0,777.5395,539.9878,0.9764129,0.9988323,3.233076,0.0,162.25526,184.06166,0.19250828,0.022322789,0.09103556
1,251.0,1.8663366,12.732751,40.0,37.0,24.0,5.0,887.21936,631.51337,0.98991024,0.9981808,12.421752,94.981514,177.1907,101.80091,0.13625155,0.019368052,0.07956119
1,654.0,10.45512,10.489052,20.0,38.0,29.0,15.0,1240.787,930.2408,0.9843804,0.999647,113.00938,577.91156,314.5063,288.4446,0.056776002,0.011179245,0.018057888
1,230.0,2.9089556,13.000213,10.0,38.0,22.0,6.0,947.6555,676.06555,0.98368436,0.9970643,2.629279,43.968403,241.0885,147.20787,0.15575798,0.031131797,0.08730905
1,392.0,10.124806,11.125927,40.0,29.0,22.0,14.0,1104.9781,796.09515,0.9643418,0.998705,26.193356,328.60803,201.63214,328.60803,0.048899397,0.00811316,0.024109192
1,336.0,1.4468267,18.783527,80.0,30.0,24.0,18.0,1059.1285,715.2985,0.88569903,0.9530217,0.3532984,110.25569,254.92944,110.25569,0.1202769,0.031273328,0.049917158
1,1637.0,4.221312,12.021275,40.0,21.0,28.0,14.0,680.48535,243.99301,0.76347977,0.9727533,45.291733,213.52881,65.30812,182.8547,0.22776295,0.3536989,0.12400955
1,455.0,5.9413657,11.250097,10.0,37.0,23.0,14.0,1349.9286,989.372,0.9636197,0.9971264,82.27952,492.98138,328.06732,290.42392,0.18672772,0.042263985,0.07284238
1,226.0,2.3676455,12.742072,40.0,32.0,26.0,2.0,740.80695,566.48065,0.992571,0.99652255,182.79013,251.74686,131.35735,251.74686,0.12975447,0.0127736535,0.076600194
1,980.0,36.119724,9.300512,30.0,35.0,25.0,18.0,1343.0979,957.3213,0.782988,0.9779408,580.7742,491.19925,299.97363,251.34375,0.2098332,0.052336812,0.07751575
1,402.0,14.457492,10.249497,20.0,36.0,24.0,23.0,1127.574,752.1881,0.96233577,0.9947211,56.87835,85.216255,269.92145,86.6572,0.19222446,0.06402009,0.09497016
1,1658.0,33.553734,9.633375,30.0,33.0,24.0,14.0,1723.6849,857.348,0.74754304,0.968226,689.8784,618.42847,210.37003,336.27457,0.3545988,0.20606692,0.121592656
1,584.0,16.737131,10.078015,10.0,39.0,25.0,14.0,1278.3557,1001.3261,0.9743585,1.0,158.68208,595.6919,331.26074,361.50748,0.014835948,0.0044248756,0.005735267
1,836.0,30.710733,10.094039,10.0,35.0,27.0,18.0,1341.6306,939.5916,0.74587274,0.985048,343.92358,501.24332,279.31677,278.4685,0.24394457,0.060336497,0.08663137
1,996.0,34.74677,10.062993,30.0,36.0,25.0,18.0,933.4091,506.53424,0.7447867,0.9398473,215.7303,345.02344,167.43526,222.87283,0.099188186,0.028843105,0.03515634
1,1578.0,1.9472427,18.488632,60.0,24.0,25.0,14.0,529.6858,181.29318,0.43706906,0.5248339,0.043264657,149.69257,62.247032,83.64283,0.039321937,0.015662966,0.014780415
1,478.0,10.586114,10.674153,10.0,40.0,21.0,12.0,1175.0555,910.84644,0.97537607,0.9917376,59.962833,592.5747,290.00928,311.27307,0.07042906,0.010349509,0.027150393
1,225.0,2.0310097,12.824018,40.0,25.0,33.0,3.0,801.5393,567.04913,0.9851761,0.9975375,4.718945,110.08899,133.56873,128.60756,0.15976956,0.014610513,0.08416526
1,353.0,4.1775403,12.7539215,80.0,22.0,22.0,9.0,1087.3708,743.61835,0.98012143,0.9996004,6.4772916,137.71619,208.81653,137.71619,0.09769578,0.019254228,0.039910443
1,760.0,31.196821,10.411358,10.0,43.0,25.0,16.0,1426.6702,974.0721,0.88753927,0.99611413,124.51055,566.0283,375.5068,308.67365,0.078358695,0.10088892,0.02771094
1,226.0,2.0463707,13.192154,40.0,34.0,24.0,6.0,924.30164,658.7181,0.98121375,1.0,1.0683683,6.983124,232.75278,160.0576,0.17309393,0.033958234,0.09580722
1,217.0,0.49616218,18.614822,20.0,31.0,27.0,13.0,868.3429,606.5857,0.97798157,0.9900454,0.57574004,0.0,208.26282,169.01616,0.1885115,0.033567984,0.09908653
1,218.0,2.8491833,12.814342,40.0,21.0,33.0,2.0,714.428,522.03937,0.98406535,0.99985033,179.46198,137.23451,108.420074,143.99753,0.1492054,0.012725024,0.078829184
1,216.0,2.4965703,12.778128,40.0,25.0,30.0,6.0,758.25397,529.19775,0.9628551,0.99923235,239.96333,0.0,169.67078,176.65889,0.17070273,0.015845843,0.08861018
1,0.0,0.0,20.450768,0.0,31.0,29.0,2.0,797.5755,622.1659,0.5238915,0.5933692,0.039767623,250.23875,207.29153,220.13924,0.112870164,0.01734968,0.07096983
1,1583.0,2.4999454,16.020737,10.0,20.0,25.0,11.0,691.3694,200.1146,0.55681705,0.808858,0.38619235,125.16298,73.47228,104.713295,0.11507185,0.07935776,0.034891084
1,229.0,2.4875352,14.450614,40.0,38.0,21.0,5.0,943.13434,672.191,0.979654,0.9941859,0.63035446,42.49866,240.80608,143.67291,0.15936477,0.032044023,0.08903128
1,1077.0,13.980388,10.563299,10.0,39.0,28.0,16.0,1264.0115,944.35406,0.91077846,0.9977964,322.8345,547.15955,334.57315,304.72794,0.036515404,0.013355914,0.012182991
1,274.0,2.5423732,12.096493,20.0,38.0,22.0,8.0,874.7236,616.32666,0.98965675,0.99612653,22.09901,12.488362,182.35472,153.75995,0.16793284,0.025767773,0.090651736
1,225.0,2.4397552,12.777573,50.0,26.0,27.0,2.0,753.12537,577.4874,0.9890127,0.9994278,78.853195,261.7227,137.10876,261.7227,0.12831023,0.014723548,0.07808628
1,213.0,1.9259887,14.088421,40.0,23.0,31.0,5.0,663.11237,469.43982,0.9674751,0.9938103,28.537447,0.0,110.30423,200.48186,0.20967668,0.017462645,0.097819686
1,1735.0,30.39665,9.953774,30.0,31.0,21.0,13.0,1778.6836,879.2363,0.6601154,0.93770754,389.9821,580.5031,216.15712,398.4189,0.36644778,0.21432528,0.11999142
1,228.0,2.51707,13.072484,40.0,28.0,28.0,2.0,787.8952,595.6913,0.997299,0.9978324,1.4246254,265.20255,147.99832,265.20255,0.12703106,0.0150427455,0.07719187
1,1512.0,25.287937,9.87303,30.0,33.0,33.0,14.0,1064.9727,669.76324,0.8241714,0.95987207,136.62823,437.29956,228.07889,228.84413,0.16362502,0.054402363,0.05116004
1,569.0,19.413338,11.094028,10.0,39.0,25.0,13.0,1268.5745,979.19196,0.5238915,0.5933692,480.20886,614.7348,311.15265,342.74292,0.008375383,0.007189992,0.0027325563
1,371.0,12.349458,12.102435,40.0,36.0,24.0,23.0,1098.5004,732.5475,0.91905767,0.97965467,26.17643,73.005104,270.4123,82.709435,0.19590831,0.06889067,0.10161863
1,352.0,4.5092487,12.289077,80.0,33.0,26.0,10.0,1102.8905,756.66034,0.9269133,0.9746771,7.0258174,116.5291,238.28775,116.5291,0.106934324,0.02080554,0.038513266
1,537.0,5.9035487,11.498836,40.0,32.0,22.0,14.0,1179.0336,844.98376,0.9706197,0.9946907,68.52317,557.8611,208.62056,429.2209,0.119699866,0.019865446,0.040897597
1,216.0,1.12115,15.899541,40.0,27.0,30.0,10.0,831.7863,576.99554,0.98735213,0.9934988,1.6403289,0.0,197.42545,152.13333,0.20703481,0.035191305,0.10381159
1,1748.0,21.698776,10.179022,10.0,25.0,28.0,15.0,696.8624,200.60696,0.59751356,0.95075506,160.58192,129.05774,82.31109,96.435326,0.122838825,0.119251125,0.038377624
1,257.0,2.4822354,12.451058,10.0,39.0,23.0,4.0,900.5964,645.724,0.98344123,1.0,5.2694445,122.74668,185.04144,122.74668,0.1314978,0.01890595,0.078590326
1,727.0,20.076757,10.518435,10.0,38.0,26.0,14.0,1150.5249,821.3498,0.94488865,0.9983338,132.27339,459.22458,275.13428,279.08328,0.11794951,0.021495359,0.0370955
1,929.0,35.376514,9.710862,10.0,34.0,27.0,17.0,1502.8273,943.74225,0.94056755,0.9998077,270.36856,646.67676,257.32465,413.79697,0.3348582,0.104234755,0.1230395
1,341.0,3.6947737,18.170523,80.0,23.0,20.0,11.0,1077.2307,724.4857,0.9416448,0.9886575,1.3379866,71.223236,263.83716,81.72671,0.17533213,0.05636984,0.087980404
1,2090.0,34.748116,9.427035,30.0,31.0,24.0,15.0,1441.7441,621.0111,0.58202964,0.9183488,403.84155,414.31058,187.26045,200.80542,0.2068214,0.05706976,0.071065575
1,2006.0,30.86766,9.768495,30.0,27.0,27.0,15.0,1145.905,551.0723,0.28327683,0.84487087,367.99063,280.9617,186.43333,280.9617,0.18370932,0.04096442,0.066179805
1,1375.0,23.186087,10.542261,30.0,30.0,26.0,14.0,1929.5721,1038.5566,0.8101845,0.9562012,81.10731,545.0914,229.15952,545.0914,0.38345858,0.17705211,0.12855044
1,222.0,2.3947906,13.055183,40.0,23.0,31.0,2.0,732.6719,550.78156,0.9913155,0.999817,183.50212,212.87099,130.1891,212.87099,0.13494349,0.012069426,0.07601493
1,218.0,2.2465124,12.630824,80.0,29.0,29.0,9.0,831.7231,575.78485,0.9836138,0.9921402,3.499027,0.0,201.125,149.5621,0.20820999,0.03509466,0.10397628
1,1391.0,14.239187,10.411871,30.0,37.0,30.0,16.0,1287.0542,933.09906,0.9590673,0.9907041,413.02133,514.79535,357.18713,290.76385,0.06579001,0.030234275,0.022434883
1,1581.0,3.1040478,16.573412,40.0,23.0,27.0,10.0,634.01105,215.51712,0.48986736,0.39414853,0.18959856,160.5454,62.44622,127.65177,0.06734284,0.0253975,0.03333895
1,217.0,3.1288369,12.566995,80.0,25.0,25.0,7.0,666.1835,468.9648,0.9950994,1.0,5.133509,0.0,136.9501,117.51342,0.20158347,0.015604614,0.09961348
1,1801.0,23.57983,10.019938,10.0,39.0,22.0,15.0,989.76556,556.7459,0.52368623,0.94630075,648.5949,356.75937,193.95766,223.57912,0.11128785,0.03341816,0.039194304
1,865.0,14.473154,10.3601675,10.0,38.0,25.0,15.0,1293.909,1001.2545,0.97680384,1.0,215.49022,533.6028,363.55682,273.00107,0.09729808,0.017595273,0.03648645
1,1591.0,3.7113981,13.869391,10.0,23.0,24.0,14.0,521.0501,179.1507,0.818522,0.9461751,9.488936,128.03102,58.417595,116.55153,0.035337325,0.016499078,0.012864962
1,595.0,15.714543,10.334115,10.0,36.0,23.0,13.0,1299.7736,947.7276,0.979673,0.98157954,205.39209,479.836,300.8876,274.05206,0.16600998,0.041220553,0.061022803
1,224.0,2.2695458,12.900974,40.0,32.0,24.0,7.0,904.3055,639.0931,0.97537947,0.9813354,2.0971644,4.0501666,223.43115,163.70937,0.18006223,0.033917557,0.0987945
1,230.0,1.7767895,13.704665,40.0,30.0,28.0,3.0,858.2872,662.15393,0.9868596,0.99288964,0.675089,272.69238,222.17108,201.99527,0.12087364,0.020282231,0.07810524
1,1315.0,10.630994,11.204506,40.0,31.0,31.0,15.0,1600.6469,954.84186,0.94486904,0.9765037,54.03144,412.2856,214.90874,412.2856,0.35380623,0.10808548,0.1315377
1,222.0,1.9783465,13.604405,40.0,29.0,28.0,3.0,765.80774,531.2439,0.9788301,0.99988544,0.9526311,0.0,165.83603,180.29199,0.1914835,0.021613322,0.09173218
1,1340.0,34.828693,9.518611,20.0,32.0,28.0,17.0,1328.8264,940.1716,0.8567704,0.98174775,857.0439,478.60742,290.5543,269.4157,0.22598718,0.04872515,0.08494004
1,1591.0,2.5935552,16.277918,10.0,21.0,28.0,14.0,597.19226,221.02794,0.7450874,0.9675882,2.038506,231.28845,67.63356,157.29509,0.18045622,0.30954522,0.09976311
1,1528.0,32.493042,10.062765,10.0,28.0,26.0,13.0,1670.5347,982.5286,0.83568853,0.9764837,169.36145,750.9093,278.91165,528.39,0.34706622,0.13967173,0.13093752
1,1216.0,13.113167,10.645566,10.0,38.0,29.0,16.0,1264.8097,925.2041,0.9456031,0.9889697,223.60785,545.7587,341.56512,299.5662,0.04607931,0.026639361,0.014596097
1,1322.0,30.415989,9.766841,10.0,29.0,34.0,15.0,1401.1027,925.36255,0.872313,0.9909545,637.12494,591.0633,240.91042,477.3904,0.33288565,0.10063342,0.11557929
1,382.0,9.030337,10.871138,10.0,36.0,24.0,23.0,1080.6722,721.70215,0.9612378,0.99109966,36.40414,79.04914,270.46146,80.878685,0.20393421,0.07005748,0.10623062
1,0.0,0.0,21.772097,60.0,28.0,28.0,3.0,685.38464,488.99918,0.5238915,0.5933692,0.0071649854,0.0,94.16676,222.07036,0.17880298,0.015216393,0.08793576
1,1626.0,14.667903,11.291771,30.0,27.0,25.0,13.0,1835.8505,1068.5262,0.7855992,0.95858145,80.285706,461.80774,252.41069,461.80774,0.38196868,0.14179116,0.1342535
1,252.0,1.4059336,13.932766,50.0,36.0,24.0,4.0,1100.6439,839.5484,0.9688035,1.0,1.067297,404.56354,263.1963,214.89554,0.18039465,0.02860919,0.09762575
1,225.0,2.0749986,13.159445,40.0,23.0,29.0,2.0,754.3453,579.1152,0.97865826,0.99659324,1.9047824,263.4257,137.85767,263.4257,0.12805021,0.015132323,0.07847251
1,1310.0,27.875452,9.534886,10.0,31.0,32.0,16.0,1296.6498,912.8615,0.81850135,0.9830593,588.192,508.60498,261.012,269.699,0.22912382,0.06494469,0.07497662
1,239.0,1.7028413,13.168586,40.0,38.0,19.0,3.0,982.56775,761.67944,0.97129416,0.9954434,1.1505585,327.49808,211.20947,176.89754,0.13532723,0.023330681,0.083505444
1,852.0,19.586515,10.02411,10.0,35.0,24.0,18.0,1183.3917,852.5775,0.9752014,0.99726444,218.85391,479.28793,199.45782,479.28793,0.08918906,0.013889708,0.036183797
1,223.0,2.4012094,12.882633,40.0,32.0,30.0,2.0,809.46234,571.6896,0.9942928,0.9977986,1.7426034,0.0,150.63864,211.1815,0.1865843,0.019267336,0.09279535
1,224.0,2.0491023,13.422018,40.0,36.0,27.0,2.0,815.7504,575.5672,0.99513257,0.99910456,1.4912634,0.0,149.75307,212.5693,0.1824497,0.019273425,0.091725506
1,929.0,32.05778,10.773919,10.0,37.0,28.0,20.0,841.1869,463.7358,0.5725734,0.9267505,127.73985,313.7023,156.91927,191.5667,0.12579565,0.03859521,0.043277353
1,230.0,2.6583874,12.548239,40.0,36.0,26.0,3.0,784.5476,562.15625,0.99834096,0.99281216,6.5039606,152.36053,137.54936,152.36053,0.14323121,0.01360762,0.078405105
1,855.0,24.97906,10.002715,10.0,35.0,23.0,17.0,1336.0502,956.5363,0.97050816,0.98932874,373.82678,477.5833,302.09216,266.00613,0.2189855,0.04615091,0.084029704
1,223.0,2.0130637,13.262606,40.0,28.0,31.0,2.0,804.5441,568.4674,0.97219944,0.99995595,1.0887601,0.0,155.95839,205.47234,0.18859707,0.019761408,0.09246204
1,270.0,2.6375575,12.758147,20.0,38.0,22.0,7.0,959.32837,703.7779,0.9852788,0.9999969,3.1337178,185.07947,208.68105,185.07947,0.13288711,0.021542095,0.084045194
1,1011.0,34.297653,9.502435,10.0,33.0,29.0,15.0,1351.865,902.81134,0.88374895,0.9936033,518.9625,534.5978,252.48625,288.49045,0.2679769,0.074813865,0.08642907
1,662.0,14.771032,10.442287,10.0,37.0,25.0,15.0,1307.4165,1036.2059,0.9646968,0.993274,163.04475,562.6785,347.81918,281.33926,0.072199866,0.0142914485,0.030334717
1,234.0,1.5662179,13.251247,40.0,35.0,21.0,3.0,950.1171,734.9061,0.98241967,0.9879965,1.0079926,309.35843,212.95387,166.75523,0.1269869,0.022442378,0.0800643
1,2084.0,36.42109,10.117897,20.0,35.0,27.0,13.0,1326.1003,997.31506,0.6306128,0.95321727,1274.9104,462.49277,335.90247,272.08936,0.15510754,0.029976059,0.05810103
1,292.0,1.3345772,13.152044,50.0,34.0,20.0,8.0,1088.7079,820.7313,0.99243957,0.9903432,12.155507,511.40576,278.55072,269.00455,0.15841222,0.027514786,0.073928036
1,225.0,2.003172,13.599513,40.0,27.0,28.0,6.0,785.025,544.1346,0.97730625,0.9986003,3.4624195,0.0,170.35114,181.30278,0.19431743,0.02391238,0.09192941
1,213.0,2.24349,13.554128,80.0,25.0,31.0,7.0,766.78467,532.7606,0.91032785,0.96911323,3.0273323,0.0,173.00201,181.4226,0.18367706,0.019308979,0.09140031
1,844.0,14.287914,10.511139,10.0,33.0,26.0,15.0,1215.7511,853.2418,0.98304087,0.9928866,83.935974,111.5554,260.99777,163.89561,0.1555124,0.03362832,0.06537624
1,350.0,4.579337,12.489512,80.0,32.0,26.0,11.0,1100.4757,756.17664,0.9154039,0.9761995,6.1280994,113.50362,241.54663,113.50362,0.113611326,0.022508275,0.0403425
1,1580.0,2.6004386,17.73028,10.0,24.0,27.0,11.0,640.86255,214.24301,0.3210255,0.25621575,0.08565708,162.33888,63.764072,136.50168,0.07169461,0.027656604,0.033797123
1,258.0,2.2407568,12.952435,40.0,40.0,22.0,5.0,904.0977,647.33673,0.9841549,0.9979209,5.3433566,114.46752,188.54823,114.46752,0.13304168,0.019268397,0.07933549
1,213.0,2.4076643,13.572936,10.0,28.0,27.0,7.0,787.3607,547.1823,0.99188143,0.99895716,239.96333,0.0,184.57462,184.46808,0.18247277,0.019201705,0.093098246
1,1579.0,2.0587986,19.515562,40.0,24.0,25.0,12.0,538.68744,169.54947,0.48919097,0.21447404,0.021459712,129.44676,53.62182,82.81522,0.03864184,0.014969979,0.027182335
1,258.0,1.189156,13.41777,40.0,34.0,24.0,5.0,1129.4401,877.1128,0.9510315,1.0,4.4556165,458.35898,290.59952,253.51144,0.2064542,0.0308502,0.10754778
1,226.0,2.0940273,12.952282,40.0,26.0,29.0,2.0,765.94604,586.8753,0.97633404,0.99995667,2.1197312,269.5845,140.3669,269.5845,0.1272439,0.015760558,0.07888817
1,231.0,2.124591,12.452215,50.0,29.0,26.0,3.0,803.2167,611.72675,0.9835528,0.986581,5.598733,281.6906,147.67488,281.6906,0.1252515,0.016764982,0.079420775
1,294.0,3.591914,11.498239,20.0,38.0,26.0,9.0,823.1572,572.29144,0.98802036,0.9997601,73.49277,0.0,184.07596,178.74832,0.19273171,0.027489394,0.095720455
1,226.0,2.1916215,12.776333,10.0,29.0,28.0,4.0,796.53894,554.6921,0.9958333,0.99886113,1.8932967,0.0,167.78833,188.1813,0.19077614,0.022889553,0.092248954
1,221.0,1.7281048,14.245906,10.0,31.0,24.0,7.0,890.4744,624.65186,0.99096143,0.998897,2.8038764,0.0,218.24672,170.3021,0.18212171,0.033561468,0.098417096
1,808.0,28.128,13.619599,80.0,37.0,27.0,20.0,946.7458,514.47003,0.5319688,0.8980244,42.955673,348.83698,172.90637,226.17253,0.10216886,0.0298395,0.0355784
1,226.0,2.6531901,13.052618,40.0,30.0,26.0,2.0,758.3434,576.28876,0.99190086,1.0,23.48968,254.33627,137.36763,254.33627,0.12894881,0.013405057,0.07648087
1,339.0,4.200938,17.182537,80.0,36.0,24.0,23.0,1128.307,772.27075,0.98464864,0.9967925,1.2022997,129.44235,230.2435,129.44235,0.07969664,0.012947716,0.026379297
1,264.0,1.266562,12.905709,40.0,35.0,22.0,3.0,1055.7697,794.3403,0.9986344,0.9992518,6.670103,384.92056,232.06317,213.84476,0.16322467,0.028657686,0.087637044
1,1871.0,22.925978,9.907029,10.0,27.0,24.0,12.0,1669.5344,1005.069,0.7523606,0.9778184,602.40704,509.97128,240.21625,509.97128,0.37832022,0.14931008,0.1283391
1,296.0,1.4736618,13.016513,40.0,36.0,20.0,6.0,1024.9521,773.58527,0.9811603,0.9902489,17.455872,440.1339,270.64545,243.82727,0.14984503,0.029899146,0.06992792
1,1207.0,29.771276,10.167192,10.0,31.0,30.0,14.0,1269.5492,893.0308,0.5730035,0.94764537,140.7893,455.7577,284.50528,281.48715,0.178703,0.03668182,0.068910554
1,241.0,1.4534944,12.992961,40.0,37.0,20.0,3.0,1016.34686,788.2914,0.9839994,0.99899197,1.8294591,339.92905,230.19112,177.09721,0.14654718,0.024597265,0.088484526
1,929.0,35.376514,9.710862,10.0,34.0,27.0,17.0,1502.8273,943.74225,0.94056755,0.9998077,270.36856,646.67676,257.32465,413.79697,0.3348582,0.104234755,0.1230395
1,1762.0,3.018133,11.842916,10.0,27.0,26.0,14.0,728.60443,277.62228,0.62900347,0.95109105,55.392582,247.38957,89.11597,170.66922,0.25631848,0.22384067,0.08146609
1,1236.0,35.702908,9.362862,10.0,33.0,26.0,17.0,1331.7384,952.89655,0.9343363,0.98635536,763.3757,475.32333,299.8126,266.44965,0.22131161,0.045660544,0.08490121
1,219.0,2.3048348,12.84286,40.0,29.0,31.0,6.0,844.80084,586.22174,0.9802192,0.9986839,2.2649508,0.0,204.33298,154.71635,0.20242505,0.03531234,0.1025666
1,1208.0,25.112232,10.181353,30.0,32.0,30.0,15.0,1306.6987,909.6555,0.6187027,0.97772324,668.3537,488.12634,273.86176,302.10248,0.2240964,0.051153723,0.08063863
1,274.0,2.0553,12.228456,40.0,35.0,22.0,6.0,1039.8613,799.61005,0.97034794,0.996804,21.201519,348.02945,264.04767,194.38112,0.18613268,0.031944588,0.10891049
1,1348.0,23.347544,10.123717,10.0,31.0,30.0,14.0,1202.8376,823.9051,0.8648149,0.9783309,274.94012,446.0417,299.30118,260.4133,0.15031292,0.036638346,0.056197923
1,1042.0,19.843891,9.9040575,10.0,37.0,27.0,17.0,1164.9424,837.7938,0.96916753,0.993764,394.21222,441.67493,278.7427,271.7135,0.12689683,0.025713585,0.043906044
1,470.0,6.0407906,11.576574,40.0,38.0,26.0,14.0,1291.2958,1018.37225,0.9734727,0.9940777,56.14174,597.4578,336.3332,345.4728,0.017492177,0.005296498,0.0070517366
1,335.0,0.24804282,20.395027,80.0,31.0,24.0,16.0,1117.2836,765.3453,0.9387314,0.9875461,0.07471673,106.0868,263.94083,106.0868,0.14094415,0.032392025,0.046151638
1,234.0,1.8655102,12.837009,40.0,30.0,26.0,4.0,880.1859,672.0235,0.98888624,0.9967897,3.051148,276.5202,240.06963,187.54346,0.12449456,0.021621577,0.081351034
1,1322.0,30.415989,9.766841,10.0,29.0,34.0,15.0,1401.1027,925.36255,0.872313,0.9909545,637.12494,591.0633,240.91042,477.3904,0.33288565,0.10063342,0.11557929
1,441.0,14.467649,10.537978,10.0,38.0,26.0,15.0,1397.9979,1094.5485,0.9589976,0.9987469,85.63231,468.2948,374.89032,280.0301,0.101341546,0.0150699075,0.044755332
1,479.0,18.17366,10.163038,10.0,37.0,24.0,15.0,1355.5786,1022.11945,0.9710531,0.997601,115.77232,484.92975,352.74066,302.50378,0.1559153,0.03279956,0.062643155
1,0.0,0.0,21.688885,0.0,21.0,35.0,2.0,727.4327,548.2657,0.5238915,0.5933692,0.035866953,214.31339,129.53134,214.31339,0.13548729,0.011657607,0.07602507
1,1585.0,2.505732,14.680325,30.0,15.0,24.0,12.0,733.5348,209.93153,0.65639466,0.9389403,0.71620125,127.37109,82.171234,95.27486,0.17110397,0.16523765,0.057779472
1,1570.0,29.601711,10.027054,30.0,38.0,23.0,18.0,1168.0227,676.3819,0.6556019,0.9886655,638.6488,160.9859,228.28342,160.9859,0.20665659,0.02774459,0.075449914
1,1557.0,25.780764,10.023373,10.0,28.0,29.0,14.0,1518.3234,949.8017,0.75817853,0.9896976,534.76337,659.29126,256.74393,487.56223,0.34002662,0.115706526,0.122334704
1,371.0,10.909036,11.180481,30.0,36.0,24.0,23.0,1132.649,754.52466,0.943115,0.9806892,24.224611,80.029396,270.0055,89.672966,0.1918983,0.06525239,0.09580641
1,872.0,7.802115,11.368116,40.0,33.0,25.0,12.0,1264.1056,851.8765,0.9709803,0.99546653,50.649426,351.95648,210.58241,351.95648,0.217488,0.036958553,0.08202092
1,541.0,18.790068,10.371502,10.0,39.0,25.0,13.0,1259.3112,973.63153,0.5238915,0.5933692,491.35223,616.87915,305.30658,339.57397,0.008798934,0.0067278543,0.0029909636
1,264.0,1.300679,13.269965,40.0,36.0,22.0,2.0,1065.6775,802.3181,0.9961484,0.99945533,3.666241,391.66315,237.55817,214.4421,0.16533507,0.028635776,0.08854932
1,223.0,3.3476942,12.567002,40.0,21.0,34.0,3.0,736.7157,549.5867,0.99481505,0.9988994,122.21052,199.06711,130.08208,199.06711,0.13564345,0.012280038,0.07600357
1,537.0,8.084999,11.367571,10.0,36.0,21.0,14.0,1349.7859,988.61163,0.98069596,0.9942405,90.183846,481.5971,325.6065,277.5192,0.1963519,0.04169519,0.07639362
1,253.0,2.0596805,12.655096,40.0,38.0,21.0,8.0,887.4858,624.8607,0.9771639,0.99384785,4.658402,76.67959,179.41245,95.69273,0.14777885,0.022288393,0.0841452
1,232.0,3.0268893,13.322553,40.0,29.0,26.0,3.0,813.6188,614.0114,0.97245175,0.99065083,1.4387351,272.52463,153.87471,272.52463,0.12492192,0.016549315,0.07855631
1,723.0,15.526757,10.226949,10.0,35.0,26.0,14.0,1302.9426,1029.7389,0.9652403,0.9999906,405.4279,536.18945,333.04184,277.72824,0.08149387,0.017268885,0.031861592
1,156.0,7.6541634,13.643904,40.0,29.0,28.0,3.0,682.04535,487.74722,0.5238915,0.5933692,127.26898,0.0,100.81772,212.82224,0.1860217,0.01596009,0.09044624
1,756.0,20.202045,10.145796,20.0,37.0,29.0,17.0,1267.4656,966.974,0.96092665,0.9986614,247.2152,581.8626,318.8416,318.36246,0.040358767,0.008918188,0.012272505
1,1906.0,21.401215,10.737492,30.0,29.0,25.0,15.0,2131.8,1118.681,0.68209815,0.94862086,86.29605,517.2726,258.01035,517.2726,0.3861927,0.14223492,0.14221975
1,1729.0,30.396492,9.928461,10.0,31.0,22.0,18.0,561.53436,265.0302,0.4243555,0.8148145,208.32935,264.1741,95.44552,158.50446,0.06793644,0.032974377,0.030076893
1,354.0,4.278301,11.948413,80.0,31.0,26.0,11.0,1098.0623,755.6933,0.91173553,0.9810004,9.208159,110.470955,244.80505,110.470955,0.12028012,0.024209457,0.042170998
1,1591.0,1.9303157,15.771291,40.0,22.0,28.0,13.0,626.7941,240.74931,0.6377787,0.938757,0.5032498,263.046,78.00937,155.16905,0.15428676,0.26438144,0.07942169
1,869.0,28.527407,10.448436,10.0,33.0,28.0,16.0,1370.0624,926.1679,0.8713347,0.99550277,160.84888,573.0669,247.9001,418.90237,0.31231156,0.09319375,0.104552686
1,1602.0,4.1706557,12.193361,30.0,21.0,24.0,14.0,693.3761,247.52434,0.8213265,0.99004406,8.393013,217.02481,85.06379,172.11499,0.133829,0.15415972,0.042601924
1,919.0,21.737621,10.329054,10.0,36.0,24.0,23.0,1281.199,698.5901,0.8458524,0.985414,122.96357,89.367226,330.72504,102.99036,0.13845319,0.040717427,0.059367657
1,701.0,3.0862691,12.146187,40.0,38.0,30.0,11.0,1265.5748,956.5296,0.98283714,0.9988051,35.37065,518.5856,325.33966,312.11987,0.11405783,0.021715928,0.040055472
1,511.0,9.775452,13.765179,80.0,37.0,26.0,18.0,1364.9838,934.1045,0.75715667,0.95132667,24.199678,525.82416,263.52707,288.7829,0.2951635,0.07756384,0.101090446
1,234.0,1.37192,13.081394,40.0,37.0,21.0,3.0,941.28107,725.144,0.9736794,0.99431527,1.7525371,315.7542,225.78537,158.72939,0.1309678,0.024282068,0.08349722
1,229.0,2.488725,13.018874,50.0,28.0,30.0,3.0,800.23425,598.4996,0.9913456,0.99416995,2.8728826,247.10155,148.38225,247.10155,0.12734693,0.014676862,0.0757018
1,1584.0,1.7337991,15.476887,30.0,19.0,24.0,11.0,704.2351,201.16217,0.50775546,0.78628093,0.8950302,120.56932,76.445724,95.125824,0.12483144,0.094543725,0.038584452
1,245.0,3.0974,12.505903,20.0,38.0,20.0,7.0,960.11566,679.30786,0.98172855,0.99547416,12.422156,89.24816,222.20969,98.21057,0.14650951,0.027522726,0.085486285
1,1226.0,31.946503,10.038766,10.0,30.0,30.0,15.0,1634.12,955.7143,0.6560911,0.9781881,582.49066,721.0183,260.5515,443.4012,0.33240047,0.11752202,0.124390595
1,1587.0,2.33625,15.884007,80.0,23.0,27.0,14.0,666.535,200.64046,0.5108895,0.55740243,3.6329937,177.0461,67.36775,131.29976,0.077135645,0.046882503,0.022164734
1,236.0,1.3604778,13.279556,30.0,38.0,19.0,3.0,961.48596,743.33344,0.9884185,0.99347895,2.1600173,312.6133,217.12775,170.97641,0.13287097,0.023731276,0.08348307
1,1367.0,38.947296,9.851522,10.0,34.0,29.0,15.0,1339.5537,1000.76416,0.65738344,0.955704,366.80948,485.1969,349.89893,291.11813,0.1415502,0.02976798,0.048754428
1,1388.0,34.668716,9.413308,10.0,28.0,30.0,15.0,1658.4086,934.3386,0.47836983,0.9449464,709.0405,740.9887,245.94576,405.81662,0.34000385,0.14390202,0.13103487
1,612.0,32.769215,10.554865,10.0,36.0,26.0,19.0,1348.6768,946.897,0.8172119,0.966512,199.51228,505.128,282.59442,275.6246,0.24848802,0.062554754,0.088751666
1,323.0,8.983247,10.943029,10.0,36.0,21.0,9.0,888.4616,626.89825,0.9591655,0.9911215,74.098404,6.8372936,187.11444,161.58942,0.1646625,0.02820441,0.091320075
1,1153.0,28.916807,9.993856,20.0,31.0,31.0,15.0,1267.4072,862.43585,0.7052124,0.94580287,181.86449,450.93082,262.18713,288.9255,0.18721616,0.03875053,0.07306648
1,0.0,0.0,20.31769,60.0,34.0,24.0,10.0,1051.0225,819.4145,0.5238915,0.5933692,0.1052202,469.6166,268.63226,256.1545,0.10087382,0.01694728,0.0450469
1,1589.0,26.088629,10.147688,10.0,26.0,29.0,14.0,1704.5132,1022.74866,0.6619502,0.98404306,446.38364,782.3052,259.34305,766.21027,0.35945284,0.15198387,0.12526493
1,1581.0,1.6787361,18.499783,30.0,24.0,27.0,14.0,663.9941,202.65784,0.68654054,0.5475862,0.09043471,182.91968,67.80198,128.70331,0.07777211,0.04792607,0.021691712
1,226.0,2.0031574,13.304023,30.0,31.0,24.0,2.0,761.48224,581.40906,0.98863554,0.99965477,10.80543,262.14676,139.53404,262.14676,0.12809585,0.014582465,0.077684835
1,1586.0,1.6132448,16.29678,10.0,21.0,28.0,11.0,710.92365,220.80334,0.567473,0.6096561,0.43320528,156.6757,83.95999,125.02526,0.16789511,0.20881984,0.0591654
1,220.0,2.0138302,14.144907,40.0,33.0,28.0,8.0,862.46466,598.6563,0.9830235,0.9915805,0.4344249,0.0,212.39368,160.69356,0.19778442,0.03542893,0.10130781
1,234.0,1.2799149,13.381061,40.0,37.0,21.0,3.0,936.5342,721.1647,0.9796033,0.9953313,1.1781974,315.98804,224.69215,163.50719,0.12965457,0.024171047,0.08293715
1,344.0,5.8773055,16.02276,80.0,28.0,25.0,12.0,1063.4408,718.0675,0.9124562,0.95316887,5.6836877,106.651,256.00647,106.651,0.1266355,0.0339309,0.053715017
1,1627.0,2.0432484,12.730348,40.0,20.0,26.0,12.0,682.48096,251.88434,0.7506742,0.9716846,10.3210125,222.90454,67.54061,196.16739,0.2318507,0.3630163,0.1291521
1,1375.0,23.186087,10.542261,30.0,30.0,26.0,14.0,1929.5721,1038.5566,0.8101845,0.9562012,81.10731,545.0914,229.15952,545.0914,0.38345858,0.17705211,0.12855044
1,214.0,1.5265313,15.62657,80.0,30.0,23.0,12.0,807.3337,557.26276,0.95537084,0.99430406,2.7955232,0.0,188.89383,171.67062,0.19803005,0.025356632,0.094520256
1,489.0,8.753614,10.759685,10.0,39.0,23.0,14.0,1146.1873,886.3013,0.95181865,0.9886867,92.50652,558.5253,304.5649,307.90405,0.06310676,0.010470607,0.026122222
1,937.0,24.184351,10.115795,30.0,32.0,25.0,15.0,1240.3328,852.49744,0.9854678,1.0,234.8271,247.52823,257.99847,247.52823,0.1692922,0.030069692,0.06370335
1,229.0,3.0786338,12.490339,50.0,28.0,26.0,4.0,786.48474,598.9177,0.9883193,0.99777645,5.1792474,274.21902,146.29681,274.21902,0.12615234,0.016200168,0.078946404
1,356.0,8.544926,14.136014,80.0,36.0,24.0,23.0,1043.5029,702.87775,0.8973407,0.97265565,14.374014,30.330948,260.6876,91.80277,0.13563561,0.043035343,0.07024497
1,281.0,1.781047,13.109142,40.0,34.0,20.0,8.0,1072.789,818.5784,0.9855318,1.0,2.4796953,325.56464,272.7902,233.82779,0.17566225,0.03394181,0.10417872
1,1594.0,1.900069,16.501564,40.0,22.0,29.0,11.0,602.5414,247.0092,0.6750003,0.97549343,0.48077026,253.86375,88.141914,142.2078,0.14954571,0.21550128,0.050273657
1,228.0,2.2973769,12.475237,40.0,31.0,28.0,6.0,794.8839,550.3976,0.9787649,0.9994568,7.1714444,0.0,177.94308,178.32845,0.19614586,0.025357107,0.092903696
1,840.0,22.514254,12.065022,30.0,45.0,27.0,13.0,1372.1523,934.14716,0.72982955,0.93853253,63.979473,527.0708,364.6594,231.9772,0.08247887,0.08803635,0.032779872
1,229.0,2.6118643,13.296978,40.0,30.0,28.0,2.0,799.1816,603.33,0.983467,0.99451286,1.116402,266.59006,150.38118,266.59006,0.12620214,0.015655806,0.07762157
1,1322.0,30.415989,9.766841,10.0,29.0,34.0,15.0,1401.1027,925.36255,0.872313,0.9909545,637.12494,591.0633,240.91042,477.3904,0.33288565,0.10063342,0.11557929
1,1578.0,1.5337415,18.618927,30.0,23.0,25.0,13.0,525.0858,179.74466,0.68381125,0.62816447,0.04486949,146.0322,62.041878,115.16893,0.03545095,0.01545291,0.0143989045
1,1763.0,2.1121006,12.69335,10.0,27.0,25.0,14.0,606.5646,280.45377,0.74894726,0.9867552,15.831644,434.90585,90.6752,177.19627,0.048799668,0.03702228,0.014301181
1,1455.0,25.753159,10.041859,30.0,31.0,23.0,14.0,1687.8723,781.2314,0.6971655,0.97664595,432.6789,550.0993,191.78253,253.67557,0.34822267,0.21316472,0.117263265
1,1711.0,23.547136,10.249674,10.0,30.0,24.0,15.0,2075.2522,1080.2227,0.74574107,0.9548902,189.12077,513.39087,240.00421,513.39087,0.39451113,0.16899426,0.14735515
1,1986.0,19.078894,10.300037,10.0,32.0,20.0,12.0,1611.3657,938.30835,0.2218107,0.84948355,916.4626,655.54913,239.48422,446.497,0.3667777,0.17069206,0.13292244
1,225.0,3.248043,12.423401,40.0,34.0,25.0,2.0,753.0144,549.8386,0.97153693,0.99606854,5.9266,169.77965,127.08525,169.77965,0.13779205,0.012702059,0.076150134
1,237.0,1.1915867,14.345975,40.0,39.0,21.0,5.0,975.8479,746.22034,0.9789044,0.98417246,2.7889447,334.8531,253.90176,167.42654,0.15227367,0.027850939,0.094606444
1,692.0,20.41948,9.982767,10.0,39.0,26.0,16.0,1240.6227,941.96796,0.95206696,0.99922323,151.22687,606.213,315.4986,290.8312,0.008454461,0.0070547294,0.0025180536
1,641.0,12.159482,10.941296,10.0,36.0,26.0,13.0,1379.0801,1071.4293,0.97374755,0.9897049,55.903442,479.0113,356.71106,260.5669,0.15831646,0.026024453,0.06477506
1,588.0,7.51506,11.659863,40.0,40.0,27.0,14.0,1220.1736,926.2907,0.9727859,1.0,14.91948,629.7549,303.65308,314.20416,0.009104028,0.0077641923,0.0025486522
1,341.0,3.146346,17.421232,80.0,24.0,22.0,11.0,1156.9181,793.99445,1.0,0.99822634,0.26227272,131.84467,263.07965,121.58454,0.12484692,0.028152376,0.038742233
1,1579.0,2.7916512,18.63008,40.0,24.0,25.0,11.0,536.2842,169.45195,0.5143126,0.25342014,0.04195679,127.29753,54.85463,81.57741,0.038423948,0.014883853,0.028839728
1,237.0,1.3697627,13.469836,40.0,36.0,21.0,3.0,969.42053,745.17944,0.9761356,0.9995077,1.9561738,326.74506,240.71494,168.90186,0.14219266,0.025946328,0.08911409
1,249.0,1.1094403,14.024015,40.0,35.0,24.0,4.0,1066.0743,816.5772,0.98258984,0.99389523,2.2680337,382.26065,255.17073,196.50804,0.18517394,0.029068701,0.10241258
1,1748.0,23.044268,10.347827,40.0,30.0,21.0,13.0,1634.6477,957.8162,0.3580545,0.92612845,206.18808,604.0953,244.28697,557.6662,0.3746637,0.17397493,0.13263412
1,1578.0,1.6405821,18.886358,40.0,25.0,24.0,12.0,522.54846,178.55595,0.5531209,0.50185955,0.03383938,143.01639,60.718704,133.74945,0.034256645,0.015430475,0.014138966
1,1334.0,35.03341,9.581354,30.0,36.0,25.0,16.0,957.01904,524.73236,0.45737776,0.9335167,552.5499,348.15912,179.26738,217.8047,0.109646454,0.032318167,0.037539717
1,232.0,3.0268893,13.322553,40.0,29.0,26.0,3.0,813.6188,614.0114,0.97245175,0.99065083,1.4387351,272.52463,153.87471,272.52463,0.12492192,0.016549315,0.07855631
1,219.0,2.0377605,12.99881,40.0,32.0,31.0,8.0,830.8263,573.27435,0.98895884,0.9942812,1.884889,0.0,205.9426,147.68416,0.20688044,0.033147518,0.10242323
1,645.0,20.823622,9.716136,10.0,38.0,25.0,15.0,1283.7224,1024.2959,0.97516316,0.9922999,239.65771,605.7389,331.54874,314.8469,0.056664366,0.009913054,0.024937049
1,231.0,2.018082,12.767275,40.0,33.0,28.0,2.0,812.51373,577.5984,0.99561745,0.9921488,2.19087,142.78987,144.0999,142.78987,0.14339702,0.014839016,0.07904905
1,229.0,1.882675,12.822068,40.0,34.0,28.0,7.0,861.2208,598.1312,0.9652926,0.99890125,1.908807,35.70452,168.83072,147.4941,0.16658017,0.021597002,0.08841614
1,221.0,1.8168372,13.001931,40.0,29.0,27.0,7.0,785.85693,543.40045,0.97396,0.9996355,1.9176676,0.0,177.65468,177.225,0.19451354,0.023974163,0.09247036
1,233.0,2.2495666,12.964904,50.0,31.0,25.0,3.0,823.2002,619.717,0.9730864,0.9977239,1.6040189,272.80768,155.9511,272.80768,0.124402,0.016786462,0.07856935
1,515.0,8.28369,11.969662,80.0,41.0,25.0,14.0,1675.845,1162.4768,0.5238915,0.5933692,294.81494,0.0,0.0,0.0,0.05009687,0.09478371,0.013011303
1,224.0,1.8127997,14.340261,40.0,26.0,27.0,5.0,821.157,575.5887,0.9896914,1.0,0.4073215,0.0,170.10555,196.58434,0.18677546,0.022341818,0.09270466
1,248.0,1.261977,13.045114,40.0,35.0,22.0,4.0,1058.6125,814.89954,0.9826546,0.99572533,1.1891378,375.80566,251.77283,194.4281,0.18022205,0.028655438,0.10174991
1,0.0,0.0,20.953117,0.0,39.0,27.0,11.0,1258.3613,977.6386,0.5238915,0.5933692,0.024176152,613.71924,315.97333,341.33228,0.0061392193,0.00505862,0.0022959507
1,376.0,2.9258022,11.968591,40.0,33.0,24.0,10.0,1086.2533,745.3392,0.96049184,0.9836095,30.031658,119.3147,223.22748,119.3147,0.09770761,0.01982071,0.04299456
1,233.0,2.7067182,13.47709,50.0,30.0,25.0,3.0,820.2895,616.85864,0.96299326,0.9975834,1.2779679,268.8324,154.97397,268.8324,0.12482988,0.016490292,0.07807888
1,237.0,2.2366414,12.903807,60.0,37.0,21.0,6.0,972.3162,743.4007,0.975349,0.9825324,3.9643312,333.3329,253.17482,166.66644,0.15052755,0.02782268,0.09391468
1,353.0,5.8948946,11.005279,50.0,35.0,28.0,12.0,1052.1722,726.21106,0.9696984,0.9956364,61.381004,94.81262,247.05592,94.81262,0.13768329,0.033826977,0.06464725
1,225.0,2.9291167,13.638041,10.0,32.0,24.0,11.0,806.4451,556.93097,0.9502849,0.9943397,13.479789,0.0,186.07176,173.16582,0.19794133,0.025706725,0.09373059
1,817.0,21.714455,10.649236,10.0,38.0,27.0,17.0,1150.3302,820.1922,0.9651998,0.9938672,180.87755,436.74225,273.63174,274.7311,0.12883392,0.02621555,0.04463504
1,228.0,2.2545185,12.544264,50.0,28.0,26.0,2.0,781.51935,598.5698,0.9859882,0.99932384,3.626236,277.39874,141.62286,277.39874,0.12639019,0.016356995,0.079333276
1,0.0,0.0,22.146803,60.0,29.0,30.0,2.0,660.6555,467.71616,0.5238915,0.5933692,0.023166856,0.0,104.638504,203.3768,0.21037617,0.017375216,0.098230675
1,0.0,0.0,21.916206,0.0,36.0,23.0,11.0,1209.8448,946.2452,0.5238915,0.5933692,0.032549657,600.2656,298.43994,302.47275,0.011851845,0.0032178739,0.005568543
1,888.0,24.356459,10.694399,60.0,32.0,29.0,16.0,1670.5178,839.9319,0.86488575,0.9771235,93.459564,636.57513,210.35881,298.4783,0.34640437,0.1874869,0.122777335
1,247.0,2.1973197,12.785205,40.0,37.0,24.0,4.0,873.2008,623.10297,0.9896891,0.99598736,4.1785917,111.47734,165.47089,111.47734,0.13129827,0.018046387,0.07663819
1,492.0,7.050623,11.405252,40.0,37.0,25.0,14.0,1291.9323,1023.67883,0.9571553,0.994541,108.740944,613.8707,331.92834,315.08438,0.038891003,0.008195105,0.016194072
1,16.0,6.97301,18.452534,0.0,28.0,30.0,3.0,748.32294,583.3113,0.5238915,0.5933692,13.796669,285.0096,127.260704,285.0096,0.12482244,0.016400002,0.077597715
1,1028.0,33.905827,9.476614,10.0,34.0,26.0,17.0,1306.8221,937.11414,0.9557126,0.99010557,600.7469,474.1488,290.25552,249.2162,0.18773219,0.047885124,0.06799687
1,674.0,8.470359,11.30064,10.0,39.0,27.0,14.0,1292.6418,993.52905,0.9766818,0.9998739,32.674248,545.0964,351.0629,282.20624,0.09532261,0.0163103,0.035027184
1,253.0,1.1944258,13.025942,40.0,36.0,23.0,5.0,1104.9054,854.9105,0.97280025,0.99839973,1.9080071,425.47046,278.2985,236.37247,0.20491719,0.031289827,0.10913143
1,691.0,14.852002,10.747534,10.0,38.0,27.0,16.0,1296.6165,1007.2496,0.9640095,0.995223,88.42558,581.47314,337.50165,312.1659,0.07547635,0.013253617,0.027944641
1,1141.0,18.86013,9.883007,30.0,32.0,27.0,14.0,1228.4896,850.9916,0.9508769,0.99549544,216.99188,249.75856,229.27661,249.75856,0.14364572,0.024580952,0.057039134
1,1438.0,27.476858,10.326634,40.0,34.0,32.0,13.0,1069.5068,675.2703,0.7839872,0.9612073,95.3887,433.0058,231.5325,228.34381,0.16557081,0.05390805,0.05058742
1,231.0,1.8362328,13.490189,40.0,31.0,27.0,4.0,865.56024,665.4221,0.9944462,0.9907756,0.8516135,273.93802,228.13611,197.18015,0.12208413,0.02072919,0.07918916
1,219.0,2.0950243,12.964408,40.0,31.0,31.0,9.0,828.6737,571.8413,0.99165106,0.99211967,2.6291308,0.0,203.37636,150.94876,0.20598872,0.032443035,0.10154036
1,577.0,33.280567,10.355707,60.0,36.0,25.0,19.0,1345.4874,953.46204,0.90646124,0.9853516,165.88457,495.58368,294.45483,258.68347,0.22463602,0.056158055,0.08235511
1,882.0,32.64102,9.770313,10.0,34.0,27.0,16.0,1404.6553,928.45715,0.94346726,0.9943242,393.76205,579.4376,253.33052,347.9129,0.32912272,0.08923935,0.118113905
1,1701.0,34.337185,9.46666,10.0,37.0,23.0,14.0,1294.7533,762.32495,0.8774295,0.9756144,971.63873,456.04343,222.89223,303.7004,0.19006452,0.046384055,0.05746119
1,522.0,17.270891,10.1967,10.0,36.0,22.0,14.0,1266.9567,934.64514,0.95457006,0.9766339,114.0499,478.75394,294.81476,294.93903,0.13717295,0.034035563,0.049832746
1,1577.0,2.327432,19.746742,40.0,21.0,26.0,11.0,530.99744,166.54396,0.55515516,0.40475437,0.021056155,121.06038,53.474777,81.71532,0.03920997,0.015224495,0.031837843
1,350.0,3.755423,12.575711,80.0,20.0,18.0,13.0,1131.3121,771.7468,0.96615726,0.98779607,5.1246524,108.355286,265.07034,81.183136,0.14066869,0.035019945,0.049749866
1,658.0,21.026196,10.139008,10.0,36.0,22.0,14.0,1280.3672,923.5321,0.9655935,0.985286,229.74272,470.53436,277.76178,259.99384,0.1664368,0.043811362,0.05805265
1,1668.0,12.714703,10.809711,10.0,33.0,32.0,13.0,1287.6288,928.7204,0.8767409,0.99083656,418.7745,537.2625,344.30728,264.63373,0.06844409,0.04172738,0.022467425
1,1588.0,1.832406,13.861057,40.0,19.0,28.0,12.0,682.52814,222.419,0.67316633,0.9204906,1.179382,173.7669,73.742546,129.17773,0.18345137,0.25170454,0.07377742
1,902.0,25.43078,10.660744,10.0,37.0,28.0,18.0,1130.9165,782.09174,0.92141044,0.9974473,152.87251,428.042,271.80072,268.3245,0.14915738,0.03301105,0.05719986
1,670.0,6.623845,11.219518,10.0,35.0,24.0,15.0,1207.1017,849.83875,0.98532706,0.9995158,62.624626,580.96466,199.97466,520.78314,0.21064578,0.033666305,0.07692511
1,215.0,2.092923,13.201761,40.0,30.0,30.0,5.0,713.3944,508.33032,0.9855653,0.99994904,42.17622,0.0,107.7353,220.94316,0.18332858,0.016066078,0.09006928
1,1251.0,20.12378,10.531009,10.0,33.0,29.0,15.0,1264.0056,909.821,0.8958306,0.9903624,256.34836,470.53207,320.54306,288.16162,0.13827823,0.034314673,0.047713377
1,229.0,2.157338,13.184293,40.0,32.0,30.0,2.0,821.3688,580.3103,0.9817929,0.99576783,2.085691,113.98782,137.10773,120.153496,0.15151404,0.015976632,0.082025036
1,1583.0,1.9827163,14.449092,50.0,19.0,25.0,11.0,700.41626,200.61449,0.6639348,0.864357,0.51217765,123.558975,75.02707,103.45779,0.1157617,0.082920454,0.03525494
1,870.0,9.142097,11.210475,40.0,39.0,26.0,14.0,1289.1454,976.1792,0.97035676,0.99475235,111.54469,515.0148,347.59445,309.00885,0.12132359,0.024879284,0.042537816
1,232.0,2.655891,12.519006,50.0,29.0,26.0,4.0,804.03314,608.3025,0.98084635,0.9964119,3.53907,272.23148,151.79597,272.23148,0.12544222,0.016312445,0.07854299
1,231.0,2.453461,12.697951,10.0,32.0,27.0,2.0,814.4766,611.14856,0.9792877,1.0,2.1690586,260.90222,153.0245,260.90222,0.12568599,0.015898185,0.077097714
1,224.0,1.8521278,13.736259,40.0,30.0,30.0,3.0,824.35266,579.87225,0.9968171,0.9999556,0.5242923,0.0,162.86642,201.91956,0.18488884,0.021187702,0.09278851
1,237.0,1.8336952,13.282016,40.0,37.0,20.0,3.0,975.79974,755.1918,0.9883131,0.99313396,1.0114871,321.73044,211.7426,163.70627,0.1371792,0.024070116,0.08517655
1,528.0,14.072729,12.655703,80.0,36.0,26.0,17.0,1344.3695,928.11554,0.84817207,0.9827775,35.954525,513.67236,263.26352,284.11765,0.2660821,0.07028786,0.08977379
1,323.0,6.5736365,11.265137,20.0,30.0,22.0,10.0,1088.3372,769.2356,0.9861173,1.0,37.717434,178.27258,219.34657,178.27258,0.048205428,0.00759995,0.023864565
1,815.0,14.415994,10.31893,10.0,36.0,26.0,14.0,1303.1646,1012.8194,0.9705966,1.0,192.75809,561.50806,363.09027,284.96613,0.08544901,0.015357453,0.032571033
1,1641.0,8.258634,11.059557,30.0,17.0,24.0,12.0,619.7895,223.58234,0.7223795,0.9715547,56.849934,148.3758,60.78579,115.45145,0.064582236,0.020630633,0.032386236
1,1586.0,2.253124,14.962517,10.0,19.0,27.0,12.0,721.8297,211.501,0.71349573,0.85993516,0.7798221,128.73183,85.136406,99.2721,0.1646769,0.18835966,0.05687885
1,641.0,14.343423,10.384028,10.0,35.0,27.0,14.0,1395.6414,1093.504,0.9533867,0.9951511,219.38054,478.50226,363.3386,261.012,0.13612032,0.020583173,0.057324216
1,237.0,1.5183071,13.147947,40.0,38.0,20.0,3.0,971.76886,748.34766,0.98034704,0.9997965,2.907185,325.14893,233.82953,168.33714,0.14119801,0.025485981,0.08825561
1,262.0,2.6963031,12.11634,20.0,38.0,23.0,10.0,849.54877,593.32025,0.9896608,0.98487717,34.38955,0.0,184.4096,180.05478,0.18322739,0.026798366,0.094460934
1,220.0,2.0285797,12.906181,40.0,24.0,30.0,4.0,726.34143,510.28107,0.9747612,1.0,3.0465195,0.0,155.58282,143.70851,0.19179581,0.017463967,0.09420777
1,229.0,2.2530458,13.237765,40.0,35.0,28.0,2.0,833.97955,581.28064,0.9846916,0.9999587,2.2667184,71.69795,148.26382,131.34529,0.16266188,0.018918086,0.08623326
1,276.0,1.9056995,12.4165945,40.0,34.0,20.0,6.0,1061.1672,809.99335,0.9834649,0.9997252,8.959975,326.4284,273.24933,237.23299,0.1612253,0.033268377,0.099570215
1,1332.0,25.451118,9.903065,10.0,28.0,30.0,15.0,1529.4111,960.93024,0.90565217,0.990028,327.47745,648.6753,234.74052,648.6753,0.36445975,0.13951167,0.12394581
1,794.0,24.808363,9.662,10.0,36.0,24.0,23.0,1411.8181,868.06323,0.92786306,0.9822987,291.2246,55.261185,400.38757,86.2573,0.15721412,0.04627484,0.059774492
1,220.0,1.899791,13.078546,40.0,21.0,32.0,4.0,721.58826,508.89444,0.98213375,1.0,2.6147966,0.0,153.13635,145.41754,0.19811508,0.017745817,0.096323796
1,1583.0,1.1090827,18.542871,10.0,22.0,25.0,14.0,684.54736,196.57878,0.35339987,0.60911125,0.07463837,135.2791,75.92939,116.9902,0.08764631,0.057369836,0.025045605
1,1471.0,24.20693,9.966075,10.0,28.0,31.0,14.0,1570.8379,974.65155,0.8997327,0.9840037,249.24759,493.05716,235.68863,493.05716,0.371861,0.13325149,0.12614065
1,1618.0,1.9436854,12.625305,40.0,23.0,28.0,12.0,636.4499,259.14362,0.71794057,0.9830668,8.622915,230.49843,75.08149,157.8283,0.22183248,0.3369738,0.10781362
1,234.0,1.5595005,13.331173,40.0,38.0,19.0,3.0,939.5785,726.53064,0.98315334,0.9946399,0.8365571,313.41678,216.66888,164.42987,0.12780175,0.023143694,0.08115472
1,1959.0,12.265079,10.4430895,40.0,36.0,24.0,23.0,570.3675,230.92502,0.3032576,0.8458524,194.83992,48.771633,71.61101,103.676994,0.07529134,0.0316095,0.028750146
1,362.0,3.2010615,12.228724,40.0,21.0,20.0,10.0,1178.1792,807.56366,0.983553,0.991344,6.1817164,143.84671,268.57907,143.84671,0.13412729,0.032687336,0.045568857
1,55.0,6.4678154,17.21478,0.0,30.0,26.0,2.0,733.86676,563.62274,0.5238915,0.5933692,26.530836,252.96835,128.65027,252.96835,0.1299454,0.0128990095,0.07701619
1,621.0,12.856317,10.362415,50.0,37.0,24.0,15.0,1366.6666,1039.4569,0.9627804,0.99756896,185.386,469.22125,353.03696,269.46408,0.16535449,0.031231916,0.066413365
1,264.0,1.266562,12.905709,40.0,35.0,22.0,3.0,1055.7697,794.3403,0.9986344,0.9992518,6.670103,384.92056,232.06317,213.84476,0.16322467,0.028657686,0.087637044
1,240.0,2.6628044,12.191389,40.0,35.0,27.0,8.0,844.16077,580.5099,1.0,0.99565226,16.9969,0.0,218.3858,150.83075,0.20219798,0.029923094,0.099503264
1,225.0,2.174875,13.108891,40.0,28.0,30.0,3.0,783.00397,558.412,0.9932324,0.99964577,2.166885,127.14128,131.29639,127.14128,0.15348051,0.014043688,0.081728585
1,374.0,5.23513,11.36726,60.0,25.0,21.0,8.0,1110.2241,761.0146,0.9718407,0.99990755,28.356985,136.90744,215.44388,136.90744,0.09254071,0.017289003,0.03581066
1,1773.0,2.6679993,12.460535,10.0,27.0,24.0,12.0,607.3126,278.91095,0.73595136,0.9763127,19.344854,429.82516,90.865036,173.78801,0.047199916,0.03573317,0.013895849
1,371.0,5.956743,11.484086,40.0,24.0,19.0,9.0,1167.7965,804.0613,0.9851399,0.9982014,12.764562,139.07724,229.83336,139.07724,0.0945813,0.017268728,0.03245344
1,1574.0,28.29986,9.74163,10.0,37.0,28.0,15.0,1254.7236,839.121,0.7595347,0.9739405,407.09845,443.85278,313.45288,256.37042,0.14668028,0.0488143,0.058449056
1,237.0,2.6166701,12.595203,40.0,33.0,25.0,4.0,852.24176,638.0839,0.96612984,0.9961376,2.5242329,278.36566,164.20712,278.36566,0.1234923,0.017907763,0.079452574
1,229.0,2.6944022,12.878861,50.0,27.0,27.0,3.0,790.075,597.9888,0.9970565,0.99729645,2.1104317,267.43765,148.56891,267.43765,0.12667492,0.015387043,0.077637784
1,232.0,2.5615,12.261193,50.0,27.0,27.0,4.0,792.25775,600.28845,0.9945685,0.9910566,4.7871037,269.67953,149.1411,269.67953,0.1263189,0.015731413,0.078083634
1,1357.0,24.5661,10.023703,10.0,28.0,30.0,15.0,1541.7512,965.3013,0.8494327,0.9823586,135.02213,515.65137,233.88284,515.65137,0.3698368,0.13155515,0.12502067
1,385.0,4.611259,12.516695,10.0,34.0,23.0,15.0,1330.507,992.9271,0.9553203,0.9883394,15.65888,491.7749,333.32352,302.8011,0.15495867,0.035336375,0.060373284
1,1088.0,18.80538,10.295697,30.0,31.0,30.0,14.0,1245.6078,816.2765,0.9576931,0.9997302,91.1506,245.04819,219.55154,245.04819,0.1592023,0.020290388,0.06056428
1,952.0,14.494486,10.360155,10.0,37.0,28.0,15.0,1146.6865,816.34235,0.9677583,0.9955637,312.11838,505.7849,282.39368,264.53717,0.112583555,0.021384783,0.03286593
1,240.0,6.2938566,11.030547,10.0,34.0,26.0,10.0,815.9759,562.524,0.994424,0.99736047,28.61466,0.0,198.44951,165.28261,0.19875015,0.024829242,0.09672575
1,1529.0,28.142874,9.877578,40.0,37.0,26.0,15.0,835.91254,456.80383,0.26225302,0.89829135,729.0796,327.83215,163.76666,173.8648,0.13667558,0.04266792,0.048610885
1,218.0,1.7967272,13.354094,60.0,28.0,29.0,9.0,825.41077,570.34717,0.98128885,0.9819069,2.9216468,0.0,197.85199,156.79036,0.20573723,0.03239104,0.101242654
1,232.0,1.7033811,13.116832,40.0,32.0,25.0,4.0,872.8598,668.712,0.99442214,0.994661,1.3275636,275.21396,234.1023,192.36287,0.1232911,0.021175642,0.08027109
1,345.0,4.1589804,16.763424,80.0,33.0,28.0,12.0,1109.7655,760.48157,0.9086758,0.96442777,5.788851,109.961296,262.29962,109.961296,0.14128174,0.031140296,0.0444427
1,1528.0,32.493042,10.062765,10.0,28.0,26.0,13.0,1670.5347,982.5286,0.83568853,0.9764837,169.36145,750.9093,278.91165,528.39,0.34706622,0.13967173,0.13093752
1,253.0,1.829752,13.067292,40.0,38.0,22.0,5.0,893.4284,636.5525,0.99009115,0.9963779,9.896026,97.77742,181.95102,98.46156,0.13649014,0.019694716,0.08005017
1,1915.0,28.045902,9.722416,10.0,27.0,28.0,12.0,1706.3735,1027.0472,0.61790377,0.9603236,566.34717,451.508,248.05318,451.508,0.37531465,0.12657541,0.12989701
1,247.0,2.2245214,12.374688,40.0,41.0,20.0,7.0,870.83093,608.7616,0.98742867,0.9965749,18.185808,61.87299,174.87004,105.786316,0.15927559,0.023287242,0.087375864
1,237.0,1.4355224,13.08419,40.0,38.0,20.0,3.0,964.0245,744.62256,0.99342084,0.99890995,2.6564825,314.8034,221.86559,171.23529,0.1352018,0.024284733,0.08489064
1,910.0,19.671034,10.226061,10.0,34.0,26.0,15.0,1259.4216,902.2626,0.9813741,0.9921691,141.89655,608.9837,225.4794,555.5978,0.27266285,0.06694753,0.08944203
1,347.0,4.7443566,17.880095,80.0,36.0,24.0,23.0,1081.1821,726.16864,0.9551633,0.9935796,8.451195,75.32443,265.18506,82.23938,0.18458118,0.059927143,0.09308172
1,1311.0,18.648544,10.268678,10.0,39.0,29.0,17.0,1184.021,738.6653,0.75690156,0.99701244,343.35745,165.67122,272.18073,171.33226,0.18304127,0.0447598,0.06477881
1,231.0,2.6472442,12.655095,50.0,29.0,25.0,5.0,796.63165,604.8944,0.9912554,0.9963505,8.007616,275.98758,149.18904,275.98758,0.12560719,0.016420387,0.07897513
1,281.0,1.4317555,12.783316,40.0,35.0,20.0,5.0,1036.9084,798.6457,0.98728216,0.9939535,12.866066,344.97382,268.2598,217.36992,0.17512065,0.032579534,0.10470778
1,1583.0,1.8979479,18.908152,30.0,18.0,27.0,11.0,726.05975,209.9523,0.762739,0.9504184,0.085572846,122.485,85.623085,92.99067,0.16619912,0.18635944,0.057313967
1,1579.0,2.2611585,18.954016,10.0,22.0,26.0,10.0,579.3028,184.1075,0.6610576,0.843429,0.071163155,139.2175,51.243244,97.384445,0.046232093,0.018007511,0.029046034
1,1404.0,25.83911,10.402526,30.0,35.0,25.0,15.0,1054.2878,629.9104,0.75602573,0.9462624,92.64612,417.62424,203.43292,292.04352,0.11105708,0.027909802,0.03720429
1,304.0,5.5966177,11.056725,20.0,35.0,21.0,9.0,962.1463,670.70917,0.99062544,0.9978463,35.004017,0.0,300.6206,118.76235,0.17119202,0.041561224,0.09556673
1,1578.0,2.0836716,19.896875,40.0,21.0,26.0,11.0,623.3562,193.32391,0.6076669,0.574311,0.007663163,149.08795,56.81788,125.32089,0.062670074,0.026095122,0.028913818
1,335.0,0.0,20.195654,80.0,36.0,24.0,23.0,1063.8333,730.2274,0.9780099,0.99552304,0.016771756,98.75496,253.12338,94.62541,0.13402414,0.031367704,0.053055204
1,344.0,3.8287277,13.839428,80.0,36.0,24.0,23.0,1175.7803,807.52203,0.9983211,0.9985109,0.67876863,144.11943,258.22073,144.11943,0.11797436,0.026144344,0.036812082
1,382.0,5.066332,11.34472,10.0,28.0,22.0,10.0,1116.8162,762.0389,0.97138083,0.9928389,36.83005,96.69797,265.58365,87.85455,0.14441343,0.03643425,0.052938707
1,226.0,2.5220153,12.530033,40.0,30.0,28.0,4.0,781.9928,542.50977,0.9865768,0.9943059,2.9094834,0.0,164.7784,183.39378,0.19282022,0.02294665,0.09153461
1,222.0,1.9663604,13.134495,40.0,31.0,30.0,3.0,806.99225,570.6382,0.9980067,1.0,1.7448773,4.685664,142.2901,214.85022,0.18178491,0.017710524,0.09093748
1,235.0,2.0220647,12.660944,40.0,30.0,25.0,4.0,878.11456,668.1674,0.98866785,0.99528855,1.9200557,307.34058,184.27173,289.65152,0.12363998,0.019417629,0.08099729
1,567.0,19.768465,10.207851,10.0,35.0,21.0,15.0,1219.1904,907.77045,0.97067827,0.9999534,91.313866,506.80054,300.30634,305.85675,0.09637679,0.02309934,0.03407782
1,1334.0,34.735344,9.747983,10.0,30.0,29.0,15.0,1591.1805,972.6452,0.9234292,0.99102336,357.70227,699.74335,271.40897,497.9809,0.33984327,0.11795235,0.12486557
1,1577.0,1.0376817,19.658937,30.0,22.0,25.0,13.0,526.926,180.12369,0.41251165,0.50821435,0.008311631,146.92258,62.468014,112.76281,0.035527445,0.015208974,0.015251637
1,470.0,7.5940733,11.284901,10.0,36.0,25.0,13.0,1305.1777,1032.3405,0.96767414,0.9984411,55.59449,608.3346,347.99677,305.68954,0.058906537,0.0109577505,0.024575526
1,219.0,1.9568658,12.752477,40.0,21.0,35.0,5.0,713.9264,506.80322,0.99451685,0.9999068,5.371535,0.0,137.23682,192.32411,0.20422913,0.017902726,0.09511098
1,245.0,2.0456924,13.040433,40.0,38.0,21.0,8.0,878.11914,615.3648,0.9901202,0.9934157,3.473084,76.481606,175.2059,96.96275,0.14999236,0.022067357,0.084496
1,2057.0,36.033657,9.443593,30.0,30.0,23.0,13.0,1669.1661,978.54846,0.70377386,0.93892866,714.89154,757.7502,277.57797,526.2431,0.3488754,0.1451034,0.1324566
1,815.0,14.415994,10.31893,10.0,36.0,26.0,14.0,1303.1646,1012.8194,0.9705966,1.0,192.75809,561.50806,363.09027,284.96613,0.08544901,0.015357453,0.032571033
1,499.0,16.773315,10.223983,10.0,37.0,24.0,14.0,1373.2734,1044.9274,0.962815,0.9959389,92.72437,476.1969,357.6986,286.82404,0.15551135,0.030442381,0.062832594
1,230.0,1.8482482,12.91051,40.0,35.0,27.0,9.0,860.1588,596.2701,0.96469355,0.993337,2.8696651,52.5933,165.6542,130.79865,0.16336218,0.021206498,0.08737669
1,1028.0,33.905827,9.476614,10.0,34.0,26.0,17.0,1306.8221,937.11414,0.9557126,0.99010557,600.7469,474.1488,290.25552,249.2162,0.18773219,0.047885124,0.06799687
1,254.0,4.6547084,13.68375,40.0,37.0,23.0,10.0,952.1697,663.62714,0.9846122,1.0,1.0960689,24.81091,271.42255,174.60486,0.174532,0.037521124,0.09466195
1,932.0,11.979503,11.149057,40.0,37.0,26.0,14.0,1148.248,679.5609,0.94824463,0.9841559,67.88845,175.11581,248.0762,175.11581,0.19626372,0.03032735,0.06954277
1,218.0,2.28121,13.170864,40.0,24.0,27.0,8.0,698.35693,491.0537,0.98640037,0.9993546,1.2115583,0.0,151.5021,115.58075,0.19238262,0.015565639,0.09617096
1,690.0,11.282213,10.832795,10.0,39.0,27.0,14.0,1163.0487,838.1406,0.9537013,0.99977267,76.23996,497.6385,285.08624,281.40396,0.102228455,0.018586213,0.029440759
1,360.0,4.0437574,12.005997,40.0,19.0,18.0,9.0,1127.2311,765.78754,0.9620629,0.98452646,10.265586,103.014305,265.7609,81.02202,0.14832895,0.03968826,0.057496205
1,341.0,3.146346,17.421232,80.0,24.0,22.0,11.0,1156.9181,793.99445,1.0,0.99822634,0.26227272,131.84467,263.07965,121.58454,0.12484692,0.028152376,0.038742233
1,225.0,1.6931353,13.249029,40.0,21.0,33.0,2.0,755.65955,580.83813,0.9747219,0.9962074,1.1637417,267.26764,137.40593,267.26764,0.12779032,0.015541173,0.078858666
1,360.0,4.0437574,12.005997,40.0,19.0,18.0,9.0,1127.2311,765.78754,0.9620629,0.98452646,10.265586,103.014305,265.7609,81.02202,0.14832895,0.03968826,0.057496205
1,1581.0,3.1040478,16.573412,40.0,23.0,27.0,10.0,634.01105,215.51712,0.48986736,0.39414853,0.18959856,160.5454,62.44622,127.65177,0.06734284,0.0253975,0.03333895
1,221.0,3.1595392,12.576093,40.0,21.0,36.0,3.0,733.3111,544.76184,0.98888683,0.9971656,175.77806,186.7983,129.19986,186.7983,0.13668886,0.012231365,0.07599819
1,271.0,1.3296001,13.323835,40.0,35.0,21.0,3.0,1033.1957,770.13544,0.9910309,1.0,4.2788224,436.42026,251.57378,241.06664,0.1668593,0.032436267,0.08363201
1,145.0,7.535407,14.30178,40.0,30.0,30.0,3.0,686.8928,489.91187,0.5238915,0.5933692,18.13369,0.0,93.13711,228.7842,0.17448106,0.014875567,0.08662559
1,240.0,1.9924614,13.047035,40.0,35.0,26.0,3.0,897.31726,679.20917,0.9885195,0.99963284,5.3069363,300.2755,214.73465,230.99696,0.12535939,0.021192847,0.08230508
1,1594.0,1.7297938,13.390277,40.0,18.0,26.0,12.0,658.963,232.0585,0.7029858,0.96290034,3.6106684,196.15698,64.68872,163.4617,0.21544108,0.34250328,0.12005406
1,1182.0,34.320217,9.792777,20.0,33.0,29.0,17.0,1287.2604,913.62463,0.9574888,0.98829126,754.48035,455.56085,271.36044,229.04332,0.1937863,0.051578186,0.06728031
1,236.0,2.253434,13.259553,50.0,35.0,25.0,4.0,854.17285,637.83167,0.9627322,0.99999523,1.3819858,269.65405,162.70644,269.65405,0.1240118,0.017946005,0.0791614
1,226.0,2.3676455,12.742072,40.0,32.0,26.0,2.0,740.80695,566.48065,0.992571,0.99652255,182.79013,251.74686,131.35735,251.74686,0.12975447,0.0127736535,0.076600194
1,235.0,1.5613855,13.17701,40.0,34.0,22.0,3.0,946.87286,732.6907,0.9696508,0.99309397,5.9233837,309.25412,209.97433,163.48593,0.12467804,0.021871746,0.078646176
1,1578.0,1.3312867,19.198006,40.0,24.0,24.0,13.0,523.8174,179.15025,0.64353806,0.5933477,0.02955173,144.52267,61.379524,124.45668,0.034784738,0.015435549,0.014306478
1,1582.0,0.97511715,18.086168,80.0,24.0,28.0,16.0,685.8399,200.40192,0.5729774,0.5513642,0.2644353,138.02817,79.41615,106.04217,0.09864377,0.076590955,0.02753759
1,316.0,5.920029,11.030029,20.0,35.0,21.0,9.0,965.0391,673.40936,0.99589443,0.9999969,51.526375,0.0,300.63864,118.81771,0.17184483,0.0416552,0.09579265
1,361.0,2.4914176,12.358025,40.0,36.0,20.0,9.0,1207.3562,948.29944,0.98899347,0.9988493,47.378315,560.7041,304.70197,288.43088,0.16022165,0.022877272,0.06200279
1,221.0,2.1280725,13.0413065,40.0,30.0,26.0,8.0,883.0195,617.2763,0.9893441,0.99843246,1.6993808,0.0,216.18893,172.43922,0.18444794,0.0336358,0.09856749
1,340.0,3.4475849,17.89954,80.0,36.0,24.0,23.0,1109.6718,740.42834,0.8810865,0.971634,1.5800349,81.64347,269.90057,84.70686,0.19868656,0.06728238,0.10090178
1,220.0,2.429498,12.358946,40.0,30.0,29.0,5.0,863.28723,601.79816,0.9910695,0.99212044,3.7762794,0.0,209.20576,167.65736,0.19315074,0.034498863,0.10019842
1,0.0,0.0,20.936598,0.0,39.0,28.0,10.0,1250.3085,972.19763,0.5238915,0.5933692,0.092789575,615.8263,309.75308,340.7416,0.006160584,0.0046538836,0.002369109
1,237.0,1.5183071,13.147947,40.0,38.0,20.0,3.0,971.76886,748.34766,0.98034704,0.9997965,2.907185,325.14893,233.82953,168.33714,0.14119801,0.025485981,0.08825561
1,489.0,17.389664,10.273009,10.0,35.0,24.0,14.0,1335.5293,978.67004,0.98322505,0.9914683,119.57462,491.55624,319.97308,282.23807,0.17652102,0.04197466,0.067436956
1,417.0,13.248615,11.156921,10.0,35.0,24.0,15.0,1258.361,968.2814,0.9635371,0.99568295,58.900948,480.5282,332.50778,311.6792,0.08188622,0.014535538,0.034614682
1,679.0,16.331142,10.667429,10.0,37.0,22.0,15.0,1340.3606,960.1748,0.9755177,0.9900665,197.02129,483.04474,304.13098,270.4087,0.21665417,0.046639506,0.08315635
1,1576.0,1.5962875,19.510271,30.0,21.0,25.0,11.0,530.79517,178.64276,0.23424456,0.3214669,0.010543728,131.19173,66.548965,102.21352,0.03285717,0.014802424,0.016624875
1,1581.0,0.73536605,19.20884,80.0,24.0,28.0,15.0,667.02954,203.2858,0.82280403,0.73955715,0.018461177,174.95218,71.1261,121.679596,0.081501774,0.052424368,0.022239333
1,506.0,10.411284,10.605975,30.0,40.0,23.0,11.0,1137.8445,879.70996,0.95623577,0.98821247,177.16005,546.50464,307.0206,292.8863,0.085314184,0.013900245,0.035845395
1,303.0,1.9834107,12.381501,40.0,34.0,20.0,7.0,1097.2932,824.2673,0.97912467,0.9985965,8.319826,346.56122,238.42291,260.87708,0.15243182,0.031006834,0.09036282
1,372.0,3.571538,12.13991,40.0,24.0,19.0,9.0,1182.0874,805.708,0.9819757,0.9935662,7.3181133,136.47157,278.1334,95.06862,0.14832212,0.03893636,0.054046907
1,349.0,3.1354084,12.815985,80.0,22.0,19.0,12.0,1127.9384,770.6012,0.9700288,0.99062085,4.3415194,106.55292,265.04065,83.203255,0.14068756,0.034347393,0.04882774
1,227.0,2.2622302,12.864284,40.0,30.0,26.0,2.0,769.3535,584.9942,0.98252255,0.9982631,1.8198807,262.38025,142.08032,262.38025,0.12792994,0.014473906,0.07725328
1,228.0,2.0875666,12.543663,40.0,26.0,28.0,2.0,784.575,590.9832,0.99259335,0.99423146,2.393022,257.03455,145.91061,257.03455,0.12774365,0.014354381,0.07629982
1,663.0,4.975356,11.760324,40.0,40.0,27.0,13.0,1183.2507,862.6249,0.9539642,0.99900347,57.94337,482.32904,287.6004,276.1417,0.11192332,0.018869424,0.035687182
1,272.0,3.6167657,11.712096,20.0,30.0,21.0,8.0,1039.5953,722.707,0.9869604,0.99956673,39.190388,68.95707,225.00955,95.13072,0.089914866,0.019796493,0.046234272
1,237.0,2.2366414,12.903807,60.0,37.0,21.0,6.0,972.3162,743.4007,0.975349,0.9825324,3.9643312,333.3329,253.17482,166.66644,0.15052755,0.02782268,0.09391468
1,295.0,2.1486895,12.468161,10.0,40.0,22.0,10.0,1135.3153,872.53876,0.96153,0.9984506,8.519234,535.14594,314.43314,297.30328,0.10406869,0.014939691,0.043976843
1,216.0,1.12115,15.899541,40.0,27.0,30.0,10.0,831.7863,576.99554,0.98735213,0.9934988,1.6403289,0.0,197.42545,152.13333,0.20703481,0.035191305,0.10381159
1,1704.0,5.3105884,11.4823885,40.0,23.0,27.0,14.0,616.337,279.43774,0.7796103,0.97275025,67.70167,373.35147,88.76349,215.99002,0.07827546,0.08853969,0.022251459
1,958.0,29.85969,9.629791,10.0,42.0,25.0,15.0,1453.9999,996.1709,0.84137934,0.99051553,327.17706,574.09033,389.88168,322.86826,0.07423625,0.102341354,0.025795871
1,1578.0,1.6405821,18.886358,40.0,25.0,24.0,12.0,522.54846,178.55595,0.5531209,0.50185955,0.03383938,143.01639,60.718704,133.74945,0.034256645,0.015430475,0.014138966
1,225.0,1.8267809,12.7390785,10.0,33.0,29.0,2.0,816.57684,574.67615,0.98456085,0.99769706,3.786055,39.71874,142.96175,175.8917,0.17265138,0.018116103,0.088688985
1,1983.0,24.172455,9.981442,10.0,31.0,22.0,13.0,1872.0095,1048.0071,0.7291508,0.9643841,587.1618,470.27924,234.35248,470.27924,0.37723976,0.1314098,0.13840617
1,590.0,18.990608,10.284164,20.0,38.0,27.0,15.0,1296.7611,1024.2157,0.96294725,0.9928661,208.39995,611.6798,334.6413,306.51672,0.046082363,0.009204029,0.018564245
1,574.0,7.894349,11.3393345,40.0,37.0,21.0,14.0,1345.713,985.19147,0.9874453,0.9991217,108.90356,476.12665,323.42114,270.48273,0.19954959,0.04150204,0.077573694
1,760.0,31.196821,10.411358,10.0,43.0,25.0,16.0,1426.6702,974.0721,0.88753927,0.99611413,124.51055,566.0283,375.5068,308.67365,0.078358695,0.10088892,0.02771094
1,236.0,1.3571696,13.478458,40.0,37.0,21.0,3.0,958.69934,737.6304,0.9756313,0.9974033,1.443929,318.57178,234.68677,168.41353,0.1371916,0.025205074,0.0866074
1,218.0,1.4969393,14.737037,80.0,28.0,28.0,7.0,877.06537,613.1661,0.9740748,0.9964719,1.5718989,0.0,211.9848,171.05208,0.18532258,0.033369556,0.09855024
1,844.0,14.287914,10.511139,10.0,33.0,26.0,15.0,1215.7511,853.2418,0.98304087,0.9928866,83.935974,111.5554,260.99777,163.89561,0.1555124,0.03362832,0.06537624
1,373.0,6.023275,11.737997,50.0,36.0,19.0,10.0,1182.1296,911.86334,0.99180263,0.9984637,19.67524,596.3002,280.75644,350.61856,0.015330141,0.0031943456,0.0061523113
1,694.0,9.925072,11.155469,10.0,37.0,29.0,14.0,1321.6055,1029.2188,0.95306283,0.9961919,77.09784,479.27783,332.62424,261.42426,0.11194818,0.020140711,0.047295287
1,82.0,7.333229,15.932597,0.0,22.0,33.0,2.0,727.40106,548.22034,0.5238915,0.5933692,67.63558,214.1896,129.5281,214.1896,0.13528897,0.011809882,0.07602113
1,229.0,2.2530458,13.237765,40.0,35.0,28.0,2.0,833.97955,581.28064,0.9846916,0.9999587,2.2667184,71.69795,148.26382,131.34529,0.16266188,0.018918086,0.08623326
1,225.0,2.2263346,12.564232,30.0,26.0,29.0,4.0,758.7072,590.1402,0.5238915,0.5933692,186.26378,287.12183,129.45541,287.12183,0.124679774,0.0166512,0.07791845
1,1242.0,32.492638,9.699433,10.0,29.0,33.0,15.0,1421.8092,934.4814,0.73026973,0.9916282,633.3501,608.5001,248.97429,390.94647,0.3325719,0.0951422,0.119602896
1,791.0,6.5642247,11.590587,40.0,39.0,25.0,12.0,1272.8433,959.5696,0.97538376,0.9969016,51.4462,514.4427,332.08527,323.1583,0.1190772,0.024299085,0.04157136
1,657.0,31.284943,11.815559,10.0,37.0,26.0,17.0,1293.9332,883.4715,0.7969013,0.9864468,123.23397,482.85388,254.62473,301.02728,0.2247547,0.057075594,0.07526335
1,223.0,1.9676942,13.593608,40.0,28.0,29.0,3.0,775.715,539.74524,0.9803321,0.99914426,2.2703066,0.0,159.17209,187.412,0.19149153,0.021449724,0.09086678
1,1578.0,2.2352297,18.73678,30.0,21.0,25.0,12.0,531.9431,178.47446,0.62728673,0.5955876,0.025720997,132.34338,66.776505,101.044075,0.033996366,0.015003694,0.0161376
1,260.0,2.4868207,12.517476,40.0,39.0,21.0,7.0,894.5232,630.9515,0.97715133,0.9968352,3.1352665,77.452934,181.13284,96.35816,0.1459013,0.022442224,0.083907396
1,232.0,2.5615,12.261193,50.0,27.0,27.0,4.0,792.25775,600.28845,0.9945685,0.9910566,4.7871037,269.67953,149.1411,269.67953,0.1263189,0.015731413,0.078083634
1,375.0,4.3498335,11.961865,40.0,23.0,19.0,10.0,1185.4105,812.0679,0.9803187,0.9917141,17.964493,147.7542,274.21783,147.7542,0.1401074,0.03516117,0.049163327
1,223.0,2.4012094,12.882633,40.0,32.0,30.0,2.0,809.46234,571.6896,0.9942928,0.9977986,1.7426034,0.0,150.63864,211.1815,0.1865843,0.019267336,0.09279535
1,1096.0,28.370651,9.933274,40.0,37.0,28.0,16.0,821.4138,449.6728,0.41899493,0.9227421,297.7886,312.69293,158.39381,185.42357,0.12982091,0.04032716,0.04570926
1,238.0,1.5522337,13.691873,40.0,35.0,20.0,3.0,981.1287,759.5743,0.9710038,0.99488264,0.9230183,324.51175,214.16203,164.25484,0.13874094,0.024157736,0.085727856
1,970.0,18.033321,10.570614,10.0,37.0,25.0,16.0,1283.9868,960.1752,0.97918844,0.99484545,280.23047,511.7319,333.42194,332.70157,0.1259478,0.027413078,0.04317829
1,536.0,6.7178607,11.010867,10.0,38.0,24.0,14.0,1305.8529,1032.9288,0.9528658,0.99358183,57.33608,528.02954,344.37918,268.41623,0.07152844,0.01671291,0.03166066
1,227.0,2.4071631,12.608712,40.0,29.0,27.0,2.0,767.10297,581.185,0.9836415,1.0,3.2310922,255.60904,140.36145,255.60904,0.12854664,0.013721202,0.07642079
1,2219.0,29.807762,9.6309,10.0,32.0,30.0,17.0,1122.3048,615.3731,0.29249755,0.83557737,318.89066,412.22034,208.97292,231.07352,0.17676212,0.07227884,0.067643784
1,686.0,9.47991,11.255755,10.0,35.0,23.0,14.0,1224.0558,892.09564,0.975084,0.99529755,25.441797,595.65295,241.1831,454.97247,0.18786539,0.043027885,0.060023084
1,1238.0,20.593885,10.07034,10.0,34.0,26.0,16.0,1179.643,838.4861,0.9467388,0.9960268,467.04068,437.70398,287.43518,268.11127,0.13803275,0.030868445,0.050071634
1,616.0,19.450954,10.168228,10.0,41.0,25.0,14.0,1282.1907,975.8311,0.9500254,0.99134874,138.33723,614.02234,326.3286,307.6871,0.010892484,0.011040163,0.0028515735
1,1426.0,30.596819,9.770816,10.0,37.0,25.0,15.0,831.0008,456.02115,0.2706429,0.9053118,626.5383,316.24643,162.81192,181.75363,0.13451117,0.041737102,0.04727812
1,349.0,3.8085284,12.806539,80.0,21.0,20.0,10.0,1179.1638,808.5869,0.97566175,0.9908039,4.3820906,145.97159,259.38367,145.97159,0.124452755,0.028692983,0.04047748
1,244.0,2.0008566,13.374794,10.0,38.0,25.0,5.0,915.9205,688.8692,0.9701355,0.9995321,1.6431795,321.2163,194.15538,242.08704,0.12705387,0.022640498,0.0832866
1,1236.0,35.702908,9.362862,10.0,33.0,26.0,17.0,1331.7384,952.89655,0.9343363,0.98635536,763.3757,475.32333,299.8126,266.44965,0.22131161,0.045660544,0.08490121
1,363.0,4.4882264,11.462256,40.0,25.0,19.0,9.0,1149.411,789.317,0.9884717,0.9973358,18.04382,132.55136,243.44933,132.55136,0.099733055,0.01842385,0.029837532
1,1659.0,16.375044,10.596383,40.0,29.0,27.0,16.0,1603.2311,964.3437,0.8025103,0.9693713,294.46002,410.20312,215.93234,410.20312,0.35106024,0.1108237,0.13202986
1,377.0,3.4815142,12.016665,50.0,40.0,21.0,15.0,1234.785,972.85114,0.96273106,0.99805677,85.94429,599.53094,302.76624,343.49893,0.118937805,0.01595458,0.047929194
1,1347.0,22.240223,10.475718,30.0,35.0,26.0,15.0,802.2399,440.8979,0.68356943,0.96349007,407.91183,328.89044,165.88454,167.63121,0.12541251,0.043552052,0.049853735
1,1470.0,36.231407,9.253701,20.0,31.0,31.0,18.0,1322.2654,941.20917,0.76356333,0.97609514,993.7756,479.1839,291.72668,240.67857,0.20342493,0.052037362,0.073426716
1,1085.0,30.683731,9.70763,10.0,35.0,27.0,16.0,1343.9894,1018.6699,0.94714785,0.9977385,621.6382,471.3067,338.981,250.23007,0.18497857,0.0327898,0.0735529
1,236.0,2.0960696,12.985376,40.0,31.0,25.0,4.0,883.19006,671.55597,0.9824245,0.99154276,2.7807603,276.77277,239.06763,174.73984,0.12528574,0.021537444,0.08214387
1,362.0,6.0411344,12.266591,40.0,25.0,21.0,11.0,1182.8853,810.85626,0.9821315,0.9912899,17.171793,148.97229,257.5997,148.97229,0.12261296,0.027933842,0.039730083
1,230.0,2.4461749,12.72014,10.0,31.0,29.0,2.0,813.8374,578.2726,0.9889426,0.9979065,1.6779091,137.90494,141.89154,137.90494,0.14583425,0.014930708,0.079856046
1,858.0,35.673206,10.01339,10.0,32.0,31.0,17.0,1650.7437,925.6492,0.53508794,0.95201135,182.93272,735.3644,242.94841,387.04126,0.3394105,0.1446769,0.12986352
1,237.0,1.1915867,14.345975,40.0,39.0,21.0,5.0,975.8479,746.22034,0.9789044,0.98417246,2.7889447,334.8531,253.90176,167.42654,0.15227367,0.027850939,0.094606444
1,227.0,2.1755633,13.119227,60.0,29.0,28.0,6.0,810.27454,628.27356,0.98633504,0.98922074,2.3511229,256.74506,197.47806,227.97408,0.11961275,0.018343475,0.07608135
1,282.0,1.3498287,13.045107,10.0,35.0,21.0,5.0,1090.9448,818.47754,0.9809035,0.99633515,5.0790486,506.12427,276.5828,278.1639,0.16381183,0.028039308,0.07897333
1,439.0,16.18784,10.056823,10.0,37.0,24.0,13.0,1383.3086,1082.8297,0.9509478,0.998964,80.78296,476.1664,359.94022,266.71423,0.11724989,0.018237052,0.050176837
1,1574.0,28.29986,9.74163,10.0,37.0,28.0,15.0,1254.7236,839.121,0.7595347,0.9739405,407.09845,443.85278,313.45288,256.37042,0.14668028,0.0488143,0.058449056
1,220.0,1.7688836,13.151082,40.0,21.0,32.0,6.0,720.2209,510.47543,0.98624647,1.0,3.3000262,0.0,148.67023,165.26982,0.20477152,0.018146185,0.097743094
1,1637.0,35.944046,9.454429,30.0,32.0,23.0,14.0,1774.938,899.19006,0.8390106,0.9705426,564.31934,619.24176,220.62067,420.49997,0.3646998,0.20719068,0.12165413
1,1582.0,2.4389062,16.859095,40.0,23.0,28.0,12.0,646.4195,227.3986,0.27927572,0.13230662,0.27413732,174.76675,65.39411,132.49486,0.06920247,0.024672534,0.03375034
1,227.0,2.162579,13.271873,40.0,32.0,30.0,3.0,820.5128,574.8026,0.9924989,0.99821,1.0542874,72.318855,141.02072,140.77399,0.1643905,0.01813133,0.08644865
1,568.0,7.972978,12.408199,40.0,41.0,26.0,13.0,1240.1128,940.7254,0.9668568,0.99936336,16.771393,610.4318,315.56366,292.95883,0.009086631,0.0081420345,0.0025734268
1,0.0,0.0,23.254667,0.0,18.0,37.0,2.0,719.62964,536.0975,0.5238915,0.5933692,0.021279255,179.29944,127.09268,179.29944,0.13859475,0.011644068,0.075893335
1,1685.0,2.5780668,12.134858,10.0,21.0,27.0,13.0,623.92755,230.4504,0.7118913,0.9711422,92.22705,156.37424,62.971985,120.286125,0.07268889,0.021637235,0.030431885
1,369.0,2.9310267,12.29828,40.0,19.0,20.0,9.0,1158.2267,788.2629,0.98543113,0.99322927,7.2057195,123.07178,268.99692,85.12885,0.1421051,0.036577813,0.050868355
1,223.0,2.007416,12.930108,40.0,24.0,32.0,3.0,797.3239,561.36816,0.9791988,0.99994695,2.2702732,90.857,133.44289,135.52187,0.16630743,0.015384125,0.086121455
1,225.0,1.9126999,13.335423,10.0,23.0,31.0,3.0,752.019,582.4508,0.5238915,0.5933692,186.09329,276.0368,131.95514,276.0368,0.12786557,0.016172135,0.07957125
1,239.0,2.4112241,12.1519375,60.0,36.0,26.0,10.0,844.8499,580.52405,0.999907,1.0,13.258129,0.0,218.35301,150.85635,0.20062697,0.02857147,0.098333694
1,339.0,2.3159544,18.415936,80.0,32.0,29.0,14.0,1118.4634,768.5447,0.97427887,0.99569845,1.8017787,120.02023,257.5447,120.02023,0.1418237,0.02853526,0.0396802
1,685.0,10.814681,10.944097,40.0,36.0,22.0,16.0,1216.9166,855.6531,0.98945576,0.9942842,42.906174,579.9233,197.91635,561.6443,0.2206473,0.033573568,0.08323196
1,221.0,3.59902,12.246598,40.0,23.0,36.0,2.0,732.0045,541.92285,0.96901745,0.9987517,168.27257,177.4146,127.43951,177.4146,0.13773428,0.01218261,0.07599287
1,352.0,4.655764,18.573444,80.0,33.0,29.0,14.0,1131.5458,778.5434,0.9473749,0.9894097,13.686637,120.04392,262.00018,120.04392,0.13657267,0.028756233,0.039687183
1,16.0,6.703735,19.902172,0.0,41.0,26.0,15.0,1672.5006,1169.3485,0.5238915,0.5933692,11.901169,0.0,0.0,0.0,0.045071952,0.0915625,0.0114894705
0,4899.0,27.231298,9.720462,60.0,36.0,24.0,23.0,239.497,85.23639,0.127781,0.036329687,605.01807,4.134342,44.393734,13.963748,0.0016508183,0.0028294674,0.020146033
0,3510.0,37.6675,9.99955,30.0,36.0,20.0,28.0,679.3409,333.28784,0.070801534,0.19184351,628.66595,178.1903,96.43529,178.1903,0.025953544,0.060391083,0.02251442
0,2760.0,43.493427,9.589009,30.0,36.0,24.0,23.0,952.9224,467.2019,0.40208885,0.7684506,1672.7019,114.90273,132.26974,169.55171,0.07589767,0.031186605,0.03680437
0,4917.0,21.871336,10.4759865,60.0,36.0,24.0,23.0,128.93472,17.345095,0.1077652,0.083929524,650.26404,0.0,13.847107,11.936979,0.0008160012,0.0011798015,0.005057749
0,3136.0,29.116022,10.502246,30.0,42.0,17.0,25.0,500.39285,290.69238,0.14582875,0.31854215,180.08832,414.41895,94.27926,250.94487,0.05222072,0.04566748,0.02158454
0,3467.0,18.839472,10.4302,30.0,39.0,24.0,27.0,286.45068,108.944435,0.21739158,0.3677839,108.76744,183.897,0.31061414,181.92015,0.008253588,0.007476091,0.02275799
0,1122.0,16.194132,11.1776495,40.0,36.0,24.0,23.0,1040.3046,528.04443,0.750868,0.9732876,116.683174,101.32633,205.4334,101.32633,0.13745536,0.038929764,0.04963307
0,5168.0,30.359955,9.57938,60.0,40.0,23.0,23.0,168.47887,23.987381,0.24454097,0.28650692,411.15488,9.803695,0.0,14.252676,0.0014055911,0.0008444178,0.0069910614
0,5137.0,28.27482,9.673656,70.0,37.0,21.0,31.0,253.56569,71.526024,0.3820749,0.14505716,810.2028,101.27564,9.607754,51.80658,0.024022277,0.02096172,0.035269473
0,5996.0,24.99477,10.343045,70.0,30.0,33.0,36.0,130.9801,8.882578,0.3921607,0.05627268,511.62302,0.0,0.0,4.69377,0.00017742881,0.00024638246,0.0048158597
0,4800.0,36.023212,9.601746,70.0,37.0,17.0,27.0,294.73343,80.92162,0.15741175,0.13210347,896.15295,51.276936,17.853806,40.432392,0.015114561,0.050434172,0.017181788
0,4150.0,19.841429,11.266796,100.0,39.0,26.0,27.0,216.5933,53.346176,0.1354763,0.1307364,72.818954,36.857494,6.6141787,16.916441,0.0036114578,0.0071211164,0.017429266
0,718.0,7.440331,10.778006,10.0,36.0,24.0,23.0,1281.656,824.746,0.99494994,0.9926222,124.60969,0.0,335.62982,160.67844,0.15330255,0.042111974,0.064544104
0,5074.0,26.398264,10.2613,60.0,30.0,27.0,26.0,157.82951,20.080048,0.52168244,0.42287034,239.96333,0.0,0.0,9.636336,0.0010392647,0.0023491927,0.000819078
0,4991.0,38.17047,9.56234,60.0,36.0,24.0,23.0,152.08574,56.29561,0.21980473,0.06684762,720.61395,0.0,20.567234,10.951695,0.00028213282,0.0008380725,0.008682459
0,4740.0,22.467993,10.87004,60.0,39.0,24.0,25.0,379.52322,199.28497,0.11874241,0.04596638,129.83832,6.4623623,42.09494,28.209051,0.019818697,0.049506806,0.005601043
0,4716.0,32.280006,9.827345,60.0,40.0,21.0,22.0,152.55397,28.920101,0.5927697,0.64454603,872.8188,32.084194,0.0,32.084194,0.0022840158,0.0011937205,0.011176076
0,4217.0,41.81429,9.46209,60.0,36.0,24.0,23.0,273.9865,55.492058,0.1560631,0.15336683,927.2518,7.07712,23.58557,9.493157,0.0028279517,0.051180027,0.009293926
0,3431.0,4.6109047,11.623871,70.0,36.0,24.0,23.0,239.943,74.582535,0.14024718,0.081683986,34.388054,1.9551805,29.86704,10.311218,0.0019436107,0.012803436,0.008671416
0,2547.0,34.837456,9.85373,30.0,36.0,24.0,23.0,233.30112,82.18073,0.4251017,0.81913793,877.3326,10.309971,20.153505,12.546757,0.021020439,0.024235522,0.020776425
0,3741.0,20.937977,10.207261,30.0,37.0,24.0,22.0,2336.5388,1143.444,0.052624755,0.06931793,822.8982,592.57574,263.59692,592.57574,0.42633504,0.15845712,0.15136987
0,3564.0,26.995012,10.551181,30.0,36.0,24.0,23.0,910.04236,351.5921,0.05008097,0.037870973,131.7479,0.0,45.544098,96.68081,0.09827943,0.16539536,0.05307242
0,4862.0,18.243189,10.243502,60.0,52.0,17.0,26.0,195.88011,50.32645,0.35848466,0.4371922,427.40097,16.950827,0.0,17.13779,0.00089195755,0.00031971186,0.007243488
0,1072.0,26.600437,9.799928,10.0,36.0,28.0,16.0,1283.9335,834.455,0.97631097,0.9881164,416.76498,163.51889,296.73422,163.51889,0.18783611,0.043506514,0.06562117
0,4582.0,31.580303,9.668972,60.0,38.0,18.0,30.0,527.1409,305.27936,0.07340099,0.023462994,1174.616,305.3644,95.69623,182.40823,0.06739208,0.055222806,0.03130943
0,5288.0,32.7974,9.704845,60.0,41.0,22.0,31.0,179.74515,30.604565,0.11073675,0.0064337417,606.561,15.700789,0.0,17.20627,0.001271966,0.00077217014,0.01095563
0,5110.0,1.3821895,12.816923,60.0,36.0,24.0,23.0,96.42456,6.8667107,0.76714915,0.6739686,5.729445,0.0,0.0,4.4465213,0.00013827678,0.00026434325,0.0003521767
0,4781.0,36.133663,9.851577,70.0,36.0,24.0,23.0,310.80066,172.98573,0.31322297,0.082537115,741.1095,0.0,40.370815,23.400963,0.0030189515,0.021561092,0.0020325312
0,4989.0,29.20913,10.251613,60.0,36.0,24.0,23.0,200.11407,49.885643,0.06845348,0.04780042,356.8961,12.8054695,0.0,24.191744,0.0009859811,0.0013862436,0.00962949
0,3497.0,40.047615,9.866919,30.0,36.0,24.0,23.0,1085.0916,512.84674,0.08786515,0.12254477,1481.7812,71.7326,167.27211,171.09367,0.06530403,0.033344064,0.03432059
0,5530.0,22.07435,10.345792,60.0,37.0,27.0,35.0,246.63148,99.84133,0.5720899,0.08934555,362.17865,17.906673,0.0,45.452675,0.0019471514,0.0015570188,0.0060642622
0,5411.0,18.383009,10.480085,60.0,38.0,27.0,30.0,274.16608,147.36272,0.30375287,0.051836632,334.18024,26.126257,25.656311,45.15971,0.009689039,0.004288861,0.0054443423
0,4845.0,23.631662,10.31555,100.0,38.0,23.0,27.0,279.8876,94.42248,0.34138262,0.122479,279.617,125.93449,0.0,108.99206,0.004524741,0.0046936856,0.0057306355
0,5335.0,4.258967,12.032257,60.0,23.0,37.0,25.0,117.08569,9.321182,0.69026196,0.579373,47.17966,0.0,0.0,8.426587,0.000100918485,0.00018407521,0.0017556071
0,5708.0,35.058266,9.678956,60.0,40.0,20.0,36.0,511.64752,225.73544,0.11313544,0.011168126,1030.1628,41.6704,36.739895,76.90203,0.004403847,0.02798461,0.022277849
0,2564.0,34.850548,9.30445,10.0,36.0,24.0,23.0,607.44727,162.34554,0.5720397,0.9319109,848.5858,5.312476,25.707918,23.796389,0.0047659473,0.0023921095,0.003062879
0,5260.0,42.441288,9.512781,70.0,35.0,22.0,28.0,183.5881,35.41671,0.13550764,0.025485858,701.6655,0.0,10.819082,7.9186153,0.00032652883,0.0008421313,0.0046254806
0,5051.0,0.0,18.973234,80.0,36.0,24.0,23.0,105.15421,10.328871,0.95272696,0.97696155,0.023826927,1.7657925,0.0,4.1747127,0.0,0.0,0.0
0,2587.0,22.33058,10.3917465,10.0,36.0,21.0,16.0,832.4705,334.3194,0.15583715,0.5981815,264.87534,203.36305,104.36632,149.30202,0.13037926,0.037336208,0.042040393
0,4769.0,33.18885,9.406374,60.0,33.0,22.0,24.0,150.87097,18.96642,0.35029414,0.23967922,639.3532,0.0,0.0,5.6241236,0.00487238,0.01324462,0.009693526
0,4660.0,23.399195,10.733095,60.0,41.0,21.0,24.0,180.1337,92.714584,0.37637034,0.20573781,129.98766,13.313172,27.836763,13.413619,0.0025464913,0.0019321571,0.016355071
0,5179.0,22.672613,9.956143,60.0,28.0,29.0,23.0,153.49548,30.60827,0.76792014,0.6070315,336.22226,0.0,0.0,9.2582,0.00036297625,0.0006132568,0.00079804653
0,3804.0,37.74013,9.801784,100.0,39.0,19.0,31.0,682.6276,347.7405,0.22876512,0.14114796,351.07886,195.8742,78.199104,82.88415,0.01595401,0.040285174,0.022685882
0,3814.0,26.62436,10.718772,60.0,40.0,23.0,31.0,521.8818,207.4748,0.13211375,0.0785981,163.67393,68.43848,49.923332,62.091618,0.00451258,0.039666113,0.022497755
0,4140.0,34.99494,9.4539995,60.0,37.0,26.0,24.0,221.31448,36.75174,0.29721108,0.32049617,1114.0294,0.0,0.0,11.8239155,0.0025782285,0.0067987763,0.0006602405
0,3946.0,23.52081,10.357098,100.0,37.0,18.0,28.0,385.47604,95.497986,0.020861097,0.01794872,245.48747,64.36684,3.7858074,42.393345,0.015744366,0.06583569,0.01931574
0,5339.0,32.85809,9.521816,70.0,40.0,25.0,33.0,280.4664,82.437546,0.026652012,0.008589621,612.9622,15.895645,9.472518,44.473827,0.00423003,0.0012178965,0.014016973
0,5821.0,27.649385,9.870783,70.0,31.0,34.0,32.0,138.88815,8.234576,0.27415934,0.031509493,582.4277,0.0,0.0,6.458128,0.00047382287,0.0005550118,0.011936154
0,5296.0,43.54404,9.227415,70.0,40.0,23.0,29.0,207.59274,56.27658,0.21165575,0.10200813,1067.8949,39.22752,0.0011641493,13.926539,0.002974582,0.090559505,0.008137655
0,0.0,0.0,19.936207,0.0,35.0,21.0,19.0,360.29306,151.24031,0.5238915,0.5933692,0.03934551,0.0,0.0,0.0,0.0,0.0,0.0
0,4386.0,21.38475,9.842081,60.0,35.0,20.0,28.0,498.38437,106.25598,0.04554105,0.033352174,862.72345,58.331573,20.275875,39.71625,0.035301197,0.06716759,0.020654546
0,1952.0,23.60679,10.335881,10.0,23.0,23.0,13.0,822.68427,305.18375,0.2808484,0.9030721,191.93896,253.53882,91.24922,176.5129,0.2870914,0.22274758,0.09179908
0,1637.0,5.55196,11.535246,30.0,23.0,28.0,13.0,603.9306,236.47606,0.7621069,0.98559654,40.678204,242.93922,77.45754,192.2874,0.18760666,0.30497277,0.090493515
0,5470.0,3.1560194,12.091778,60.0,36.0,24.0,23.0,127.3079,12.445576,0.544324,0.3754018,47.38828,0.0,0.0,5.9110785,0.0001551367,0.00031081453,0.003562375
0,4360.0,38.29586,9.422287,60.0,40.0,23.0,25.0,275.33136,59.247112,0.197753,0.21849258,1052.0798,0.0,0.0,15.612934,0.0056849555,0.016724652,0.001035845
0,3742.0,29.882156,9.950061,30.0,36.0,24.0,23.0,190.2192,34.45015,0.36008137,0.35494614,768.9153,0.0,0.0,7.866961,0.022869825,0.04071719,0.023648234
0,5687.0,20.62555,9.869214,60.0,36.0,24.0,23.0,125.445854,23.336777,0.22925135,0.09091253,381.7095,0.7961745,0.0,14.860431,0.0,0.0,0.0
0,824.0,10.269523,10.6250925,40.0,34.0,26.0,13.0,1226.0834,847.4755,0.9802318,0.9922829,131.54358,153.19028,255.33334,153.19028,0.20579076,0.05163473,0.07984727
0,5012.0,30.958336,10.125792,60.0,39.0,21.0,33.0,248.11028,79.35572,0.22753015,0.038562417,606.8421,0.0,23.148737,26.332664,0.0018321569,0.029630663,0.004994959
0,5502.0,11.176728,10.826298,60.0,36.0,24.0,23.0,125.94906,29.641523,0.5536459,0.40225554,165.97629,2.663334,0.0,7.1617694,0.0,0.0,0.0
0,4257.0,19.448717,10.892158,60.0,36.0,24.0,23.0,175.61899,54.033325,0.5105378,0.74535805,123.46951,14.954746,0.0,11.987929,0.0006298924,0.00043772964,0.0085498905
0,4715.0,32.241287,9.795083,60.0,36.0,24.0,23.0,109.69653,32.008347,0.25098953,0.07701519,551.7064,0.0,13.897571,6.7965403,0.0013754591,0.0028615007,0.008782044
0,2788.0,45.869556,9.825128,10.0,44.0,16.0,21.0,483.4005,268.9361,0.062276173,0.24830616,563.0635,329.3108,84.28595,185.75227,0.054101385,0.05640392,0.030000487
0,0.0,0.0,23.62691,0.0,35.0,23.0,21.0,360.29306,151.24031,0.5238915,0.5933692,0.1412988,0.0,0.0,0.0,0.0,0.0,0.0
0,3502.0,33.507824,9.445546,10.0,36.0,24.0,23.0,583.58246,183.05237,0.33310947,0.55537003,1020.4021,6.135397,32.87235,25.637474,0.0055479165,0.0054163733,0.006323454
0,2424.0,32.82794,9.798388,10.0,24.0,25.0,17.0,677.87115,273.33856,0.1626284,0.59652925,196.97202,134.95367,63.335083,169.18826,0.079630546,0.038775396,0.025935357
0,3661.0,34.708927,10.148997,30.0,39.0,20.0,31.0,265.48483,88.80855,0.14450052,0.13369744,164.77379,4.728841,10.237089,39.852966,0.014640893,0.080696896,0.017088646
0,6009.0,26.43629,9.934062,70.0,39.0,24.0,31.0,541.71515,423.5702,0.5040901,0.12502551,874.9963,63.07195,57.429474,40.173603,0.0021576216,0.002024674,0.010731105
0,5275.0,30.129385,10.533299,60.0,38.0,25.0,30.0,193.41399,11.008966,0.18106863,0.085781224,564.111,0.0,0.0,6.8696504,0.0017382782,0.003893117,0.00883029
0,4725.0,9.806529,10.912377,60.0,36.0,24.0,23.0,178.1444,111.43,0.694972,0.93407154,95.88075,0.20715824,12.276646,8.713893,0.0,0.0,0.0
0,4301.0,35.325054,9.956023,60.0,36.0,24.0,23.0,332.1447,171.47963,0.09474222,0.03968369,250.8298,0.0,31.201363,37.597805,0.00049314654,0.0011479541,0.004158554
0,3587.0,21.767368,9.824838,30.0,36.0,24.0,23.0,281.7593,47.617558,0.669822,0.7533676,451.8776,0.0,0.0,16.418613,0.00061725755,0.0019883625,0.00035563082
0,4787.0,12.406382,11.602242,60.0,36.0,24.0,23.0,120.91748,23.334824,0.3065699,0.34332776,48.856663,0.0,0.0,14.22961,0.0,0.0,0.0
0,1620.0,30.478876,9.674689,10.0,31.0,21.0,15.0,1611.2784,862.30023,0.75538635,0.96592057,529.8943,646.21625,226.89603,290.63922,0.3209177,0.13623846,0.114517584
0,1611.0,33.10531,10.415555,30.0,36.0,24.0,23.0,999.3089,485.91162,0.61171645,0.9624232,147.81656,78.81233,173.96317,78.81233,0.14631829,0.04243657,0.051944666
0,549.0,13.972958,10.700208,10.0,35.0,23.0,13.0,1181.608,883.21497,0.95505154,0.9935065,56.54048,510.03067,303.41714,315.32974,0.07492646,0.01673444,0.027270647
0,2387.0,34.48895,9.644286,60.0,36.0,24.0,23.0,383.82504,112.9063,0.7165331,0.95266235,632.47766,0.0,44.260185,40.069244,0.087813675,0.084873885,0.034381893
0,4335.0,3.6867363,12.660812,30.0,36.0,24.0,23.0,173.06606,91.181114,0.86509824,0.88427436,3.4144368,1.0771275,13.530926,13.2189045,0.0,0.0,0.0
0,4809.0,35.63485,9.580244,60.0,36.0,26.0,28.0,351.96957,141.58661,0.07512376,0.04713741,1100.7764,0.0,9.120718,22.292782,0.0056040273,0.015199003,0.001419344
0,5011.0,9.765431,10.883418,60.0,31.0,30.0,25.0,106.483315,6.480949,0.7268656,0.7241653,93.252045,0.0,0.0,3.9054148,0.00026972443,0.0005064682,0.0006220356
0,3352.0,37.33193,9.330435,30.0,36.0,24.0,23.0,251.0422,64.97156,0.6546076,0.8268033,802.5345,0.0,0.0,11.195522,0.011817443,0.03234445,0.002196401
0,4762.0,23.760677,10.309198,60.0,49.0,18.0,29.0,197.27751,45.735344,0.23011945,0.27280712,471.57654,18.11628,0.0,18.11628,0.0009939588,0.0003524178,0.007975025
0,5628.0,25.24986,10.122141,60.0,36.0,24.0,23.0,161.23251,64.60806,0.2595286,0.038196716,412.67722,5.4876995,0.34165615,10.148349,0.0039629485,0.010905236,0.0016163037
0,3872.0,40.406387,9.448159,60.0,42.0,20.0,29.0,570.9736,259.776,0.14890306,0.14679736,1820.1243,336.65906,95.3249,168.99068,0.077239044,0.06003034,0.029900953
0,2831.0,28.175873,9.586201,60.0,39.0,22.0,27.0,114.823364,23.612127,0.6876142,0.94916254,550.52686,0.0,0.0,8.285193,8.7403714e-05,0.00024784633,0.00025124243
0,5197.0,30.87675,10.04995,70.0,39.0,20.0,29.0,556.4373,327.27704,0.20454605,0.037430692,1153.4664,455.86594,128.50473,227.93297,0.02783599,0.031757634,0.021542031
0,3443.0,35.25794,10.081769,30.0,33.0,17.0,24.0,457.9682,149.90208,0.04822031,0.051428314,598.13855,145.03,36.27618,96.71814,0.13827774,0.059351057,0.040770642
0,5541.0,9.56753,10.947063,60.0,23.0,41.0,28.0,115.478516,9.350585,0.67645377,0.5579203,206.14877,0.0,0.0,8.821662,0.000127233,0.0002355718,0.0008550575
0,4401.0,8.729109,11.554446,60.0,36.0,24.0,23.0,172.42328,103.634346,0.70014817,0.95436776,62.552593,0.0,18.367868,11.299081,0.0,0.0,0.0
0,3858.0,28.035856,10.447402,30.0,36.0,24.0,23.0,224.01321,61.45439,0.2918057,0.3049114,766.21375,0.0,4.1544933,7.790202,0.019541973,0.037033193,0.02279114
0,5381.0,11.267023,11.296521,70.0,42.0,18.0,26.0,247.48065,78.28691,0.37708402,0.11730683,74.36032,29.803837,8.279217,29.803837,0.0,0.0,0.0
0,3873.0,33.177853,9.357938,30.0,30.0,32.0,27.0,192.50592,33.59871,0.64883155,0.7279925,1114.9528,0.0,0.0,8.480781,0.0008502713,0.0018660892,0.00037391743
0,4122.0,11.749779,10.917463,100.0,36.0,19.0,26.0,600.23566,154.52448,0.023412693,0.02420509,124.21893,118.94228,24.873167,100.640205,0.008525176,0.033507813,0.020457702
0,4836.0,29.388716,9.766104,60.0,43.0,18.0,30.0,171.48334,59.763096,0.04525,0.09448012,620.5583,55.60028,17.025087,49.450558,0.001914067,0.00073717424,0.009411706
0,2277.0,5.316133,12.642771,80.0,36.0,21.0,21.0,208.58096,18.625935,0.6784651,0.9622088,18.120487,5.5204062,0.0,12.689414,0.035516575,0.03698332,0.022801524
0,3211.0,17.79655,10.257793,30.0,40.0,25.0,20.0,1395.5496,576.9526,0.050841834,0.4003392,533.16156,228.25525,153.22116,179.11856,0.3832255,0.18931067,0.1169398
0,5678.0,33.52061,9.408391,60.0,36.0,24.0,23.0,212.68225,70.80406,0.29230028,0.13232446,1218.8632,12.750633,0.0,11.266283,0.00073278835,0.00045277664,0.0062810406
0,3023.0,42.70218,9.549893,60.0,36.0,24.0,23.0,354.08713,202.30327,0.40124685,0.6567309,505.12668,16.203556,55.995857,14.988849,0.0053116074,0.014636753,0.015230597
0,4392.0,11.579404,10.782534,60.0,36.0,24.0,23.0,126.2999,83.26914,0.6775851,0.9192805,82.45935,0.0,12.653845,9.462285,0.0,0.0,0.0
0,4645.0,32.74355,9.683043,60.0,44.0,18.0,27.0,189.0052,30.426159,0.15279256,0.0977386,356.70062,6.247657,6.294099,20.915815,0.0024623938,0.0007048939,0.009681964
0,2986.0,35.279472,9.967495,30.0,36.0,24.0,23.0,170.00659,58.24824,0.09000223,0.54576707,353.52466,0.0,11.580591,11.997108,0.026063459,0.05234895,0.023952765
0,5911.0,44.73188,9.593538,70.0,36.0,24.0,23.0,634.953,312.50256,0.40545535,0.20334265,2421.6965,58.978695,190.08806,109.90403,0.039222922,0.08189629,0.02168877
0,5106.0,26.337461,9.945125,60.0,30.0,29.0,24.0,175.18015,22.541862,0.6016388,0.47750956,278.29565,0.0,0.0,18.01782,0.00024267993,0.00045530935,0.006100118
0,4448.0,12.075679,11.43228,60.0,36.0,24.0,23.0,118.91032,4.1792173,0.87592846,0.9662882,137.17032,0.62483305,0.0,9.712096,0.0005248296,0.00020323315,0.00821568
0,4127.0,22.716202,10.148349,60.0,42.0,19.0,27.0,202.97885,32.75573,0.3655621,0.58473945,438.90045,10.868071,0.0,20.558754,0.0030078664,0.0011970855,0.0137059055
0,3880.0,19.46848,10.227417,60.0,42.0,21.0,32.0,222.46371,14.569202,0.23334141,0.54672587,377.31433,18.028023,0.0,26.889809,0.008726759,0.004075374,0.013655518
0,5753.0,24.114283,10.416147,70.0,33.0,30.0,29.0,394.06277,214.89449,0.2896517,0.022143599,493.0246,0.0,3.9675994,19.100225,0.0011093267,0.060087632,0.013603502
0,4276.0,25.154034,10.782876,100.0,41.0,21.0,29.0,257.38217,35.79818,0.068739556,0.084560126,92.35841,14.5021305,0.14380793,28.589859,0.002170661,0.00399593,0.017060166
0,5441.0,24.583694,10.093621,70.0,38.0,23.0,31.0,318.8121,156.95206,0.15002008,0.0271387,713.21765,6.34025,48.17076,37.2621,0.00096120866,0.0025455349,0.0029448692
0,4983.0,1.22211,19.761274,80.0,36.0,24.0,23.0,174.77344,54.36626,0.10570375,0.12691045,0.007856198,16.135138,0.9859731,16.067616,0.00054446165,0.00039617266,0.0055305692
0,4890.0,2.0727048,19.532635,60.0,36.0,24.0,23.0,79.43028,6.0254717,0.71161103,0.73017853,0.008787033,0.42010435,0.0,3.853092,0.00018466204,0.00031352328,0.00024299251
0,4722.0,21.0163,10.310446,60.0,36.0,24.0,23.0,114.97718,2.3335755,0.5726741,0.80145353,151.74199,0.0,0.0,5.4458966,0.0,0.0,0.0
0,4047.0,38.239906,9.568014,30.0,36.0,25.0,25.0,284.9768,57.559017,0.35654572,0.3687504,487.43594,0.0,0.0,14.144305,0.00493791,0.0145263,0.0010467626
0,1435.0,20.872156,10.346367,10.0,32.0,27.0,15.0,1368.7059,859.18567,0.8701723,0.98555803,126.46904,361.40585,260.06253,327.5307,0.31113678,0.029742494,0.10439181
0,4938.0,2.4467294,12.231243,60.0,36.0,24.0,23.0,88.41622,9.809479,0.074436575,0.010844372,1.5273206,0.24892245,0.0,4.9335365,0.0002208552,0.0004154037,0.00030505247
0,4130.0,25.667915,10.392087,60.0,37.0,19.0,27.0,546.1273,247.17433,0.025517795,0.009902436,188.53778,380.88446,59.55619,199.659,0.08952028,0.09932438,0.027896104
0,1977.0,30.452082,10.182922,30.0,35.0,30.0,16.0,1469.395,832.45197,0.6346459,0.9506469,204.19084,500.5152,302.46182,247.22493,0.122023836,0.11563788,0.061732803
0,4889.0,35.5355,10.2630005,70.0,36.0,24.0,23.0,275.17593,137.2574,0.23050922,0.12710765,351.92245,0.0,31.10883,21.918737,6.934021e-05,0.00016918675,0.00030875488
0,3621.0,34.477993,9.955541,60.0,41.0,20.0,30.0,281.03238,45.26741,0.16248022,0.32235807,724.2419,61.897743,0.0,35.988323,0.0074234707,0.0046994,0.012908701
0,2305.0,31.13206,12.467982,60.0,34.0,22.0,24.0,378.34985,201.19963,0.5238915,0.5933692,346.17676,9.066161,44.819122,29.162973,0.007626784,0.014626524,0.0019055455
0,4641.0,42.375877,9.805237,70.0,36.0,24.0,23.0,631.9501,297.1915,0.21466327,0.16689369,888.8151,66.350845,183.35625,108.32584,0.037075844,0.072246976,0.022997255
0,4141.0,3.1525047,12.465887,60.0,35.0,24.0,26.0,258.33737,116.5714,0.8851179,0.89777976,23.040913,0.0,1.6259816,16.833227,0.008815878,0.02260691,0.004960233
0,4448.0,28.79664,10.073384,60.0,45.0,22.0,30.0,193.48848,28.001595,0.08273528,0.090813264,247.02248,7.356248,1.762754,16.770845,0.0032756533,0.0007226579,0.012551097
0,4198.0,33.312553,9.929569,60.0,40.0,18.0,34.0,632.84766,325.04456,0.083205335,0.03188598,851.99615,382.56937,86.796196,204.52171,0.06178994,0.12559505,0.025470939
0,4527.0,31.545279,10.095659,60.0,43.0,20.0,24.0,164.49783,63.82398,0.6063256,0.7142802,965.6378,43.015835,0.0,18.769022,0.0034312566,0.002089757,0.013717351
0,4480.0,25.819204,9.965912,60.0,37.0,18.0,29.0,399.63055,98.04155,0.031718187,0.018125724,954.1152,67.71785,2.5139618,43.374863,0.017324625,0.06870428,0.020204816
0,4910.0,30.328424,9.621288,60.0,39.0,20.0,27.0,436.87338,95.57608,0.03962017,0.00844073,543.3462,78.86334,0.31661886,42.68217,0.017027242,0.035359062,0.021792661
0,3079.0,35.881058,9.685695,60.0,42.0,21.0,25.0,206.2491,31.868328,0.8990356,0.9407117,484.64975,0.0,0.0,10.92268,0.005666708,0.01319565,0.001291784
0,3872.0,36.959026,9.838648,60.0,35.0,21.0,23.0,328.99274,90.22196,0.35602236,0.45422485,249.97426,0.0,6.018597,28.469616,0.02279741,0.05322215,0.0048585357
0,4801.0,17.548513,10.021767,60.0,36.0,24.0,23.0,187.19034,115.261536,0.71154684,0.93310016,273.53766,0.0,13.138289,11.670507,0.0,0.0,0.0
0,5344.0,23.854313,10.054711,60.0,36.0,24.0,23.0,182.817,39.66365,0.22163543,0.20944436,373.56927,3.9118786,0.0,14.076159,0.00071013276,0.0010206137,0.008128881
0,2346.0,20.626,9.971506,30.0,28.0,25.0,14.0,598.9458,226.36841,0.38973692,0.8858685,320.42737,265.99533,76.22124,158.98299,0.06687368,0.03132434,0.024051886
0,2218.0,29.876036,9.935633,60.0,39.0,20.0,25.0,111.365036,21.513432,0.73972267,0.9877355,124.36507,0.0,0.0,7.197038,0.000114690134,0.00032134174,0.00032390823
0,3019.0,33.368336,9.814455,10.0,36.0,21.0,23.0,604.4494,313.9462,0.12190341,0.32935512,610.1529,369.7517,98.754974,227.92314,0.06767879,0.07233094,0.03108737
0,2353.0,34.30624,10.242911,10.0,25.0,25.0,15.0,642.75323,249.52676,0.05639126,0.4615876,131.10164,112.778114,60.34282,139.95357,0.07979633,0.037142888,0.02739075
0,4823.0,15.479393,10.485997,60.0,36.0,24.0,23.0,160.33669,105.22972,0.55706924,0.8431907,119.947044,0.0,11.316658,11.1274,0.0,0.0,0.0
0,5560.0,15.597985,10.673418,100.0,24.0,40.0,27.0,104.94201,10.106803,0.4521649,0.11694649,309.60608,0.0,0.0,5.585237,0.0004445128,0.000783113,0.00040229005
0,3930.0,17.779438,11.263044,100.0,45.0,18.0,32.0,413.99014,193.54811,0.060038142,0.026716808,72.385056,162.78561,57.836006,93.36921,0.0054506753,0.017004423,0.014893074
0,5326.0,40.390976,9.430262,70.0,36.0,27.0,28.0,236.94296,32.596176,0.22801615,0.049204905,634.51807,0.0,0.0,14.344004,0.0013994259,0.0033470565,0.012292553
0,5528.0,41.944897,9.251625,70.0,36.0,24.0,23.0,161.24402,35.101692,0.3344977,0.19556375,995.69495,0.0,1.0039157,10.991301,0.00023807079,0.0014295742,0.0007855102
0,6021.0,26.471743,9.970963,70.0,36.0,24.0,23.0,181.04063,85.42556,0.29763538,0.04295752,783.12415,6.363264,1.6304092,12.404292,0.0070780525,0.012882341,0.004300643
0,2293.0,19.808813,9.871519,60.0,40.0,21.0,21.0,108.29312,16.444561,0.80662304,0.97284395,388.0929,0.0,0.0,7.2557397,5.444237e-05,0.00016439374,0.00017775218
0,3227.0,12.847826,11.118196,80.0,36.0,24.0,23.0,303.37167,162.30139,0.24093357,0.1161036,115.35984,0.0,49.34825,34.97836,0.003569329,0.006864968,0.015492802
0,268.0,5.390552,11.583172,10.0,39.0,23.0,9.0,862.7963,604.7257,0.98603654,0.99654955,38.363506,0.0,192.2322,169.79832,0.1825946,0.030753333,0.096250765
0,3020.0,40.73815,9.439291,60.0,42.0,18.0,25.0,203.47731,37.00984,0.54653513,0.86719644,768.08264,0.0,0.2910214,10.601572,0.002488897,0.005613685,0.0010497961
0,4871.0,2.3714359,19.5607,60.0,36.0,24.0,23.0,87.375305,6.2095113,0.83011335,0.73459864,0.010831705,0.0,0.0,4.0853653,0.00016980777,0.00024920393,0.00020205652
0,2558.0,35.330715,9.402668,10.0,36.0,24.0,23.0,961.85913,493.20468,0.48818895,0.8696194,1292.1772,108.14418,142.65047,187.91869,0.0704527,0.028606184,0.035720337
0,5155.0,20.52979,10.817863,60.0,29.0,29.0,25.0,117.884476,24.995064,0.45565897,0.44994935,195.4539,0.0,0.0,7.2968707,0.00034844934,0.00045529037,0.00040837374
0,5287.0,31.104462,10.133194,70.0,38.0,23.0,31.0,294.2831,143.65877,0.15156497,0.09273453,735.68,68.773056,25.377228,35.848732,0.0022567525,0.001811886,0.010542133
0,0.0,0.0,20.144247,0.0,36.0,24.0,23.0,349.34412,232.1289,0.5238915,0.5933692,0.07743666,4.750081,16.557133,91.01404,0.0,0.0,0.0
0,4418.0,6.6953683,11.811984,60.0,36.0,24.0,23.0,148.04175,65.25862,0.7740727,0.9600708,34.24146,0.0,9.964083,12.995069,0.0,0.0,0.0
0,5797.0,11.5612,10.808704,60.0,36.0,24.0,23.0,239.3707,146.3791,0.7409735,0.20763098,298.83682,1.9327663,16.106468,18.79376,0.0,0.0,0.0
0,2991.0,20.227375,10.989561,60.0,36.0,24.0,23.0,402.7021,166.7505,0.54695326,0.85559905,113.018135,0.0,34.171894,17.729057,0.014595546,0.0640349,0.016238619
0,3565.0,30.604671,10.35651,100.0,42.0,19.0,26.0,468.7027,268.67953,0.10977806,0.10037886,167.88687,415.06564,96.553116,329.64404,0.023074452,0.057952065,0.015591023
0,3538.0,37.000458,10.28228,60.0,34.0,24.0,26.0,273.98624,79.98442,0.1286229,0.27052397,481.7646,0.0,9.244387,18.795801,0.0011479168,0.015711965,0.0015464656
0,3373.0,13.563217,12.152317,60.0,33.0,23.0,24.0,148.1935,22.59064,0.931376,0.94199723,41.924366,0.0,0.6215504,6.746551,0.006090433,0.016804593,0.01654618
0,5389.0,24.518505,10.09205,60.0,26.0,34.0,25.0,105.32519,9.208278,0.2790265,0.14748402,245.04521,0.0,0.0,9.372374,0.00014312027,0.00017285417,0.0022324256
0,1046.0,13.733234,11.802298,60.0,36.0,24.0,23.0,357.58456,100.61413,0.90898293,0.9865636,45.660633,0.0,24.952213,34.117096,0.01768671,0.023529354,0.014537991
0,4907.0,2.3447647,20.243074,60.0,36.0,24.0,23.0,94.6271,2.540038,0.8810951,0.86546624,0.032161906,0.0,0.0,3.2566655,0.00012678909,0.0001687323,0.00042565065
0,1923.0,12.075984,10.652682,40.0,27.0,29.0,16.0,699.5109,279.5992,0.49726716,0.94630486,109.784065,176.91663,81.54835,117.58695,0.09762307,0.032718387,0.031071328
0,4519.0,31.49599,9.769098,60.0,31.0,25.0,24.0,227.4597,73.64772,0.86210835,0.664721,415.95996,0.0,0.4409871,13.766335,0.004782984,0.012566114,0.0021838173
0,217.0,2.006896,12.785195,40.0,25.0,33.0,4.0,682.74243,484.03485,0.9772886,0.99929476,2.298847,0.0,113.90964,204.81667,0.20579661,0.017593814,0.09669222
0,4239.0,0.13951747,18.473673,80.0,36.0,24.0,23.0,151.28348,53.27434,0.7509409,0.769378,0.19135049,6.6418953,9.030539,8.359311,0.0,0.0,0.0
0,637.0,12.818392,10.183022,10.0,36.0,23.0,12.0,1141.8942,854.1085,0.9748535,0.99498487,106.59211,525.32947,291.4159,374.6463,0.09245939,0.016019082,0.02806869
0,5565.0,17.390163,10.641904,70.0,36.0,24.0,23.0,148.71198,61.128433,0.2080137,0.043412946,313.8062,9.056868,0.0,8.775615,0.0053963102,0.014070969,0.0017300058
0,5383.0,27.278448,9.978473,60.0,27.0,33.0,26.0,104.007576,6.791836,0.3880903,0.47551113,432.0893,0.0,0.0,8.369222,0.00070913637,0.0011082032,0.00059500436
0,4589.0,4.5199714,12.06079,60.0,36.0,24.0,23.0,166.87955,108.0205,0.73460865,0.9505464,17.594032,1.5868734,12.069795,11.361379,0.0,0.0,0.0
0,2125.0,11.643595,10.617179,10.0,36.0,24.0,23.0,590.4738,244.44617,0.123955585,0.7203859,266.83536,89.7176,76.02565,106.29926,0.08353414,0.0366895,0.032174114
0,3606.0,20.035213,10.4381895,60.0,49.0,18.0,22.0,113.45602,41.08754,0.6730431,0.927936,180.24011,11.844277,7.7472067,6.761249,0.0012880065,0.0004245694,0.0119368415
0,1562.0,21.653786,10.187513,10.0,33.0,29.0,17.0,1424.1854,740.03955,0.7577282,0.98320866,325.86578,204.24678,243.69316,204.24678,0.20940179,0.026814044,0.073816255
0,5410.0,29.320107,9.970567,60.0,25.0,34.0,24.0,109.59668,10.173319,0.44252443,0.21516176,484.84186,0.0,0.0,8.053929,0.0006229905,0.00083108596,0.0005645848
0,5144.0,22.368002,10.550159,60.0,45.0,22.0,24.0,181.98045,35.631985,0.381193,0.33036047,382.09424,12.196669,0.0,20.754967,0.00045967338,0.00031177548,0.005696539
0,4884.0,19.625183,10.06582,60.0,36.0,24.0,23.0,148.3634,63.212044,0.7814734,0.9094574,344.88943,0.0,8.871155,10.045947,0.0,0.0,0.0
0,5917.0,30.743305,9.707356,70.0,40.0,21.0,34.0,346.60654,195.60915,0.33080268,0.10009973,733.28,0.0,23.913004,24.413858,0.0043051257,0.010762683,0.009191974
0,5289.0,24.019053,10.27133,60.0,30.0,34.0,31.0,147.26886,16.530487,0.6094625,0.17508014,349.29587,0.0,0.0,13.006788,0.0004836956,0.0009461454,0.014867663
0,4834.0,32.218605,9.485639,60.0,37.0,25.0,31.0,203.0755,25.41988,0.18504027,0.27410364,1698.9364,17.226423,0.5847979,17.057346,0.026224595,0.022353811,0.017489268
0,6123.0,19.81419,10.180721,60.0,36.0,24.0,23.0,152.50197,52.80842,0.4857808,0.06753187,857.18555,3.8625,0.0,11.183315,0.0,0.0,0.0
0,5008.0,34.016544,9.509865,60.0,36.0,20.0,27.0,289.47,117.986725,0.036233056,0.019912368,511.27725,0.76549554,34.734318,19.47063,0.0,0.0,0.0
0,2220.0,22.949282,10.201297,60.0,36.0,24.0,23.0,178.59808,75.260826,0.3116173,0.8647258,565.3994,2.4228632,26.831438,13.002147,0.018390361,0.033233542,0.023119308
0,3788.0,36.29532,9.176915,60.0,38.0,23.0,23.0,202.7001,34.510685,0.6103857,0.6367178,710.465,0.0,0.09239963,10.21985,0.003226318,0.0076721846,0.0008118406
0,1921.0,22.626396,10.524628,60.0,39.0,20.0,24.0,82.78124,15.821036,0.6917831,0.98858327,71.9434,0.0,0.0,4.8001504,8.924192e-05,0.00025018537,0.00024524363
0,5535.0,8.266079,11.602239,60.0,36.0,24.0,23.0,118.48466,18.6467,0.53557956,0.40912944,30.096104,0.59025633,0.0,8.749138,0.0,0.0,0.0
0,3603.0,35.660915,9.885665,30.0,39.0,23.0,30.0,302.61157,66.71737,0.07998059,0.24122138,764.17084,40.906963,0.0,36.224323,0.024227293,0.015419284,0.018925296
0,1680.0,33.12394,10.109602,10.0,31.0,28.0,18.0,1275.8145,528.946,0.718726,0.9659806,109.33962,284.11618,160.95876,284.11618,0.1920202,0.029895008,0.07318225
0,1681.0,1.6699538,12.5673895,10.0,27.0,24.0,11.0,599.90857,218.17061,0.65178823,0.96831894,63.543198,243.599,66.08315,172.26544,0.100530066,0.05854498,0.04582014
0,4442.0,16.614552,11.050021,100.0,41.0,18.0,30.0,339.1195,84.247215,0.048281927,0.032170314,74.78848,66.09746,0.0,60.038235,0.013613929,0.01769587,0.012720669
0,5102.0,29.047821,9.760443,60.0,41.0,21.0,30.0,284.65884,140.15672,0.26532927,0.1393704,720.81995,33.328266,30.399366,20.743855,0.003270626,0.004315838,0.026429262
0,261.0,1.0106883,13.253493,40.0,35.0,21.0,8.0,1085.6647,834.8723,0.99290454,0.9982409,6.0557246,429.7301,287.66708,253.82791,0.19927984,0.03232699,0.10723264
0,4417.0,19.051388,10.787134,70.0,36.0,24.0,23.0,294.57373,149.41425,0.27646747,0.060125835,73.78134,0.76286936,42.43123,23.277737,0.0017327975,0.003830647,0.019881926
0,4304.0,6.732281,11.218544,70.0,37.0,16.0,27.0,262.31155,48.924473,0.27368504,0.087628655,22.798183,0.34029776,26.150438,12.397482,0.0,0.0,0.0
0,1713.0,34.323715,9.49852,30.0,30.0,28.0,17.0,1431.8766,724.1949,0.5035637,0.9545772,328.39478,256.162,240.60016,256.162,0.2227162,0.030601615,0.07213659
0,4877.0,17.064648,11.101926,60.0,41.0,24.0,32.0,205.25874,61.682392,0.05544213,0.041001454,184.97743,22.51202,0.0,35.08564,0.0011234137,0.00048919546,0.007981378
0,5150.0,24.734814,10.362911,60.0,39.0,22.0,24.0,238.46634,97.300606,0.21617115,0.23527852,176.05263,32.43888,1.060817,38.37425,0.0013144007,0.0011130361,0.009254721
0,3814.0,12.840968,12.136951,100.0,36.0,24.0,23.0,516.0093,169.0697,0.06473499,0.07604074,48.806767,0.0,48.84464,69.70532,0.10659776,0.15752254,0.056667577
0,3267.0,35.477016,9.919359,60.0,38.0,22.0,25.0,210.56937,42.784042,0.663551,0.87061334,384.14813,36.546944,6.0806656,36.546944,0.0052067153,0.0072765313,0.019066365
0,3953.0,42.755814,9.605144,60.0,38.0,24.0,27.0,222.19974,63.841923,0.18706614,0.4192041,473.10706,42.890446,0.0,17.101608,0.002929301,0.0059592235,0.01836788
0,3451.0,6.3573318,11.967389,60.0,48.0,19.0,22.0,159.76195,66.14357,0.71014243,0.94798017,15.340454,17.945135,9.148976,12.6587105,0.0019294398,0.00066519534,0.012609134
0,4316.0,28.366652,10.436123,60.0,36.0,19.0,28.0,532.9774,225.58144,0.06011445,0.016776968,434.40414,362.0162,65.41524,158.76505,0.088716716,0.093031704,0.033389714
0,2985.0,23.556202,11.154319,30.0,39.0,21.0,27.0,382.05948,96.19128,0.09743421,0.37604877,70.22873,38.63722,0.0,55.139137,0.020788422,0.01588575,0.018523889
0,5221.0,20.921944,9.980281,60.0,36.0,24.0,23.0,139.07402,45.859634,0.34768036,0.43016163,279.79178,0.0,1.7374976,9.481442,0.0,0.0,0.0
0,277.0,3.6961918,11.934636,10.0,36.0,21.0,11.0,956.531,665.8033,0.9899185,0.996776,22.249027,6.5421157,293.17307,141.32265,0.17065647,0.039912112,0.09472122
0,4508.0,32.540142,9.441209,60.0,36.0,24.0,23.0,195.0247,50.883553,0.053386614,0.069183595,613.659,0.0,13.859781,7.277358,0.011893606,0.037418906,0.022990305
0,1871.0,23.975832,10.783825,30.0,36.0,24.0,23.0,981.2766,502.57605,0.68402594,0.9550756,113.997536,120.80639,232.71635,120.80639,0.11039951,0.033370033,0.04429159
0,5428.0,34.595142,9.393545,60.0,37.0,26.0,34.0,266.06186,72.46096,0.032389037,0.006792021,717.6193,9.612596,0.833272,31.04879,0.0054888767,0.0017758737,0.015658718
0,436.0,12.048228,10.593433,10.0,26.0,20.0,13.0,1198.308,831.94324,0.9731642,0.99974096,43.835106,153.37256,244.95891,153.37256,0.1249758,0.026725434,0.044799898
0,2703.0,26.09152,13.650806,30.0,36.0,24.0,23.0,217.03214,57.417053,0.5238915,0.5933692,1760.3379,0.0,26.12349,9.214647,0.0013569471,0.002877703,0.020779993
0,5533.0,8.127166,11.358041,100.0,36.0,24.0,23.0,129.95042,31.625301,0.38053873,0.23056625,55.361385,3.4445033,0.0,7.7651896,0.0,0.0,0.0
0,4291.0,0.042965233,20.364029,80.0,36.0,24.0,23.0,140.673,2.3209217,0.6941447,0.6993307,0.0081970915,0.0,0.0,13.581358,0.0006575881,0.0006577691,0.005627465
0,5275.0,34.0741,9.632237,70.0,39.0,19.0,29.0,278.4311,58.369343,0.23307611,0.16795202,901.3682,9.378038,26.385105,11.515783,0.004809416,0.11498494,0.012690761
0,5309.0,22.963243,9.904854,60.0,36.0,24.0,23.0,193.61105,66.225876,0.48419562,0.711527,535.8,20.75316,8.059329,20.75316,0.00021125551,0.00027896857,0.0069507374
0,5584.0,8.695653,11.266788,60.0,26.0,38.0,30.0,131.77094,12.449703,0.5316103,0.13317096,106.27425,0.0,0.0,5.6256423,0.00014091736,0.00026731598,0.0049328282
0,4948.0,23.172842,10.049047,60.0,41.0,22.0,34.0,396.4159,159.09715,0.019913314,0.0047002123,782.8142,106.81517,27.900099,67.39947,0.0014071304,0.008710356,0.008420753
0,3730.0,18.705933,10.204109,30.0,36.0,27.0,21.0,205.44052,30.937956,0.75741756,0.8012501,921.53394,0.0,0.0,12.078541,0.0030066888,0.0060361424,0.002177684
0,4592.0,9.083474,11.755857,60.0,36.0,24.0,23.0,169.98273,78.74407,0.53779805,0.7916084,58.07096,0.0,11.416803,14.921649,0.0,0.0,0.0
0,3533.0,27.748468,9.446507,30.0,36.0,24.0,23.0,241.82141,52.71103,0.70977795,0.7236456,390.3471,0.0,0.0,11.285539,0.0071070003,0.016480878,0.0014690545
0,3416.0,20.008787,11.178164,30.0,42.0,19.0,26.0,471.58286,259.63092,0.0880908,0.1008973,70.897125,351.12402,124.635605,192.38971,0.02310312,0.025118977,0.02149618
0,5374.0,27.103596,9.562483,60.0,28.0,29.0,25.0,166.22423,16.189583,0.43249646,0.20496292,566.58966,0.0,2.717923e-09,5.433747,0.00040417814,0.0008664083,0.0046007833
0,4939.0,34.745296,9.396515,60.0,42.0,18.0,32.0,651.38495,392.6853,0.10638636,0.016360898,1367.8109,214.69855,135.59378,214.69855,0.015080194,0.016999807,0.022283623
0,4904.0,31.774956,9.449319,60.0,38.0,24.0,30.0,233.03404,18.075867,0.064236656,0.12752955,1205.6416,28.584208,0.0,30.027182,0.009623894,0.005303328,0.016172435
0,5205.0,34.20559,9.69863,60.0,40.0,19.0,32.0,708.244,458.4659,0.03649601,0.0079000695,989.08826,201.88881,214.89906,201.88881,0.009702961,0.012110898,0.020209733
0,2546.0,35.267555,9.420519,60.0,38.0,20.0,24.0,129.10304,22.555433,0.668,0.97901773,292.9556,0.0,0.0,7.3192515,0.00015231696,0.00043835465,0.0003982379
0,4894.0,25.030905,9.911794,70.0,38.0,17.0,30.0,576.49817,286.86902,0.10386009,0.05367176,591.6697,166.07376,62.93887,166.07376,0.010811985,0.049319282,0.01896908
0,0.0,0.0,20.185755,0.0,36.0,24.0,23.0,208.74358,73.892265,0.5238915,0.5933692,0.1112519,26.270658,4.441544,26.270658,0.0006628383,0.0011029411,0.0091912905
0,5825.0,20.454487,10.433866,60.0,27.0,33.0,28.0,106.981285,10.432964,0.5309638,0.029801803,280.2472,0.0,0.0,4.8879604,0.0004397158,0.0008735996,0.0005941891
0,4527.0,13.3160515,10.8778515,60.0,36.0,24.0,23.0,151.95784,95.3788,0.7418688,0.96219444,171.30977,0.3290866,11.756511,9.555673,0.0,0.0,0.0
0,5253.0,27.704645,9.771948,60.0,36.0,24.0,23.0,155.4212,44.50476,0.35285679,0.0869203,452.59946,0.0,0.0,10.029265,0.0003160236,0.00025947907,0.010884136
0,274.0,2.0553,12.228456,40.0,35.0,22.0,6.0,1039.8613,799.61005,0.97034794,0.996804,21.201519,348.02945,264.04767,194.38112,0.18613268,0.031944588,0.10891049
0,2534.0,39.186928,9.500896,60.0,43.0,19.0,24.0,215.63673,36.554123,0.6769042,0.9677754,465.8505,0.0,0.0,10.638765,0.0005673183,0.0011993034,0.00076942664
0,4276.0,41.10751,9.94225,60.0,37.0,19.0,29.0,552.0498,336.64545,0.06534093,0.04530721,593.7254,381.35468,182.80771,201.83105,0.035517327,0.037661634,0.01994834
0,522.0,13.788448,10.309183,10.0,41.0,23.0,11.0,1175.7709,917.7517,0.9754867,0.9989482,219.03679,555.56415,314.0863,321.40274,0.08376852,0.012148004,0.033139225
0,1456.0,2.3547378,12.207009,60.0,36.0,24.0,23.0,45.30157,9.696101,0.91597944,0.99690586,55.556534,0.0,0.0,5.9501157,4.7699364e-06,2.0421696e-05,0.00011868335
0,3981.0,31.687756,9.643736,30.0,36.0,24.0,23.0,629.6736,307.05893,0.03547662,0.10539133,794.6418,4.5201845,43.171783,54.11209,0.014994107,0.03183072,0.02392862
0,4760.0,41.38817,9.290913,60.0,38.0,19.0,31.0,744.98944,392.85684,0.09014839,0.051200833,707.46063,444.68777,106.919235,231.28952,0.030487243,0.1043916,0.023506723
0,3909.0,23.741266,10.497295,60.0,40.0,22.0,26.0,1296.4944,497.8239,0.025109598,0.06775991,1253.1368,172.81651,146.68272,172.81651,0.21371272,0.04563482,0.07672292
0,5125.0,34.09528,9.406751,60.0,41.0,22.0,30.0,190.14551,31.046103,0.061356306,0.012269464,941.4695,13.753172,2.1303093,17.626972,0.0018148556,0.00084961025,0.009886317
0,2856.0,27.543741,10.454157,30.0,32.0,24.0,19.0,799.3162,422.82974,0.12294775,0.28559256,132.81738,215.23865,109.91389,208.29588,0.06768573,0.045550555,0.020912634
0,3878.0,32.83237,9.627991,60.0,38.0,25.0,25.0,197.24239,55.905033,0.4138804,0.70933115,881.1013,32.122093,0.0,11.577893,0.0038841236,0.0061015016,0.018639423
0,4588.0,36.48165,9.717641,60.0,39.0,25.0,28.0,379.3354,193.85054,0.11043956,0.054553375,817.37415,0.0,11.632386,20.357302,0.014851442,0.04376434,0.0038855898
0,5847.0,19.549828,10.666166,70.0,36.0,24.0,23.0,185.48949,87.18399,0.35679987,0.048601612,706.9566,0.0,0.0,27.027143,0.0029782716,0.012255619,0.0014676673
0,4056.0,21.166666,10.860204,100.0,36.0,24.0,23.0,581.61444,201.67975,0.03747063,0.03203631,109.68449,0.0,50.247795,40.656815,0.042618215,0.031743005,0.018269816
0,4995.0,27.083788,9.725235,60.0,36.0,24.0,23.0,143.7842,52.341278,0.7578014,0.8764528,522.5782,0.0,6.0316944,13.962862,0.0,0.0,0.0
0,6245.0,36.53256,9.691631,70.0,36.0,24.0,23.0,329.9795,105.32987,0.46128112,0.30857226,963.8247,13.471971,2.8661046,28.5278,0.0,0.0,0.0
0,5055.0,27.304672,10.554757,70.0,36.0,24.0,23.0,361.22742,234.15044,0.5238915,0.5933692,3679.4314,2.9232137,43.169952,20.883347,0.00015154437,0.00041293018,0.01446851
0,4621.0,23.248713,11.088315,60.0,36.0,24.0,23.0,361.2029,233.47037,0.13469136,0.026047662,124.721054,1.1370384,38.580097,30.555637,0.00019077992,0.00050946284,0.011538068
0,1580.0,21.434547,10.084261,10.0,34.0,29.0,16.0,1221.6989,819.9846,0.85093546,0.98500764,445.71198,226.71928,236.4777,127.577,0.18212584,0.025785923,0.06516469
0,4669.0,17.471935,10.677233,60.0,36.0,24.0,23.0,174.66646,36.441784,0.5837858,0.7328095,290.22125,0.0,0.0,14.291205,0.0008985451,0.0005310842,0.0076988568
0,5142.0,36.7118,9.890609,70.0,36.0,24.0,23.0,207.6144,50.4208,0.13955335,0.09758716,1231.4498,0.0,5.549699,11.601683,0.0005176497,0.0051276814,0.0020427161
0,4352.0,31.20041,9.94483,60.0,36.0,24.0,23.0,381.24973,216.06749,0.04576953,0.008810238,428.1058,4.4735465,80.57143,20.922401,0.0038430875,0.0039612157,0.019395566
0,5233.0,2.0976827,19.255278,60.0,36.0,24.0,23.0,105.91829,7.2589045,0.9099097,0.782245,0.040584255,0.0,0.0,4.4502006,0.0,0.0,0.0
0,5046.0,23.734823,9.878755,60.0,31.0,28.0,24.0,155.81526,31.726974,0.85339326,0.7241564,358.08627,0.0,0.0,9.259985,0.00035729964,0.00068647927,0.00077501836
0,1117.0,19.350117,10.078189,10.0,32.0,26.0,15.0,1231.4781,863.7756,0.96418107,1.0,243.7401,228.88148,229.86462,228.88148,0.14538561,0.02661469,0.057772633
0,5103.0,23.614393,10.814741,70.0,40.0,19.0,28.0,284.83197,90.093796,0.23570995,0.10304471,591.58215,35.429577,14.321482,34.39257,0.00042379097,0.01917495,0.0013926681
0,4726.0,5.2343597,11.740151,70.0,42.0,20.0,25.0,304.7246,98.345055,0.15219042,0.0800001,35.160347,24.637121,20.640635,12.318561,0.0,0.0,0.0
0,4305.0,25.441402,9.921465,70.0,36.0,24.0,23.0,527.8905,175.57338,0.052883513,0.053620156,348.0899,0.0,27.182838,40.91617,0.008987011,0.033379123,0.024803467
0,667.0,15.241124,10.4073305,30.0,27.0,23.0,14.0,1342.0327,886.7382,0.97794443,0.9992801,72.53519,20.797411,347.56842,213.22879,0.16909976,0.044444237,0.059027474
0,5288.0,2.7230434,12.425147,60.0,36.0,24.0,23.0,104.76789,8.149447,0.71872747,0.69720596,13.61343,0.0,0.0,6.8430214,0.00012960963,0.00027235292,0.00022023555
0,3819.0,21.537998,10.904949,100.0,41.0,21.0,31.0,528.97687,214.67554,0.14422356,0.0725305,91.663414,87.150505,48.94391,86.76425,0.0040592123,0.03528751,0.021852892
0,4561.0,6.519957,11.788564,70.0,42.0,17.0,25.0,479.3995,261.34216,0.43851605,0.14923179,23.06026,51.790222,109.34711,34.721104,0.0005229049,0.023832403,0.0017339999
0,4066.0,27.8255,10.254134,60.0,36.0,24.0,23.0,360.29306,130.65155,0.045169648,0.0459687,218.27957,0.0,31.124027,23.217247,0.011906508,0.04586571,0.02435628
0,3491.0,35.728508,10.043345,60.0,44.0,18.0,27.0,577.70435,276.35727,0.23537241,0.38431075,764.4688,162.94247,91.907,159.71461,0.027146,0.07275398,0.023541884
0,5306.0,28.240517,10.534507,60.0,28.0,28.0,27.0,190.16957,45.93042,0.19679709,0.13046509,1127.4059,0.0,0.0,12.541744,0.0016297187,0.0054640095,0.00218154
0,4856.0,27.367113,9.767806,60.0,36.0,24.0,23.0,209.56253,46.48269,0.3342048,0.32468113,603.2156,0.7600599,0.0,14.957418,0.0011186417,0.00095763546,0.0061736405
0,0.0,0.0,23.877512,0.0,39.0,26.0,13.0,1697.4971,1210.0853,0.5238915,0.5933692,0.0553957,0.0,0.0,0.0,0.03176462,0.08231848,0.0073720706
0,4890.0,23.341702,10.753951,60.0,38.0,23.0,28.0,276.52786,111.6654,0.11778201,0.019705486,732.62866,0.0,25.19622,19.402782,0.021029562,0.014078249,0.0055572246
0,3072.0,35.339046,9.721635,10.0,45.0,19.0,21.0,1010.5795,698.5348,0.054433934,0.31594813,576.5032,315.32428,241.56934,193.70107,0.07549126,0.065460555,0.03605684
0,5154.0,17.309765,11.110371,100.0,39.0,25.0,30.0,273.1766,146.49115,0.19981097,0.051957734,70.98006,25.271463,24.885202,45.51147,0.008780277,0.0038959128,0.0060277632
0,5031.0,27.21324,9.58037,70.0,37.0,21.0,31.0,215.7626,23.395504,0.24340737,0.15661453,884.91437,8.2561035,5.308831,16.593184,0.02508321,0.02817871,0.035613995
0,5355.0,30.733042,10.122192,70.0,36.0,24.0,23.0,340.29333,177.1122,0.13477437,0.07809627,1147.7386,0.0,46.775974,26.490868,0.00031461427,0.0007024225,0.0022080473
0,5298.0,33.66095,9.795177,60.0,36.0,20.0,32.0,287.50412,117.65487,0.10605661,0.068308,985.91223,6.044355,35.516182,15.90751,0.0,0.0,0.0
0,4749.0,29.618073,10.063311,30.0,44.0,19.0,25.0,167.38142,45.918835,0.2118163,0.27575272,439.2129,36.065308,0.0,26.994446,0.0029755568,0.0013084904,0.0112997275
0,5492.0,17.331831,10.265652,60.0,26.0,36.0,30.0,110.09802,10.409557,0.47264695,0.071293786,107.45831,0.0,0.0,7.5193315,0.00012316342,0.00014603195,0.0028321422
0,4059.0,25.36075,9.607904,60.0,38.0,18.0,28.0,479.2272,151.86177,0.06773395,0.050560724,596.73303,168.45221,30.933403,112.69328,0.1406432,0.06657273,0.041248232
0,1739.0,33.511505,9.755501,10.0,38.0,31.0,17.0,1397.3229,907.5451,0.28283742,0.9275913,611.73236,530.29785,346.8434,235.7917,0.09840064,0.11676669,0.034129336
0,4449.0,40.09674,9.91698,60.0,44.0,19.0,26.0,175.47939,17.648308,0.1328128,0.21141063,354.30423,6.107011,0.0,21.180786,0.0024946663,0.00096046814,0.01392762
0,5658.0,22.38837,10.292962,60.0,36.0,24.0,23.0,120.60237,3.1580818,0.14704816,0.03666308,640.09784,0.0,0.0,9.638157,0.0,0.0,0.0
0,4537.0,2.7312987,19.647707,60.0,48.0,18.0,26.0,163.74591,14.551392,0.4338933,0.4236716,0.016179087,2.3860283,0.0,16.939802,0.0005020496,0.00095112255,0.0053414823
0,2866.0,27.36592,11.072448,30.0,36.0,24.0,23.0,180.56546,54.647274,0.27954674,0.65355754,142.8154,0.0,12.106127,7.1955476,0.011211271,0.033616625,0.020644305
0,4433.0,32.14362,9.573592,60.0,37.0,24.0,25.0,199.30736,73.61696,0.71563405,0.53567344,621.61536,0.0,0.0,12.986772,0.0024632993,0.004794734,0.0023055316
0,1801.0,33.093704,9.513756,10.0,41.0,29.0,14.0,1421.25,1000.41876,0.28960857,0.84357846,867.2831,507.95706,402.9078,203.56828,0.07788618,0.093915425,0.03058388
0,1614.0,33.312614,9.869796,10.0,29.0,27.0,14.0,1573.9878,954.71045,0.8045045,0.9762707,477.02042,684.7586,259.8778,510.50717,0.3464772,0.12913577,0.12545474
0,4098.0,29.058712,10.328251,60.0,49.0,17.0,23.0,193.13632,60.065052,0.76383936,0.8550961,402.6839,18.232756,0.0,35.139442,0.0013289698,0.00065781246,0.0075033004
0,3020.0,31.173025,9.529139,10.0,36.0,26.0,19.0,915.35583,527.2779,0.13672227,0.5757807,832.02374,358.55014,192.07971,179.72668,0.09391132,0.05046704,0.046180084
0,2133.0,33.83387,9.555383,60.0,36.0,24.0,23.0,254.68669,104.67124,0.9056336,0.9720022,734.7976,13.883768,29.713646,15.236766,0.017045034,0.022793146,0.019472925
0,4325.0,18.165852,13.41181,60.0,36.0,24.0,23.0,122.80632,21.575712,0.89698553,0.95936435,57.714493,4.85579,1.7420316,10.096251,0.0,0.0,0.0
0,477.0,8.549169,10.7611,10.0,36.0,24.0,23.0,1055.1328,709.39923,0.9781346,0.9902903,102.29969,22.917109,267.84537,77.95811,0.18349749,0.063710324,0.09812339
0,4057.0,24.206463,9.797279,30.0,44.0,20.0,29.0,230.763,46.43732,0.1893318,0.3213782,552.4113,24.077053,0.0,31.684906,0.00466861,0.0007883661,0.013727027
0,5149.0,2.2203012,12.564495,60.0,36.0,24.0,23.0,101.765594,8.108977,0.8397387,0.6943978,21.27275,0.0,0.0,6.473745,0.00010667226,0.00019954325,0.0003361872
0,4519.0,10.145786,11.033048,60.0,36.0,24.0,23.0,282.3401,149.7511,0.7606594,0.9487889,176.33597,29.160347,25.724232,43.04695,0.0,0.0,0.0
0,5115.0,25.47302,10.785005,70.0,39.0,20.0,29.0,564.1066,335.313,0.38377836,0.027854284,200.10326,162.9797,122.80755,162.9797,0.003934324,0.013740174,0.007976389
0,5454.0,17.786596,10.644232,60.0,36.0,24.0,23.0,116.06494,12.434418,0.33424875,0.052065372,89.46187,0.0,0.0,6.5316386,0.0,0.0,0.0
0,4951.0,26.39539,10.082488,60.0,36.0,24.0,23.0,244.18555,125.590775,0.68033284,0.88253975,495.14288,18.145267,8.432415,18.145267,0.0,0.0,0.0
0,4876.0,37.541172,9.879553,60.0,37.0,21.0,28.0,224.87166,48.149174,0.04519547,0.022236852,1276.1974,0.0,6.291008,28.598122,0.007464341,0.10840668,0.011206709
0,5572.0,19.303328,10.497787,60.0,36.0,24.0,23.0,179.4516,81.500916,0.65522313,0.33260643,123.2172,0.038036678,0.0,16.241997,0.0018192943,0.009318733,0.0014305665
0,2192.0,3.7324255,12.623489,60.0,33.0,26.0,18.0,155.82126,12.24863,0.7972772,0.9077632,2.8287451,9.260896,0.007841349,12.716058,0.034800276,0.06260564,0.020185536
0,3624.0,35.87173,9.818859,60.0,36.0,24.0,23.0,87.93666,10.74748,0.54963756,0.649002,712.27673,0.0,0.0,6.1271224,0.0038653505,0.007935774,0.020204311
0,2273.0,33.737988,9.685214,60.0,41.0,22.0,22.0,142.59648,24.369738,0.7809778,0.97716135,237.25182,0.0,0.0,7.876668,0.00021042608,0.00065139536,0.00051106093
0,4226.0,14.264762,10.872033,100.0,37.0,18.0,26.0,638.87616,181.32297,0.048319887,0.016989408,97.70609,110.65932,26.111368,110.65932,0.0074597625,0.021768171,0.020474391
0,985.0,28.002808,9.992883,10.0,43.0,25.0,15.0,1510.3326,1036.2614,0.8351489,0.9941102,186.28069,597.7015,408.2399,350.72083,0.069610894,0.103039764,0.02166386
0,4941.0,23.970566,10.381713,60.0,42.0,19.0,35.0,482.055,199.07745,0.06085732,0.00796531,921.8762,26.781696,30.127396,81.07446,0.0029303366,0.016194763,0.020788075
0,4966.0,34.181713,9.406284,60.0,34.0,26.0,24.0,261.22247,82.22508,0.2301713,0.10848832,836.7499,0.0,2.3283367,28.43837,0.0059385197,0.017463526,0.0037814039
0,4239.0,36.085644,9.220443,100.0,36.0,24.0,23.0,306.10483,148.00972,0.30574593,0.31697527,1822.972,9.810551,57.259865,19.341124,0.016020529,0.024968954,0.014762349
0,4450.0,26.072275,10.172151,60.0,36.0,24.0,23.0,339.61835,171.33101,0.09124701,0.021485062,404.07635,0.0,37.32149,19.70745,0.0031321466,0.0063547003,0.014624266
0,5785.0,26.40381,10.351748,60.0,28.0,32.0,27.0,117.79913,10.443453,0.49143916,0.069479644,209.58908,0.0,0.0,5.708751,0.0002195272,0.00046857347,0.00082658237
0,4751.0,15.218005,10.393583,60.0,36.0,24.0,23.0,145.32259,64.811676,0.7001803,0.89503103,219.58653,0.0,9.940385,11.116848,0.0,0.0,0.0
0,4872.0,28.76785,9.813853,60.0,36.0,24.0,23.0,235.63823,110.69846,0.30085388,0.4946445,209.0659,33.485886,13.241502,33.485886,0.0005495259,0.0015165558,0.006886735
0,1351.0,26.413208,15.7376,0.0,41.0,20.0,23.0,237.33397,57.438892,0.5238915,0.5933692,743.6876,1.8729163,0.010305582,9.899784,0.015293235,0.04344168,0.0044752248
0,3559.0,31.011345,10.307477,60.0,39.0,20.0,33.0,418.04916,111.04281,0.036976457,0.08963985,155.10144,91.320786,21.149183,38.200413,0.016654154,0.023633746,0.02085066
0,3961.0,28.893368,10.469194,60.0,36.0,23.0,27.0,313.3324,125.75282,0.77582115,0.7851246,219.80482,0.0,0.0,24.624964,0.006148012,0.019567251,0.0019017245
0,4330.0,29.349491,10.18447,60.0,36.0,24.0,23.0,196.83356,46.6132,0.30523703,0.148508,292.46432,0.0,13.369989,9.729587,0.002258948,0.008362019,0.006456584
0,5708.0,24.718056,9.974339,60.0,39.0,28.0,30.0,222.29787,96.77078,0.6315416,0.05453354,437.2155,0.0,2.7920246,13.503576,0.0016464251,0.0029667057,0.0018205538
0,5409.0,13.99594,10.986227,60.0,36.0,24.0,23.0,105.92409,10.109854,0.6974481,0.57543874,213.83665,0.14721145,0.0,5.1661644,0.0,0.0,0.0
0,4369.0,36.37019,9.237672,100.0,43.0,17.0,33.0,605.5921,389.00018,0.060389675,0.07597532,1666.2079,461.33383,127.31769,238.89998,0.049427867,0.028904768,0.034548532
0,2595.0,36.412285,9.501698,10.0,34.0,29.0,19.0,699.01746,443.28827,0.25222823,0.79643315,924.445,399.20105,157.87805,275.19482,0.07909714,0.04023604,0.046146575
0,5703.0,41.01236,9.288672,70.0,43.0,18.0,28.0,299.68005,95.7261,0.2073843,0.10743279,1033.4867,34.320698,12.791336,20.678135,0.0,0.0,0.0
0,4759.0,17.39245,10.883895,70.0,36.0,24.0,23.0,327.25528,183.7587,0.20931123,0.0966537,308.25305,3.6857972,40.305405,32.373623,0.004477374,0.0203608,0.015877226
0,3360.0,38.182888,9.766937,30.0,39.0,21.0,24.0,316.37006,127.161896,0.37970826,0.6637498,523.14484,0.0,24.939339,25.830818,0.010596697,0.023834608,0.0022114462
0,1502.0,20.282642,10.226909,10.0,36.0,24.0,13.0,936.44696,524.004,0.53859246,0.9408051,193.60576,353.45117,207.00789,186.3121,0.12479619,0.05486747,0.05332517
0,3769.0,35.023342,9.767286,60.0,41.0,18.0,27.0,319.8775,72.00447,0.5241439,0.61074406,978.71484,70.11159,0.0,46.984386,0.008938488,0.008876631,0.012003154
0,1373.0,16.270971,10.644797,30.0,33.0,27.0,15.0,1320.9209,841.0718,0.9376826,0.9868935,117.242134,340.18243,253.28914,248.91606,0.24745414,0.021337768,0.09145107
0,2972.0,30.324389,10.006123,60.0,27.0,25.0,23.0,428.71777,131.4142,0.07955184,0.31987852,161.14258,125.26212,28.665344,85.87933,0.13405444,0.060929637,0.03694452
0,4353.0,30.928257,10.022698,60.0,45.0,20.0,31.0,306.55508,101.99937,0.06487627,0.015117857,357.63882,29.38563,4.383463,77.926895,0.0043500788,0.007603476,0.014439853
0,373.0,5.403632,12.073812,40.0,25.0,20.0,10.0,1185.2628,820.9583,0.97317755,0.9994817,6.863968,143.629,239.78952,143.629,0.10192676,0.019766128,0.03477108
0,4312.0,34.278137,9.379574,100.0,38.0,18.0,32.0,613.3183,294.77567,0.06752935,0.044915788,842.4291,364.2098,83.26437,193.03368,0.0860715,0.08510444,0.03130453
0,4795.0,28.703388,9.726139,60.0,35.0,24.0,24.0,268.2275,125.75823,0.27138275,0.20643441,1346.2511,0.0,10.474954,29.639776,0.004828644,0.012689369,0.008844951
0,4342.0,35.53847,9.66734,60.0,34.0,25.0,22.0,317.12363,163.36012,0.40298352,0.42247376,754.52783,0.0,32.917305,17.4804,0.022791639,0.045764048,0.009861993
0,3606.0,34.29986,9.619479,60.0,46.0,18.0,26.0,245.35861,60.142357,0.49160737,0.8013402,743.6981,64.325645,1.7525715,34.386528,0.0035416603,0.001558536,0.013137422
0,0.0,0.0,19.751719,0.0,36.0,25.0,26.0,360.29306,151.24031,0.5238915,0.5933692,0.05288971,0.0,0.0,0.0,0.0,0.0,0.0
0,5772.0,38.27774,9.261532,70.0,41.0,20.0,36.0,311.10974,110.30644,0.07150104,0.014192078,916.1267,18.734797,13.483682,24.285519,0.0005557377,0.009854485,0.010323759
0,3277.0,28.51772,10.347534,60.0,40.0,19.0,25.0,302.98026,46.120888,0.33542606,0.59526956,154.797,28.83308,0.06302788,33.049458,0.010640599,0.017819876,0.015504158
0,4920.0,34.8836,9.408965,60.0,31.0,26.0,26.0,224.56223,67.991356,0.40532213,0.47147775,562.32404,0.0,2.3085163,35.40154,0.0010267259,0.0022905096,0.000910964
0,3115.0,18.17042,10.015681,30.0,38.0,20.0,20.0,1261.5756,508.9591,0.046027705,0.3719043,688.1567,229.7829,144.99117,183.67615,0.4000837,0.21739735,0.12133483
0,5317.0,22.105127,10.218914,60.0,26.0,32.0,29.0,160.47229,27.554823,0.036298547,0.017634373,243.53343,0.0,0.0,9.445534,0.001275781,0.003867812,0.0012066037
0,939.0,25.125633,10.227859,10.0,36.0,24.0,23.0,1391.2965,769.7281,0.93303674,0.9988557,300.65384,156.47256,320.4373,156.47256,0.1567106,0.04753553,0.06942176
0,4409.0,36.83665,9.460637,60.0,36.0,24.0,23.0,290.40726,76.69394,0.14558864,0.18634218,1559.7079,16.84233,27.45026,15.176035,0.03852813,0.038774535,0.016492592
0,5478.0,14.1498575,11.131215,70.0,36.0,24.0,23.0,321.73944,169.47128,0.35157874,0.158662,564.4297,0.0,26.236275,20.112526,0.00016225835,0.00037285726,0.0013303683
0,4824.0,2.2165942,19.45268,70.0,36.0,24.0,23.0,106.513855,4.4918585,0.91283375,0.88650393,0.031443022,0.0,0.0,4.9512186,0.00014608183,0.00017008944,0.0003217053
0,5151.0,5.6969285,11.350921,60.0,33.0,29.0,28.0,141.2541,11.875362,0.54783833,0.38641274,60.47927,0.0,0.0,7.306866,0.0003024797,0.000421518,0.004248963
0,5352.0,29.354986,10.098861,60.0,29.0,34.0,33.0,238.1996,98.02904,0.3558225,0.0837332,495.2743,2.8455496,3.088859,9.62218,0.00016681106,0.00027525565,0.006009717
0,4506.0,34.934666,9.741482,100.0,38.0,19.0,30.0,308.2922,93.06588,0.11679557,0.08338166,930.6612,16.247942,41.967525,14.960516,0.0034549222,0.09892547,0.020724915
0,3439.0,33.449333,9.757128,100.0,36.0,24.0,23.0,912.4178,357.47107,0.023339588,0.07480573,467.36502,0.0,57.774586,65.789505,0.048095882,0.043966718,0.018483438
0,5218.0,49.503986,9.086661,70.0,40.0,16.0,29.0,274.2752,51.28804,0.40257084,0.22006959,1214.1238,5.898357,23.783554,11.073631,0.0046976516,0.1109178,0.01170149
0,3609.0,15.020479,10.408096,30.0,38.0,22.0,23.0,1497.5502,545.85675,0.031310175,0.036816627,500.74463,316.38123,152.15132,224.64578,0.34933868,0.24650383,0.11319572
0,3804.0,44.05459,9.480016,30.0,38.0,26.0,23.0,226.0681,37.79218,0.41671014,0.4312627,559.31995,0.0,0.0,12.110577,0.0031557288,0.008296604,0.0010004983
0,2621.0,25.78612,11.965596,60.0,39.0,21.0,29.0,289.25125,47.079704,0.27294326,0.67897075,98.35075,40.190495,0.65172315,32.479782,0.01460975,0.025526421,0.015287102
0,4141.0,31.32023,10.027466,60.0,38.0,19.0,27.0,294.55054,67.92981,0.11717908,0.13275485,628.08984,0.0,30.278112,30.429533,0.0061475886,0.1513835,0.015626736
0,5145.0,32.804596,9.953453,60.0,36.0,24.0,23.0,277.7678,96.67056,0.3092192,0.10277404,1549.7833,0.0,6.462472,11.153671,0.006505866,0.016686995,0.0012080086
0,0.0,0.0,21.793785,0.0,38.0,22.0,24.0,360.29306,151.24031,0.5238915,0.5933692,0.7826151,0.0,0.0,0.0,0.0,0.0,0.0
0,5360.0,34.12641,9.6407385,70.0,34.0,26.0,29.0,177.62723,20.928833,0.22279726,0.059181463,778.1022,0.0,0.0,6.9059134,0.002672114,0.006691954,0.01563119
0,4147.0,25.742476,10.860249,100.0,38.0,20.0,29.0,420.72998,115.54182,0.026209231,0.00518705,178.45685,95.83476,4.0778375,51.04416,0.01691584,0.06833593,0.016637133
0,4880.0,26.724434,10.515063,60.0,44.0,23.0,35.0,235.53517,56.97942,0.022584978,0.0065557784,470.74316,5.282149,0.95994544,16.148125,0.0010486672,0.00068893115,0.011614367
0,4741.0,34.332455,9.868068,60.0,35.0,25.0,24.0,411.99454,272.56708,0.40446466,0.32897168,846.3674,2.9191105,52.98943,41.618896,0.0017532627,0.016827192,0.005539941
0,5656.0,8.773286,11.722705,70.0,36.0,24.0,23.0,210.48311,70.322655,0.36361519,0.1213519,263.40436,25.549118,12.975019,25.549118,0.0017839796,0.052158087,0.0070492015
0,4663.0,8.489316,11.73485,60.0,36.0,24.0,23.0,319.53387,197.22136,0.6292922,0.9091333,46.925114,28.384373,31.528034,36.915337,0.0,0.0,0.0
0,3862.0,41.56036,9.443181,30.0,36.0,23.0,24.0,381.34332,162.38048,0.43474782,0.5243439,398.26514,0.0,22.043102,48.119263,0.017362196,0.046382587,0.003604865
0,5304.0,35.840237,9.681122,60.0,41.0,19.0,28.0,190.04628,18.552351,0.28095636,0.023915945,447.21936,0.0,0.008231342,18.394411,0.0044553205,0.07429448,0.014711229
0,4038.0,26.030455,9.770716,60.0,36.0,24.0,23.0,583.9013,177.69418,0.17264208,0.17499092,763.5783,4.3991747,24.131306,16.643179,0.007706144,0.024120275,0.0054858923
0,3721.0,31.962301,10.216394,30.0,36.0,24.0,23.0,231.20067,101.167404,0.7331112,0.5225864,1149.9363,5.206763,25.634722,10.195128,0.017122952,0.07523377,0.032099914
0,4440.0,35.290913,9.723206,60.0,36.0,24.0,23.0,1241.0103,535.70905,0.015906123,0.042496018,917.697,0.0,145.96422,145.53531,0.049707454,0.06560317,0.027045777
0,5520.0,15.910346,10.741946,60.0,36.0,24.0,23.0,179.04321,89.85247,0.16420597,0.06382738,257.95755,10.6514845,0.0,24.184532,0.008261234,0.029226387,0.0037318345
0,4030.0,32.460697,10.011137,30.0,39.0,20.0,29.0,326.75565,98.53357,0.40786955,0.35206467,1887.4442,72.4111,24.51639,40.902596,0.023460714,0.03485738,0.01904434
0,5053.0,31.54197,9.926479,60.0,37.0,23.0,29.0,152.17384,19.549627,0.3454659,0.20272124,384.65204,0.0,0.0,6.210574,0.000995152,0.0010562667,0.014388342
0,4598.0,30.929495,9.994818,60.0,38.0,23.0,26.0,382.76614,178.64479,0.55518866,0.29360488,510.9914,0.0,19.88044,13.329755,0.010993699,0.033815753,0.002272307
0,4780.0,2.1360626,12.274276,60.0,36.0,24.0,23.0,129.62683,37.24936,0.50397056,0.7747879,64.6859,0.0,0.42464024,7.030465,0.0,0.0,0.0
0,3923.0,32.628757,9.742263,30.0,39.0,19.0,29.0,295.03207,51.978767,0.28880993,0.3187063,591.9358,0.66076046,5.172537,36.628345,0.012425253,0.023364527,0.022230703
0,5247.0,33.372635,9.915601,60.0,42.0,18.0,34.0,430.15897,173.6013,0.065470785,0.0026661416,500.64996,49.40622,29.239273,58.73734,0.0017494345,0.009556256,0.01728176
0,5260.0,26.029945,9.712259,60.0,38.0,24.0,35.0,217.89166,55.033794,0.031096939,0.00033190253,532.5204,18.54771,0.6350365,18.264816,0.00082065386,0.0006309993,0.013300044
0,5781.0,20.291504,10.387334,60.0,36.0,24.0,23.0,181.84491,78.244255,0.32368028,0.05950673,252.33295,0.0,0.0,10.128362,0.0012958798,0.007971299,0.0014831661
0,2250.0,26.406363,9.763968,30.0,27.0,25.0,16.0,1465.6366,883.84796,0.37063956,0.8562972,798.3496,325.6292,265.47537,269.49103,0.3373308,0.04534337,0.11114513
0,5000.0,4.831293,11.8116255,60.0,36.0,24.0,23.0,89.13827,4.669484,0.9005654,0.7777725,61.973747,0.0,0.0,4.3137836,0.00011076741,0.00017447192,0.00033400487
0,5188.0,4.9349136,11.753964,60.0,36.0,24.0,23.0,182.01437,83.470665,0.49578127,0.5844951,84.36495,33.38559,0.7421078,32.32016,0.00033328042,0.00079050567,0.0005212053
0,4157.0,29.360573,10.220076,60.0,39.0,20.0,23.0,348.98907,164.27798,0.55466676,0.4066852,201.17226,1.5561411,23.650461,20.866745,0.0016384416,0.031232398,0.014445707
0,4745.0,33.803043,9.857187,60.0,43.0,21.0,29.0,227.56969,49.06302,0.11499888,0.053772006,246.2337,18.133762,1.8607556,27.749205,0.0029964724,0.0006970603,0.01414758
0,4122.0,7.290073,11.55584,60.0,38.0,20.0,25.0,424.95,239.7215,0.58552825,0.43953493,16.798841,7.082096,42.95943,18.273197,0.0013478845,0.03535563,0.009527311
0,4920.0,21.610983,10.426274,60.0,39.0,20.0,27.0,182.55574,22.939034,0.104437865,0.069301166,270.4372,18.422876,0.04631613,12.723848,0.006182775,0.019438136,0.023130853
0,296.0,4.3109584,11.957061,30.0,36.0,19.0,6.0,1040.5148,776.7685,0.9862395,0.9916542,18.585728,316.38092,216.69809,246.19896,0.14569756,0.030943252,0.093208455
0,4874.0,1.1883982,19.50642,60.0,36.0,24.0,23.0,94.42095,2.8080215,0.865768,0.8891282,0.04083216,0.0,0.0,2.7098248,0.00012817436,0.00016529205,0.0004091995
0,3886.0,37.402138,9.424181,60.0,41.0,19.0,27.0,672.8017,383.56088,0.05206686,0.027356775,1058.5906,418.79083,114.52782,273.0405,0.04115649,0.0983769,0.027682187
0,4927.0,16.51754,10.273185,60.0,36.0,24.0,23.0,117.58729,10.380884,0.5611521,0.78435934,207.06874,2.4687994,0.0,7.6638875,0.0,0.0,0.0
0,4036.0,30.147587,9.882391,30.0,41.0,20.0,31.0,480.1192,130.95172,0.1062775,0.21212184,1067.7269,70.89065,0.13973907,58.570904,0.015047437,0.023412492,0.019512683
0,4839.0,3.7993195,19.436867,60.0,32.0,27.0,23.0,169.1455,46.71623,0.81539255,0.67689085,0.038609777,0.0,0.0,11.272332,0.0015633594,0.0031557472,0.0005449249
0,3296.0,33.748634,10.139032,30.0,36.0,23.0,24.0,296.4843,62.553314,0.6709859,0.84170973,119.35511,0.0,0.044729088,10.436344,0.013900895,0.030951295,0.0025835268
0,4095.0,22.88996,10.38819,30.0,36.0,24.0,23.0,782.6835,342.64807,0.053445715,0.06862235,209.22823,43.233315,107.6066,115.172874,0.09305016,0.10227099,0.037696723
0,5213.0,20.461672,10.951495,70.0,41.0,17.0,27.0,269.79227,89.29045,0.2507403,0.06641665,208.54073,0.38255775,17.221418,25.707449,4.4439912e-05,0.00015853204,0.0008738985
0,4507.0,40.350433,9.195654,60.0,38.0,19.0,26.0,293.77023,72.52239,0.32017064,0.20256925,990.89655,0.0,49.342377,38.503456,0.009794594,0.20811322,0.015590104
0,4353.0,38.575394,9.747083,60.0,34.0,26.0,24.0,194.63208,57.46925,0.25503036,0.20992409,626.048,0.0,2.4368043,8.359356,0.0011497384,0.012506119,0.0058331406
0,5326.0,31.300152,9.79543,70.0,37.0,24.0,31.0,213.40671,61.097836,0.20088023,0.081230454,1223.3334,39.810955,0.0,14.168898,0.0054261684,0.15787274,0.015641978
0,3526.0,39.028507,10.138,60.0,39.0,23.0,26.0,227.29715,80.681656,0.39301383,0.60972446,190.33426,48.26824,0.0,16.909853,0.0036471067,0.0065108547,0.013133161
0,5049.0,19.531313,10.299728,60.0,36.0,24.0,23.0,178.8505,46.79553,0.38168502,0.4605659,198.22629,18.819395,0.0,20.692444,0.0006866525,0.0005049875,0.0069991183
0,5601.0,28.813305,9.923575,60.0,36.0,24.0,23.0,139.84805,49.06115,0.28248534,0.14694056,670.9237,0.0,0.0,10.238743,0.0,0.0,0.0
0,5082.0,18.529222,10.708055,70.0,41.0,19.0,28.0,569.7978,235.99178,0.08802397,0.01443761,422.78497,98.99061,72.99378,98.99061,0.0068080584,0.04962373,0.024027366
0,2587.0,21.358238,10.599842,60.0,36.0,24.0,23.0,189.56482,38.600056,0.5162002,0.8320275,221.48303,0.0,0.0,9.53753,0.013564694,0.034674756,0.022551732
0,5493.0,24.246267,10.071545,60.0,26.0,35.0,26.0,104.28859,4.7121997,0.6885196,0.38793814,277.52838,0.0,0.0,4.5924788,0.00027404854,0.00036634158,0.0007775573
0,5097.0,24.436062,9.985512,60.0,41.0,23.0,34.0,223.9029,55.393147,0.16143928,0.030267956,358.32172,20.359375,0.2655012,20.206758,0.0008117743,0.0006269476,0.0142003875
0,1701.0,2.6325886,12.178429,10.0,21.0,26.0,15.0,695.3934,252.04312,0.7185977,0.9774972,56.735302,215.78542,68.59803,172.96698,0.23512779,0.34775716,0.11941132
0,5129.0,31.654104,9.821817,60.0,41.0,19.0,30.0,115.235825,42.173595,0.3005288,0.25167143,1096.2733,10.672726,9.268205,6.3823924,0.0010520384,0.0003524178,0.009111803
0,2946.0,40.15311,9.922557,30.0,36.0,24.0,23.0,246.55807,97.88,0.73144907,0.89566475,417.0086,0.0,29.390934,10.327392,0.005565304,0.015423089,0.01839675
0,6222.0,3.5400355,12.046354,70.0,40.0,19.0,31.0,220.32387,57.756397,0.70982754,0.33852205,89.71942,1.217086,0.0,14.893225,0.0,0.0035303256,0.0003999219
0,6140.0,21.37828,10.166718,70.0,39.0,23.0,31.0,131.8437,9.35723,0.41219717,0.09176431,864.5392,0.0,0.0,6.0412025,0.0006346966,0.0008689757,0.008102578
0,4913.0,34.16664,9.5757475,60.0,36.0,22.0,31.0,242.61166,74.19254,0.101177335,0.036926292,473.88077,0.0,9.420386,29.3797,0.002056433,0.027336776,0.002531809
0,5093.0,25.88993,10.853598,100.0,36.0,24.0,23.0,176.86395,98.80804,0.809635,0.84317535,564.5638,6.6431484,12.259697,13.12998,0.0,0.0,0.0
0,5283.0,2.211596,12.925729,60.0,30.0,29.0,28.0,114.18998,8.638521,0.70726013,0.7223103,4.7068863,0.0,0.0,8.563242,0.00012148365,0.00023264768,0.00082757237
0,3889.0,35.985565,10.646052,60.0,49.0,17.0,23.0,156.77725,18.283045,0.32728463,0.5559791,231.93045,11.773925,0.0,14.967697,0.0027076325,0.0007575545,0.010220706
0,4727.0,34.160202,10.133334,60.0,39.0,22.0,32.0,210.84982,78.008255,0.1047433,0.16652289,687.9695,39.569275,5.117106,18.809721,0.005637113,0.007112609,0.021105843
0,4915.0,17.124516,10.63327,60.0,32.0,30.0,29.0,149.27203,14.895693,0.56484675,0.35812342,115.97724,0.0,0.0,12.691829,0.00043502514,0.000601937,0.013960381
0,2586.0,27.836895,9.612464,60.0,39.0,20.0,25.0,123.897964,25.053175,0.853367,0.97915334,475.638,0.0,0.0,8.444911,6.936014e-05,0.00019937819,0.00020256676
0,5392.0,23.138351,10.143008,60.0,37.0,29.0,31.0,84.06217,19.145145,0.34227678,0.06137578,492.44,9.478793,10.323983,6.0396314,0.0012578656,0.0005585322,0.007374327
0,4497.0,30.045158,9.895305,60.0,36.0,24.0,23.0,109.54223,0.42863673,0.30634168,0.46300855,219.30244,0.0,0.0,6.673129,0.0,0.0,0.0
0,4411.0,40.64978,9.722217,60.0,42.0,20.0,26.0,296.343,167.17491,0.59776443,0.6656909,415.43982,63.358635,8.661241,63.358635,0.0048379037,0.00597971,0.017634444
0,5398.0,5.249648,11.573941,60.0,36.0,24.0,23.0,107.94943,8.6539955,0.5977854,0.54104865,60.177113,0.0,0.0,9.248945,0.00014202912,0.00029155423,0.00039233017
0,4765.0,35.759975,9.456788,60.0,33.0,25.0,25.0,326.05994,146.85081,0.12893541,0.32979903,773.6998,0.48913717,15.275513,26.965279,0.0020525928,0.0074120234,0.0010011841
0,4916.0,30.373459,9.884734,60.0,36.0,24.0,23.0,310.33734,164.737,0.14264521,0.039777733,596.4135,0.40303963,44.032658,31.370874,0.0019244481,0.0039236164,0.014977798
0,5434.0,8.506966,11.447115,60.0,36.0,24.0,23.0,120.34388,22.460464,0.63832337,0.586407,32.846485,1.7107487,0.0,6.926064,0.0,0.0,0.0
0,606.0,14.880328,10.682218,10.0,36.0,24.0,23.0,1351.7053,873.17426,0.9868545,0.9914647,73.63819,0.0,349.721,192.87685,0.15396172,0.038258623,0.056966227
0,225.0,2.8911693,12.585382,40.0,28.0,31.0,2.0,751.0613,562.9787,0.9874141,1.0,120.69769,221.893,132.92987,221.893,0.13320339,0.012653274,0.07599407
0,1481.0,28.105827,9.797964,10.0,36.0,24.0,16.0,986.472,553.3765,0.36327878,0.90620416,435.8635,366.02734,191.48326,241.14882,0.104511626,0.030908696,0.037394814
0,4256.0,35.408997,9.827224,60.0,39.0,21.0,27.0,273.5191,78.09935,0.36549535,0.25732192,562.29877,6.1460385,30.921806,32.95687,0.019658547,0.031242447,0.02455564
0,5027.0,27.643835,9.434363,60.0,42.0,21.0,30.0,196.25253,32.711742,0.09655969,0.0247027,585.8632,7.45297,6.262223,18.217066,0.0025591105,0.00070942444,0.010732139
0,4932.0,10.828671,11.032927,60.0,43.0,20.0,27.0,246.727,111.08004,0.35465783,0.27646965,188.27548,19.066742,5.7011375,47.329082,0.0049155285,0.0025338216,0.006792776
0,5243.0,21.353588,10.552416,60.0,36.0,24.0,23.0,212.0438,143.04677,0.645538,0.76018643,367.9248,0.0,10.870205,20.659393,0.0,0.0,0.0
0,2264.0,26.358774,10.623526,60.0,36.0,24.0,23.0,217.5007,64.79698,0.4737027,0.8170156,212.22621,0.0,18.133541,8.076766,0.004769115,0.012518385,0.01351719
0,4822.0,6.3043003,20.188223,60.0,36.0,24.0,23.0,95.57436,6.7855783,0.8714364,0.83315045,0.008212777,0.0,0.0,5.1620827,0.00015086133,0.00017866585,0.00034426615
0,4828.0,31.213688,9.851224,60.0,42.0,22.0,31.0,254.42276,43.478817,0.10011328,0.032045495,716.72107,9.615081,0.44583315,30.782196,0.0032652812,0.0019650985,0.015307756
0,3577.0,36.08623,9.823881,100.0,36.0,24.0,23.0,368.31955,211.45485,0.09180148,0.19268715,434.03543,12.098153,61.899593,15.151962,0.005443029,0.0140743265,0.013490105
0,5009.0,27.584192,9.977204,60.0,29.0,28.0,27.0,318.6308,153.16425,0.08770881,0.06795619,597.5224,5.874767,17.974176,29.146614,0.0013595435,0.0038957899,0.0009815346
0,5509.0,26.677355,9.917976,70.0,37.0,25.0,27.0,260.8178,138.18884,0.50021064,0.1158481,237.67863,55.33297,38.323296,29.172379,0.0003724189,0.00045813335,0.0030391354
0,5104.0,24.46604,10.429299,60.0,36.0,24.0,23.0,137.4888,43.82936,0.3802555,0.49389142,277.84213,1.0442117,1.7401388,6.8989253,0.0,0.0,0.0
0,4925.0,23.649931,9.887836,60.0,45.0,20.0,31.0,199.2668,39.812973,0.113230824,0.06741943,586.92725,4.05834,0.0,25.492323,0.0014431948,0.00048140495,0.009914174
0,2282.0,39.803486,9.826824,60.0,36.0,24.0,23.0,154.66814,51.465347,0.75137347,0.8680115,753.162,0.0,13.46764,9.856129,0.025688043,0.052318327,0.022457521
0,4205.0,33.900333,9.483652,60.0,38.0,22.0,22.0,261.86023,61.93716,0.3868516,0.3400049,1248.2725,0.0,0.0,14.524215,0.008833159,0.024554443,0.0016675473
0,3161.0,30.235655,9.9439125,60.0,37.0,23.0,24.0,202.79764,41.945774,0.46988574,0.7844512,197.96751,45.412735,0.0,26.399261,0.006026411,0.016319413,0.019174166
0,5127.0,18.971329,10.695955,70.0,37.0,25.0,29.0,469.9081,279.85028,0.52733684,0.02660495,776.4793,0.0,27.111378,27.09061,0.014773019,0.03837683,0.0034119885
0,4155.0,34.060505,9.900756,60.0,32.0,24.0,23.0,258.1763,106.10348,0.15176782,0.31933284,472.98358,1.168365,21.058987,20.800629,0.044899914,0.044807293,0.00991386
0,3465.0,33.835938,10.183515,30.0,36.0,24.0,23.0,1102.3538,402.0632,0.08551718,0.17933576,557.0512,21.841139,57.704033,120.978935,0.07860797,0.1392738,0.035152353
0,3767.0,17.616152,10.768336,60.0,46.0,19.0,24.0,152.73865,31.636705,0.9246438,0.95970106,121.735756,9.062049,0.0,18.526577,0.0029968037,0.001611322,0.010518396
0,3711.0,26.728798,10.511003,100.0,36.0,24.0,23.0,684.64136,278.34082,0.02877251,0.09072083,312.63077,0.0,49.036312,49.60519,0.057363816,0.04279369,0.023527564
0,2473.0,33.807137,9.762762,10.0,32.0,21.0,15.0,1777.9865,811.22845,0.09151039,0.49665508,353.91003,316.91785,265.76898,296.10007,0.28170308,0.057137463,0.093924835
0,5494.0,28.14365,10.391952,60.0,36.0,24.0,23.0,210.1465,80.77429,0.3160507,0.027446445,671.4355,0.0,0.0,13.523629,0.0107152425,0.032060787,0.0019834654
0,5170.0,26.897234,10.192057,60.0,35.0,28.0,29.0,330.155,158.79453,0.7436962,0.26518938,512.93335,0.0,17.413292,15.392021,0.010451608,0.026601147,0.0047874823
0,5276.0,30.057953,9.933299,60.0,36.0,24.0,23.0,185.91698,46.26105,0.5166094,0.61050886,621.8612,0.41688925,0.0,12.335026,0.001362725,0.00069560745,0.0073481845
0,5064.0,18.266129,11.401556,60.0,36.0,24.0,23.0,118.961174,8.652221,0.3928688,0.5933692,76.5807,0.0,0.0,5.3255343,0.0,0.0,0.0
0,4310.0,22.161905,10.142126,60.0,36.0,24.0,23.0,182.65025,58.53938,0.77841103,0.9248422,157.9343,21.082315,0.0,21.082315,0.0,0.0,0.0
0,5206.0,12.691351,11.378139,60.0,28.0,36.0,30.0,129.86661,10.008795,0.23813125,0.054392345,43.696777,0.0,0.0,5.5135136,0.0002312595,0.0002250055,0.008217839
0,4418.0,30.148643,9.932135,60.0,38.0,24.0,25.0,212.43965,25.215359,0.71121544,0.6511746,532.2838,0.0,0.0,7.6943088,0.0015263453,0.0038806899,0.012418066
0,4135.0,13.839098,11.584881,30.0,36.0,24.0,23.0,565.9219,244.28986,0.07244946,0.06464717,93.73451,0.0,22.593475,22.636297,0.007707323,0.032292683,0.025056664
0,4500.0,41.78705,9.392268,60.0,45.0,20.0,26.0,185.5375,18.203007,0.1482507,0.1745511,518.4582,12.992998,0.0,27.706831,0.0033540912,0.0005626109,0.012108832
0,5122.0,8.928111,11.457299,60.0,36.0,24.0,23.0,160.22105,38.64096,0.5078031,0.3274713,43.265804,4.148759,0.0,10.93178,0.0006715339,0.0003809512,0.01030526
0,5725.0,23.455765,10.483838,60.0,40.0,22.0,30.0,299.5234,163.78488,0.5659426,0.1457857,346.9651,36.534676,13.076719,37.94648,0.00076632027,0.0016294894,0.0066592214
0,5118.0,31.6547,10.072227,60.0,34.0,28.0,27.0,114.11074,0.97996354,0.23684362,0.10626278,199.41348,0.0,0.0,5.9077516,0.00028067347,0.00027078766,0.011204244
0,3721.0,35.37726,9.605514,30.0,40.0,18.0,27.0,842.73535,492.37,0.08322829,0.046143383,534.2199,518.8259,142.42783,340.15848,0.026244903,0.11244175,0.027798204
0,1346.0,27.567446,10.072736,10.0,39.0,27.0,16.0,1441.3529,939.14514,0.7009017,0.9771606,473.7922,524.7546,359.26355,237.77444,0.06064307,0.10273556,0.021360008
0,2396.0,42.808414,9.404144,60.0,36.0,24.0,23.0,114.90275,37.63842,0.64701265,0.9645911,940.6484,1.2517241,19.871277,10.035763,0.025079828,0.049402583,0.024675619
0,5695.0,26.167324,9.805717,70.0,33.0,27.0,32.0,218.57747,31.583368,0.19090497,0.027193733,756.80664,0.0,0.0,8.893485,0.0007686381,0.0024460435,0.014675046
0,5635.0,32.560795,9.577801,70.0,36.0,24.0,23.0,223.25626,56.43075,0.08532824,0.017651439,689.0099,5.0936007,0.0,28.281122,0.00057948456,0.00056592806,0.013610957
0,5265.0,2.1879463,19.675707,60.0,36.0,24.0,23.0,108.67928,12.756302,0.7756287,0.70237637,0.0076209516,0.57353336,0.0,6.419255,0.0,0.0,0.0
0,2384.0,14.7618,10.448585,60.0,37.0,24.0,24.0,152.55357,23.252066,0.6899685,0.97311693,141.812,0.0,0.0,9.603482,0.00054860214,0.0010978074,0.00031114908
0,3295.0,34.30355,9.773078,10.0,36.0,24.0,23.0,1058.6077,443.41614,0.06519711,0.22657509,510.28754,88.304596,168.70616,88.304596,0.14812604,0.04757175,0.051534925
0,4523.0,21.993462,10.533339,30.0,43.0,21.0,32.0,477.52032,201.38248,0.01773213,5.444189e-05,277.33478,35.475838,29.513542,76.99824,0.00363115,0.010297819,0.022065956
0,4801.0,26.661448,10.148722,60.0,36.0,23.0,31.0,365.5995,124.18676,0.055717662,0.023944508,384.74838,38.372215,16.721937,61.57511,0.015941706,0.031343337,0.012381333
0,2620.0,31.874971,9.739868,10.0,33.0,26.0,18.0,1098.1799,591.4544,0.329182,0.76701844,636.3689,403.24182,203.16711,243.38327,0.17308672,0.072423905,0.06429861
0,2858.0,40.90016,9.763827,30.0,36.0,24.0,23.0,192.7881,63.93004,0.13462201,0.62232673,858.8497,0.0,0.44913214,10.796306,0.0094803665,0.026251499,0.020188672
0,5528.0,12.483859,10.944458,60.0,27.0,40.0,27.0,126.51382,11.062245,0.4902361,0.17561162,80.11556,0.0,0.0,5.6435385,9.5377814e-05,0.00015771788,0.0026879616
0,3134.0,32.9552,9.65098,30.0,34.0,26.0,20.0,1171.7993,492.53674,0.06589845,0.19985278,615.97406,274.1411,160.46,274.1411,0.18893282,0.03713222,0.068247385
0,0.0,0.0,21.302588,0.0,45.0,20.0,29.0,360.29306,151.24031,0.5238915,0.5933692,0.13628764,0.0,0.0,0.0,0.05763495,0.12931326,0.024844812
0,5874.0,35.830723,9.305675,70.0,36.0,24.0,23.0,381.62292,195.26953,0.23184428,0.030820968,1073.6473,0.0,10.763937,17.031206,0.009386543,0.020759623,0.0017256972
0,5319.0,30.65758,9.853063,70.0,35.0,23.0,32.0,298.04013,86.92863,0.0149798505,0.015941208,831.79974,50.99128,6.793698,35.607697,0.0038228794,0.011333158,0.008405191
0,4884.0,1.2121608,19.577442,60.0,36.0,24.0,23.0,83.09363,3.0023406,0.88400894,0.84383357,0.032298047,0.0,0.0,3.5274446,0.00012272292,0.0001538903,0.00035535806
0,5353.0,31.630037,9.507913,60.0,36.0,24.0,23.0,238.34149,102.51291,0.13887592,0.040280066,626.3753,0.0,0.0,12.774698,0.006222115,0.026076667,0.0016093751
0,4584.0,37.40206,9.249425,60.0,38.0,24.0,24.0,319.27542,88.95741,0.20647345,0.16081552,1104.4396,0.0,3.9383953,13.340285,0.01496941,0.035460968,0.002672802
0,4330.0,18.732998,11.46631,60.0,36.0,25.0,25.0,212.12675,15.603846,0.6436417,0.6374909,64.8164,0.0,0.0,7.270151,0.0014015215,0.0033570004,0.009942123
0,1942.0,4.3408127,11.613605,60.0,36.0,24.0,23.0,68.685486,8.956108,0.83626956,0.9935065,116.2581,0.0,0.0,4.0718155,2.4444074e-05,7.386195e-05,0.00014803266
0,5484.0,28.06385,10.261721,60.0,31.0,27.0,26.0,199.36963,64.05659,0.37746716,0.0835569,229.71056,0.0,0.0,9.728942,0.0027746456,0.005410816,0.0018062071
0,5677.0,34.907925,9.393942,70.0,32.0,32.0,31.0,141.37222,28.001196,0.5290681,0.046850346,739.287,2.5238419,6.911824,5.924375,0.0008473832,0.00072689017,0.012219781
0,5343.0,9.318437,11.180323,60.0,36.0,24.0,23.0,110.14501,12.040504,0.8364225,0.6083695,214.63489,0.2855122,0.0,5.718743,0.00062101864,0.0014048932,0.0004076556
0,5632.0,24.680918,10.23801,60.0,33.0,32.0,32.0,154.2864,32.80362,0.6433276,0.10430252,725.4219,3.9516168,0.0,10.141548,0.0018871363,0.0010063488,0.008158447
0,5967.0,33.161526,9.695897,60.0,36.0,24.0,23.0,149.49326,42.149555,0.33789536,0.028607544,886.4143,0.0,0.0,9.857213,0.00033708193,0.00027139895,0.011628935
0,3314.0,31.50644,9.518667,30.0,32.0,26.0,27.0,521.9074,156.1349,0.048129264,0.24998198,627.4564,101.81046,46.493896,101.81046,0.029500842,0.059009403,0.022759786
0,6255.0,28.865276,9.576783,70.0,36.0,24.0,23.0,164.95193,69.48647,0.4486589,0.11989453,789.94653,2.3383439,0.0,25.528408,0.0,0.0,0.0
0,3591.0,30.21571,9.959657,30.0,36.0,24.0,23.0,572.6973,203.69156,0.07623395,0.25423026,599.56573,0.0,44.273422,33.677032,0.061054055,0.04668561,0.02598815
0,4358.0,33.439365,9.973553,70.0,36.0,24.0,23.0,143.7159,12.097784,0.34146678,0.2210878,1253.2599,0.0,0.0,7.9167004,0.0074768392,0.013300686,0.019737525
0,3452.0,37.507103,9.506444,60.0,44.0,19.0,24.0,201.7954,38.203564,0.75522554,0.8562426,1179.4796,0.0,0.24142961,9.137941,0.0050989375,0.01126126,0.0012613256
0,4168.0,28.621458,17.244616,30.0,48.0,16.0,26.0,191.6566,37.017296,0.30491778,0.41814622,18.564602,13.8544655,0.0,24.048101,0.0014212528,0.00048358308,0.010376914
0,4430.0,26.447512,10.008205,60.0,36.0,24.0,23.0,386.2543,115.05378,0.08904627,0.053409033,592.7773,0.0,21.646622,19.70544,0.014975498,0.040739782,0.024444133
0,5416.0,31.81776,9.6905365,60.0,25.0,38.0,32.0,134.32758,12.846779,0.21141808,0.042693306,705.92993,0.0013933285,0.0,7.2691693,0.0016671626,0.0013417826,0.014426334
0,5374.0,13.857132,10.594163,60.0,36.0,24.0,23.0,100.59211,9.967377,0.6409588,0.6271772,339.6656,8.5881195,0.0,6.447504,0.00020492791,0.0003740849,0.00043159208
0,4727.0,13.7036,10.650716,60.0,36.0,24.0,23.0,124.44425,80.52803,0.57063925,0.8786867,201.30022,0.0,8.55139,11.236302,0.0,0.0,0.0
0,5499.0,25.680958,9.686343,60.0,28.0,40.0,31.0,110.40626,8.407256,0.5641687,0.20367488,178.19821,0.0,0.0,6.961409,0.00010875008,0.00012928687,0.0035645876
0,3790.0,17.19086,10.942684,30.0,41.0,20.0,26.0,484.6142,186.33301,0.14944866,0.18279147,102.88529,69.3427,0.0,81.611305,0.013530959,0.025757784,0.016982622
0,2489.0,33.007805,9.577341,60.0,36.0,24.0,23.0,669.02014,277.13553,0.68234295,0.91817147,752.03516,14.2820635,56.674614,31.7221,0.023418183,0.028021114,0.011117374
0,2726.0,29.894743,12.641668,30.0,36.0,24.0,23.0,231.45787,68.299446,0.5238915,0.5933692,1719.2236,0.0,20.76309,8.664358,0.0021026048,0.004744235,0.013859559
0,4224.0,40.206963,9.406166,60.0,36.0,24.0,23.0,382.417,201.11086,0.81672263,0.6310734,951.64264,2.65423,7.3922453,17.63787,0.0107604815,0.024957381,0.0020524121
0,3850.0,36.979733,10.097092,30.0,44.0,19.0,31.0,424.14377,221.43948,0.09186435,0.0374489,467.09277,306.7933,62.604862,198.16498,0.05214636,0.048764735,0.02377008
0,5266.0,29.269913,9.572033,60.0,40.0,25.0,33.0,241.59749,59.83391,0.028697215,0.0047590276,717.62946,23.524185,0.0,29.991186,0.0019937325,0.00051000126,0.015835922
0,5318.0,8.798322,11.189363,60.0,36.0,24.0,23.0,160.1758,68.34543,0.67144305,0.84864354,69.26192,0.0,0.0,25.610062,0.0,0.0,0.0
0,2611.0,30.32709,10.016545,60.0,37.0,24.0,24.0,196.57986,31.24288,0.83486784,0.9640668,170.28424,0.0,0.12399059,10.163252,0.0009576696,0.0020848683,0.0007175246
0,4351.0,28.2505,10.408586,60.0,38.0,22.0,28.0,229.56758,59.677715,0.16118927,0.09307509,123.07324,0.0,7.215906,27.696693,0.003343613,0.04455769,0.004141916
0,5494.0,22.255587,10.517985,60.0,25.0,35.0,28.0,121.42292,10.449951,0.2378518,0.049131397,267.18362,0.0,0.0,5.7974477,0.00013928083,0.00018002454,0.005121648
0,5502.0,11.368527,10.629078,60.0,36.0,24.0,23.0,113.85939,11.402516,0.54567313,0.5144376,148.88231,0.0,0.0,7.4610047,0.0,0.0,0.0
0,5202.0,6.195885,11.360014,60.0,29.0,30.0,27.0,167.39003,17.342598,0.6077719,0.3914397,90.18644,0.0,4.4190025e-09,5.98945,0.00032068847,0.0005683764,0.0059815254
0,5513.0,12.446514,10.776762,60.0,36.0,24.0,23.0,120.171074,20.71264,0.44129857,0.38013422,93.47596,1.3534014,0.0,9.398798,0.0,0.0,0.0
0,694.0,9.925072,11.155469,10.0,37.0,29.0,14.0,1321.6055,1029.2188,0.95306283,0.9961919,77.09784,479.27783,332.62424,261.42426,0.11194818,0.020140711,0.047295287
0,0.0,0.0,20.582308,0.0,36.0,24.0,23.0,360.29306,151.24031,0.5238915,0.5933692,0.02315612,0.0,0.0,0.0,0.0012029054,0.00111006,0.017405735
0,3329.0,20.841932,9.969591,30.0,36.0,24.0,23.0,252.403,38.39593,0.7615018,0.8369795,232.03453,0.0,0.0,8.261883,0.0015494805,0.00444165,0.00043836815
0,3307.0,35.692165,9.446689,60.0,48.0,16.0,25.0,285.73044,65.74503,0.67926353,0.9052041,712.498,0.0,0.11451119,11.588977,0.011067673,0.027272003,0.0024933545
0,5156.0,36.854683,9.57054,60.0,34.0,20.0,28.0,364.8027,188.78511,0.2206871,0.0341408,1119.2576,6.1800776,24.014326,31.343018,0.0010367966,0.019281149,0.009879251
0,4296.0,21.914082,10.15932,100.0,36.0,24.0,23.0,658.5755,256.77844,0.056172054,0.051331785,679.4833,0.0,66.58732,137.50136,0.0919779,0.13308783,0.039420128
0,5258.0,24.97609,10.017162,60.0,37.0,23.0,28.0,369.7125,214.4482,0.10700648,0.011368599,470.7669,2.2606528,39.585655,36.345047,0.0064883893,0.016350374,0.0074131805
0,5083.0,5.7339025,11.240305,60.0,29.0,35.0,26.0,138.74614,12.875296,0.43406063,0.31983313,120.55318,0.0,0.0,7.879542,0.00041462368,0.00047852666,0.007935849
0,5897.0,30.462263,9.509871,70.0,36.0,27.0,34.0,135.20328,23.105167,0.6895412,0.12714213,866.92,16.43006,6.1184998,16.313894,0.0011463468,0.0008947307,0.017952831
0,5733.0,25.953926,10.362422,60.0,36.0,24.0,23.0,132.83899,6.977095,0.58915985,0.105948776,359.5007,2.2740595,0.0,7.7789106,0.00024424645,0.00022831964,0.0065193037
0,5307.0,26.54696,10.00637,60.0,36.0,24.0,23.0,138.05904,9.656674,0.17067985,0.09906111,284.66928,6.209274,0.0,6.209274,0.00080246537,0.00039785478,0.009852092
0,5097.0,12.379427,10.4963875,60.0,36.0,24.0,23.0,174.29694,35.73564,0.5316365,0.646237,493.40323,0.6518605,0.0,13.049256,0.0008908332,0.0006700493,0.007705938
0,5221.0,40.84058,9.416514,60.0,41.0,22.0,32.0,759.6713,396.21692,0.22719426,0.062201634,815.5479,478.2598,97.14892,187.44823,0.019029537,0.069169484,0.029230053
0,1510.0,35.424385,9.851835,30.0,34.0,22.0,14.0,1129.125,471.83145,0.5681171,0.9531578,636.7312,344.33334,131.046,207.8184,0.11525365,0.026381318,0.045187335
0,4130.0,22.821306,10.513412,100.0,36.0,24.0,23.0,664.4081,252.4859,0.020587517,0.027140968,450.09485,0.0,74.395035,31.854095,0.018949693,0.02133877,0.01147897
0,2015.0,9.304277,10.802652,60.0,37.0,21.0,22.0,111.15271,14.266363,0.7984107,0.9952252,158.52814,0.0,0.0,6.021659,2.93175e-05,8.466653e-05,5.1987245e-05
0,5121.0,22.89525,10.589105,30.0,46.0,20.0,29.0,194.14874,53.32013,0.42445,0.22177894,512.85614,15.291051,0.0,18.132936,0.0008730104,0.0003360464,0.007243618
0,5444.0,15.677209,10.248559,60.0,36.0,24.0,23.0,104.95906,9.761347,0.67725754,0.57319635,101.47682,0.3362654,0.0,5.078668,0.0,0.0,0.0
0,5686.0,15.621671,10.824096,60.0,36.0,24.0,23.0,158.0446,82.63994,0.23961583,0.015586519,127.55515,10.517281,11.608514,14.000456,0.010779221,0.051762417,0.0028493337
0,5523.0,27.18613,9.686031,70.0,29.0,27.0,25.0,329.36914,159.5361,0.13028595,0.011500383,518.57074,0.0,3.5949466,14.876907,0.0011904791,0.04803511,0.0110624945
0,5794.0,41.148926,9.336544,70.0,36.0,24.0,23.0,149.74275,15.996871,0.2683149,0.14189439,1136.196,0.0,4.8142104,6.237628,0.0046607926,0.01086107,0.012729884
0,2376.0,28.878344,9.897244,60.0,37.0,21.0,24.0,176.059,27.000135,0.8345994,0.99246925,151.32971,0.0,0.0,8.476658,0.0005715644,0.0012126131,0.0002623337
0,4249.0,4.011062,19.401997,80.0,36.0,24.0,23.0,112.937546,11.829728,0.4795308,0.7408453,0.9940426,0.67180663,0.0,7.004817,0.0,0.0,0.0
0,3193.0,20.600094,10.924809,60.0,44.0,20.0,23.0,206.44159,71.86577,0.9034294,0.90566033,137.63022,40.55741,7.036229,23.764027,0.008157736,0.009753319,0.024963448
0,3427.0,31.520329,9.484675,30.0,39.0,24.0,22.0,218.47795,36.507767,0.77261525,0.83719015,743.4594,0.0,0.0,11.99066,0.0058751265,0.014553499,0.0014762013
0,3081.0,2.1512427,12.496192,60.0,43.0,20.0,24.0,166.01553,44.624916,0.833538,0.83967495,11.994141,20.935886,0.0,9.097473,0.0078070587,0.0085213,0.014935017
0,5121.0,24.837006,9.767029,30.0,36.0,24.0,23.0,196.53531,88.06762,0.7918775,0.9084135,408.83316,0.0,10.055639,16.233986,0.0,0.0,0.0
0,5705.0,24.101091,10.693714,70.0,36.0,24.0,23.0,225.7658,48.751293,0.34349978,0.22195151,1585.0776,0.0,26.522024,8.593278,0.0006016954,0.011001229,0.0040632538
0,3842.0,32.668682,9.692319,100.0,41.0,20.0,27.0,563.7824,326.79984,0.059835907,0.022927484,412.5253,290.96658,105.8447,193.97772,0.06224562,0.06412302,0.029936353
0,4496.0,27.980192,9.644893,60.0,36.0,24.0,23.0,520.0084,225.36589,0.053523317,0.042728677,619.5986,0.0,26.181713,16.263323,0.007700098,0.032190885,0.02541132
0,1383.0,20.21706,10.610129,30.0,38.0,28.0,15.0,1312.8793,838.45386,0.8954804,0.9865233,210.44823,165.94995,326.8495,165.94995,0.18027595,0.04292119,0.06561436
0,5181.0,5.5920415,11.84147,60.0,28.0,33.0,27.0,95.28779,5.1882524,0.6083952,0.5606115,40.408356,0.0,0.0,5.04484,0.00015764702,0.00031047032,0.00055247155
0,5729.0,34.28383,9.593781,60.0,33.0,29.0,33.0,169.90343,57.406,0.4746618,0.14592257,1444.375,43.632744,2.2591674,43.632744,0.0030918547,0.0017635596,0.012707449
0,1384.0,18.53713,10.573927,30.0,33.0,28.0,16.0,1327.8943,841.7537,0.9288056,0.978577,100.82058,345.29297,250.76938,248.0811,0.24885556,0.022222962,0.091676645
0,5568.0,29.384293,9.565271,60.0,27.0,37.0,30.0,109.684525,10.502876,0.13466693,0.08239391,556.71,0.0,0.0,5.4236293,0.00022094914,0.00047487312,0.0006561051
0,5089.0,17.270016,10.675062,60.0,36.0,24.0,23.0,212.45984,51.370514,0.1457492,0.07620155,206.93723,3.121516,0.0,15.73848,0.0007156011,0.0006341929,0.010666296
0,3946.0,32.661476,9.295897,100.0,40.0,17.0,26.0,586.25714,272.6714,0.10763064,0.113139495,890.1982,465.41748,89.70174,247.20525,0.07410403,0.049495846,0.023215704
0,3643.0,31.11413,9.522292,30.0,31.0,19.0,24.0,410.88742,125.85878,0.06810417,0.14817059,647.04706,119.41516,28.5946,82.99298,0.12824146,0.057269383,0.037336186
0,5236.0,1.976289,18.750675,60.0,36.0,24.0,23.0,103.4708,6.873728,0.8543533,0.7507924,0.09656004,0.0,0.0,4.4843884,0.0,0.0,0.0
0,5550.0,30.411493,9.74615,60.0,28.0,38.0,33.0,128.52359,9.122473,0.26454353,0.056861635,322.03326,0.0,0.0,5.412123,0.00015247877,0.0001712289,0.0052901087
0,5663.0,13.065015,11.374497,70.0,39.0,21.0,29.0,223.09982,81.703545,0.4738268,0.09363903,281.70157,18.069494,12.226232,11.518432,0.0,0.0,0.0
0,3403.0,31.794785,9.419727,30.0,36.0,23.0,24.0,185.9136,40.303062,0.5951578,0.85681975,512.22375,0.0,1.6869961,15.463861,0.0046078423,0.0086040525,0.0010432571
0,4374.0,33.766163,9.441148,60.0,42.0,22.0,23.0,289.90393,56.601818,0.3757279,0.25020254,951.04315,0.0,0.0,13.253481,0.0051905736,0.01291534,0.0017584906
0,4213.0,37.15701,9.496819,60.0,35.0,26.0,22.0,380.3919,223.99672,0.56791246,0.37058896,568.4692,10.002457,57.6909,14.587801,0.009375717,0.02228596,0.00412443
0,5650.0,8.818608,11.34586,60.0,36.0,24.0,23.0,221.79842,136.08327,0.3299597,0.13844123,270.30576,12.688236,29.97348,14.899977,0.0021282192,0.009179165,0.0006170151
0,4406.0,24.24004,11.075397,30.0,39.0,20.0,32.0,304.9144,66.7658,0.103295155,0.079554945,837.06146,2.5820277,6.701113,42.354183,0.012138489,0.021396777,0.014570885
0,5237.0,3.92077,12.114652,60.0,32.0,33.0,25.0,117.1331,1.9687172,0.55067503,0.37909898,17.887682,0.0,0.0,7.5557256,0.00012410134,0.00014553346,0.0075788675
0,4147.0,12.983725,10.8441515,100.0,36.0,24.0,23.0,603.5488,211.58731,0.03144297,0.028015306,283.90634,0.0,46.582436,110.772354,0.097787775,0.16908099,0.048576806
0,5206.0,32.86423,9.619407,70.0,36.0,24.0,23.0,117.75223,16.786976,0.17649321,0.11723783,1348.3611,0.0,12.991072,5.479911,0.0018512468,0.0026478732,0.01172595
0,4719.0,27.9633,9.927568,60.0,40.0,22.0,29.0,147.41537,12.5307665,0.07344191,0.07589581,699.107,13.243842,0.0,17.166275,0.0024542734,0.00047075722,0.011536614
0,3651.0,32.532516,9.472939,30.0,36.0,24.0,23.0,256.11652,50.87946,0.6380145,0.7390296,659.3313,0.0,5.9725075,9.0781555,0.00022544857,0.0007356704,0.0005627224
0,2547.0,31.895838,10.013464,60.0,40.0,20.0,25.0,117.19561,23.897245,0.84400654,0.9759881,315.72794,0.0,0.0,8.351892,7.2090974e-05,0.00020646612,0.00021146625
0,3747.0,18.361094,10.29107,100.0,35.0,15.0,23.0,546.0481,190.71802,0.11529691,0.15782146,608.10565,212.53368,64.694984,204.3123,0.11686823,0.055908527,0.03497277
0,4599.0,33.71854,10.126949,100.0,36.0,24.0,23.0,1088.8447,547.8412,0.16831127,0.086521655,890.7854,17.338764,174.48584,267.01962,0.07084083,0.054160334,0.0257988
0,3569.0,4.8401365,11.77744,100.0,37.0,18.0,23.0,396.35236,95.54293,0.03592399,0.08577456,13.226067,61.728447,4.802225,44.29039,0.01398705,0.063727155,0.019441701
0,5490.0,29.602339,9.621937,60.0,24.0,35.0,24.0,94.63109,5.251884,0.39723304,0.2664642,311.58813,0.0,0.0,5.000806,0.00016844216,0.00033026875,0.0005242142
0,4896.0,5.5785947,18.680637,60.0,36.0,24.0,23.0,164.8518,57.829155,0.90030265,0.8187787,2.4074287,2.7899647,9.268887,10.885541,0.00012500337,0.00014673689,0.00021270121
0,5208.0,33.396458,9.621895,60.0,36.0,24.0,23.0,153.16258,70.13567,0.5979884,0.70622224,848.0915,0.0,10.598312,10.133522,0.0,0.0,0.0
0,5516.0,14.374426,11.091539,60.0,36.0,24.0,23.0,105.63358,35.039883,0.3842511,0.08823937,51.924824,4.2750263,3.874949,6.985188,0.0017306345,0.005915039,0.001065789
0,4767.0,26.295187,10.700371,70.0,41.0,18.0,28.0,507.56778,255.82057,0.039404698,0.025974026,293.8252,193.1851,75.07824,134.01299,0.0017068196,0.01032823,0.0056637563
0,4056.0,32.846188,10.055383,30.0,44.0,20.0,30.0,673.46796,257.35062,0.07165011,0.065777846,580.4587,134.67809,79.62756,134.67809,0.025967512,0.17077453,0.033452623
0,70.0,7.730562,26.318922,0.0,36.0,24.0,23.0,360.29306,151.24031,0.5238915,0.5933692,18.503395,0.0,0.0,0.0,0.0,0.0,0.0
0,5944.0,25.652157,10.001041,60.0,36.0,24.0,23.0,185.12389,77.44649,0.3266996,0.20005101,616.3245,8.406302,11.913332,10.722591,0.0020945868,0.008028906,0.0006518348
0,4911.0,6.6095843,12.195023,60.0,36.0,24.0,23.0,119.616615,6.4592204,0.24465595,0.40753737,28.842173,0.6814685,0.0,8.576183,0.0,0.0,0.0
0,4821.0,29.458765,10.061327,60.0,36.0,24.0,23.0,115.60549,24.649904,0.47505578,0.76967907,386.60144,0.0,0.0,12.857347,0.0,0.0,0.0
0,5149.0,12.798994,10.894305,60.0,36.0,24.0,23.0,98.047295,8.046484,0.8477106,0.7491191,131.95705,0.26878318,0.0,4.355065,0.00017543692,0.00025552264,0.00020374653
0,5650.0,6.634545,11.05812,60.0,27.0,39.0,28.0,132.54158,13.483274,0.393346,0.05858986,130.23946,0.0,0.0,7.531263,9.422683e-05,0.0001452938,0.0053342558
0,5349.0,11.926481,11.427904,60.0,30.0,34.0,28.0,113.98033,5.7071,0.5696479,0.38243532,45.35171,0.0,0.0,10.1215,0.0001722048,0.00019422805,0.003564911
0,2174.0,23.966553,10.26846,10.0,36.0,24.0,23.0,1137.7191,572.30804,0.18219173,0.8197819,486.35614,147.27873,214.41853,147.27873,0.15627548,0.03922679,0.056406245
0,2896.0,35.61135,9.54888,10.0,37.0,24.0,21.0,821.66437,532.6548,0.14207718,0.6189289,1209.3209,415.5279,184.63522,217.12819,0.083441526,0.05746949,0.040001605
0,5189.0,13.063941,10.605982,60.0,36.0,24.0,23.0,170.97603,94.57994,0.6012591,0.2703775,56.855534,10.288025,17.61191,14.135235,0.009570019,0.04750619,0.004393722
0,5113.0,24.620543,9.973791,60.0,36.0,24.0,23.0,115.56223,8.098334,0.44830313,0.6694788,249.26395,0.11815478,0.0,9.575853,0.0,0.0,0.0
0,1675.0,12.254928,10.695795,30.0,36.0,24.0,23.0,1290.5131,730.99347,0.8587215,0.96969956,59.49872,225.23193,273.00348,225.23193,0.17527516,0.039261375,0.07041941
0,0.0,0.0,23.886328,0.0,36.0,24.0,23.0,360.29306,151.24031,0.5238915,0.5933692,0.112473875,0.0,0.0,0.0,0.0,0.0,0.0
0,4046.0,28.419155,9.607084,30.0,37.0,22.0,31.0,222.23213,39.78705,0.50673985,0.5506516,1566.2943,63.871655,1.9465919,36.95118,0.025508009,0.02851728,0.023060352
0,1513.0,32.1253,9.541557,60.0,36.0,24.0,23.0,343.73676,85.374245,0.6900217,0.9674687,349.61478,0.98656136,19.841381,27.70898,0.013647943,0.0169338,0.0059566717
0,4019.0,29.608019,9.88357,30.0,34.0,27.0,23.0,288.1265,87.4333,0.41116628,0.5106296,247.30362,2.4799461,5.9971967,10.896152,0.012306636,0.041062456,0.00419701
0,4777.0,21.336124,11.04127,60.0,36.0,24.0,23.0,187.1204,78.29491,0.8498808,0.9240253,388.50122,8.284665,15.191504,16.383207,0.0,0.0,0.0
0,288.0,3.1470227,12.580079,40.0,35.0,19.0,7.0,1056.599,790.543,0.98002553,0.99509776,5.011626,326.65945,233.22597,267.2936,0.16224091,0.034469385,0.09996274
0,282.0,1.6254729,12.689724,40.0,36.0,20.0,8.0,1114.4745,857.3097,0.9762347,0.9923643,13.525401,499.2921,262.1706,276.33585,0.18945497,0.028699463,0.09128793
0,5100.0,10.167582,11.434202,70.0,42.0,19.0,28.0,285.03848,82.34302,0.3210092,0.12654993,379.35446,29.868843,11.31662,11.708467,0.0,0.0,0.0
0,5160.0,32.156292,9.820675,60.0,36.0,24.0,23.0,163.96062,77.94577,0.28580448,0.37076455,829.06,0.0,10.932634,11.929647,0.0,0.0,0.0
0,4698.0,32.346672,9.94869,60.0,44.0,20.0,30.0,279.18906,78.234764,0.122005366,0.03302749,425.41556,17.94909,14.021458,42.992138,0.0044989064,0.0018588073,0.010459967
0,3945.0,42.440125,9.535471,60.0,35.0,25.0,25.0,305.7774,171.69206,0.7802141,0.86463016,450.9758,0.0,26.32506,44.533512,0.004999843,0.011324488,0.008126655
0,5063.0,25.32159,10.331983,60.0,36.0,24.0,23.0,179.54736,27.280859,0.4005709,0.3536197,498.47015,0.0,0.0,13.123027,0.0006059607,0.0005392703,0.005230847
0,4477.0,11.592782,11.233856,60.0,36.0,24.0,23.0,184.73262,103.17925,0.9177729,0.97813946,239.96333,0.0,12.9045315,11.802236,0.0,0.0,0.0
0,4571.0,37.659046,9.697774,60.0,39.0,21.0,28.0,199.04428,9.415479,0.07413331,0.081603855,703.6552,0.0,0.051455505,27.433065,0.0034017202,0.0016215312,0.013302591
0,6786.0,42.49959,9.194426,70.0,41.0,18.0,37.0,222.71892,58.947693,0.37192413,0.23816296,1311.4049,1.6587511,0.0,14.87738,0.0,0.0010322717,0.00011693766
0,5302.0,5.695061,11.197407,70.0,36.0,24.0,23.0,167.02261,93.91379,0.11304073,0.011711545,88.12582,9.677482,18.925817,13.82242,0.010291097,0.03944453,0.0038309144
0,3881.0,31.26185,9.659861,100.0,37.0,15.0,29.0,506.4056,161.503,0.12047682,0.1466522,782.0938,156.73505,49.852844,123.53905,0.09365412,0.036794662,0.02888388
0,5196.0,18.241411,10.321978,60.0,36.0,24.0,23.0,106.939,10.1262865,0.8387227,0.70824593,203.01146,1.8683254,0.0,4.931273,0.0002696785,0.00050841516,0.00024305118
0,5614.0,22.843828,10.154684,60.0,23.0,42.0,29.0,127.52143,11.145346,0.512574,0.17687896,162.69234,0.0,0.0,5.711489,9.2969305e-05,0.00015394851,0.0027288278
0,4187.0,26.14589,9.9188595,60.0,41.0,18.0,34.0,445.91388,43.308838,0.023616323,0.017504256,335.9059,80.59135,0.0,43.130836,0.019723378,0.03440424,0.019548243
0,5315.0,21.256983,9.986299,60.0,25.0,34.0,30.0,157.39565,24.72877,0.14122283,0.027805531,320.76776,0.0,0.0,8.8956995,0.0011816288,0.003545844,0.001118249
0,1805.0,33.078312,9.978658,10.0,36.0,24.0,23.0,975.89545,527.4724,0.15638699,0.8587126,152.6839,121.59134,169.61023,184.3488,0.07364728,0.029318279,0.03553676
0,5318.0,38.306587,9.495838,60.0,30.0,31.0,28.0,133.99168,11.216431,0.15836723,0.06631389,1309.9058,10.002007,0.0,10.002007,0.0025928759,0.0013239508,0.010904733
0,4773.0,32.970074,9.5545635,60.0,46.0,20.0,28.0,190.35902,35.45457,0.11253293,0.070789754,550.15735,13.490182,0.0,23.60523,0.0014152189,0.0004953274,0.01070206
0,5416.0,34.018063,9.399071,60.0,39.0,25.0,31.0,218.59703,68.13911,0.3344357,0.041473087,710.9087,23.727276,27.008642,13.620027,0.000984642,0.0016812467,0.017289052
0,4236.0,16.646128,10.639333,100.0,36.0,24.0,23.0,313.09674,147.91586,0.09751977,0.17715843,84.70288,0.0,34.956944,15.759341,0.0022218442,0.006231853,0.007833275
0,4177.0,43.625446,9.422045,60.0,38.0,21.0,23.0,215.30357,22.139198,0.52205545,0.49080542,665.5047,0.0,0.35876954,8.072441,0.0074538602,0.13137469,0.014128133
0,6134.0,15.387352,10.349416,70.0,36.0,24.0,23.0,147.38408,57.561268,0.42645922,0.039292354,590.82306,0.6735752,0.0,15.8465185,0.0,0.0,0.0
0,2426.0,15.557177,10.785397,60.0,36.0,24.0,23.0,123.72161,29.984198,0.8065195,0.9658135,111.73447,0.0,13.265367,7.872671,0.027163217,0.05361203,0.023022415
0,2443.0,32.07098,10.206149,10.0,36.0,24.0,23.0,644.3763,254.31548,0.08491059,0.40070662,479.51346,119.594574,57.262596,156.91296,0.11490481,0.067907564,0.04712793
0,2593.0,28.30488,10.224288,10.0,37.0,20.0,16.0,1156.0823,443.53296,0.13699882,0.5778223,161.92267,201.32405,134.9595,201.32405,0.24677692,0.10345382,0.06902217
0,4636.0,33.451157,9.57373,60.0,36.0,24.0,23.0,132.32448,10.232399,0.8058512,0.9013643,358.0296,5.1552196,0.0,12.36647,0.0015707036,0.0008071446,0.0100192195
0,5807.0,16.72796,10.8601265,70.0,42.0,22.0,36.0,257.88647,127.272606,0.5903391,0.10375436,635.453,33.95907,21.193405,45.70748,0.01052605,0.0048825704,0.0048458367
0,3485.0,38.143658,9.888452,60.0,41.0,20.0,25.0,278.3326,58.453182,0.7760497,0.7590057,206.59447,0.0,0.0,14.56135,0.005273013,0.015376623,0.0010260651
0,4302.0,11.31532,15.5994215,60.0,36.0,24.0,23.0,109.375145,0.33749604,0.59972435,0.7919066,32.70449,0.0,0.0,6.7912526,0.0,0.0,0.0
0,5183.0,21.268465,10.9255295,70.0,42.0,21.0,30.0,782.3466,490.64084,0.06512617,0.022993337,746.06726,394.8205,144.76306,244.78201,0.013834021,0.041448418,0.016990539
0,4480.0,36.178368,9.772046,60.0,35.0,26.0,23.0,296.1846,110.307465,0.37316138,0.17530113,206.45326,0.0,15.149887,15.149887,0.010708906,0.032705076,0.0061555277
0,5501.0,7.6308208,11.22344,60.0,36.0,24.0,23.0,144.27286,23.08564,0.60067177,0.5546961,179.18283,1.8188933,0.0,9.44978,0.00022497243,0.00040907227,0.0004820212
0,3964.0,32.03501,9.877694,100.0,44.0,18.0,30.0,596.61273,351.71262,0.05407897,0.080413334,1168.904,319.72913,114.72927,163.49678,0.07473544,0.053330842,0.037292644
0,4720.0,7.6203637,11.161888,60.0,34.0,24.0,27.0,127.24209,12.261861,0.8540738,0.7379755,76.57434,0.0,0.0,6.2185407,0.0004244886,0.00057999365,0.00077203347
0,4630.0,3.0900085,12.16502,60.0,36.0,24.0,23.0,200.29752,84.76596,0.6633543,0.9338787,25.506844,2.8248188,9.830923,16.74234,0.0,0.0,0.0
0,2775.0,31.65064,9.802492,10.0,28.0,25.0,18.0,586.2183,207.25146,0.06566498,0.23094541,275.16946,120.76628,43.037502,150.75659,0.07756852,0.03821708,0.025086492
0,1632.0,3.8298626,11.8927145,60.0,37.0,22.0,19.0,54.69217,14.871718,0.8833442,0.99987966,75.93355,0.0,0.0,6.467718,1.3933571e-05,4.125556e-05,8.6788226e-05
0,4567.0,34.039227,9.480541,60.0,36.0,24.0,23.0,240.92206,95.147514,0.1849668,0.15537068,1713.478,0.0,28.061464,10.621902,0.0040122513,0.0125353215,0.018778946
0,1555.0,1.926749,12.432019,60.0,36.0,24.0,23.0,44.53512,7.66345,0.93886226,1.0,117.803665,0.0,0.0,5.5234985,8.922582e-06,3.7123722e-05,0.00012333672
0,4388.0,4.9684634,12.2910595,60.0,36.0,24.0,23.0,113.22195,1.3649712,0.7335981,0.9100894,26.492334,0.0,0.0,5.8200374,0.0,0.0,0.0
0,3946.0,21.853792,9.905439,30.0,36.0,24.0,23.0,269.56757,71.69252,0.43912038,0.5029103,532.1993,0.0,3.0209455,12.245098,0.0059280293,0.0155582335,0.0012093238
0,5121.0,13.703526,10.774841,60.0,27.0,32.0,26.0,95.83284,3.0611005,0.7147514,0.6387716,82.23675,0.0,0.0,4.8169203,0.00014386559,0.00021727086,0.0005091282
0,1396.0,28.163326,10.095988,10.0,33.0,26.0,15.0,989.07245,555.92126,0.6162753,0.9456766,301.28815,375.14,191.41565,253.22026,0.101543374,0.029412348,0.036191355
0,5411.0,33.030884,10.110747,70.0,36.0,24.0,23.0,285.73312,79.0275,0.4301544,0.15739727,424.3053,13.285338,9.137681,29.108025,0.0,0.027930377,0.0027542834
0,3270.0,31.706156,10.035547,10.0,36.0,24.0,23.0,984.16113,413.2094,0.073151685,0.1779177,468.15134,78.062416,156.78645,78.062416,0.15476547,0.045687746,0.05511817
0,2113.0,34.83313,10.022967,10.0,37.0,22.0,15.0,1880.9147,858.33875,0.354424,0.78501886,162.13553,408.7019,190.0399,396.98645,0.39953887,0.21105355,0.14326374
0,5229.0,41.33387,9.344174,60.0,40.0,19.0,28.0,311.98596,101.25012,0.06433289,0.016915994,615.82666,59.51705,50.57484,57.176666,0.0040007574,0.006111057,0.019264152
0,4044.0,37.762497,9.547116,60.0,45.0,19.0,30.0,211.84427,28.918509,0.092207134,0.2594583,482.42947,18.639448,0.0,30.648582,0.005264719,0.00092552614,0.013549627
0,3279.0,22.251476,10.338539,30.0,35.0,21.0,20.0,1503.6913,593.1635,0.036934566,0.15832235,356.57642,277.6629,171.43817,201.01488,0.43171594,0.21660621,0.14553396
0,4565.0,36.159798,9.837446,60.0,35.0,27.0,25.0,349.96436,119.81517,0.12046048,0.07699369,565.4461,0.0,11.689577,15.071317,0.011509354,0.030537639,0.0020118223
0,4863.0,22.119238,10.23921,60.0,38.0,21.0,28.0,400.8181,148.75436,0.07139876,0.024385568,305.31247,24.699894,33.072292,58.341858,0.005185499,0.010469844,0.020489633
0,4200.0,38.544624,9.444334,60.0,36.0,24.0,23.0,271.06317,64.46768,0.09926545,0.26150343,804.35516,4.6885867,25.098967,10.879732,0.004211773,0.03625122,0.013866783
0,5460.0,33.071484,10.104333,70.0,32.0,31.0,29.0,397.03387,215.44476,0.09927435,0.08093404,879.9383,0.0,33.989353,19.126444,0.0029671462,0.01598744,0.0030113072
0,3093.0,28.118166,9.591278,10.0,41.0,25.0,20.0,1278.2902,646.01917,0.07940324,0.28300238,419.4941,408.77332,241.64423,226.64452,0.12274293,0.08038923,0.05387591
0,2156.0,33.77063,9.921727,30.0,36.0,24.0,23.0,493.94205,193.49994,0.5448862,0.9081464,230.6722,5.756583,24.68883,14.277899,0.0034224554,0.00429799,0.0015898366
0,2729.0,30.609133,10.189059,60.0,38.0,23.0,23.0,186.50073,28.30816,0.8674428,0.9687117,332.75714,0.0,0.0,9.623559,0.00044580255,0.0011593259,0.0005326922
0,5635.0,15.856375,10.702231,60.0,36.0,24.0,23.0,176.6495,70.975845,0.28618854,0.07902976,73.09705,7.5484533,3.6172373,9.503689,0.004659954,0.023187492,0.0012781832
0,4961.0,0.0,19.273163,80.0,36.0,24.0,23.0,142.38788,39.75192,0.34428668,0.28700587,0.015725328,4.4353404,0.7561996,13.504814,0.0,0.0,0.0
0,2050.0,28.626373,9.865451,10.0,33.0,23.0,14.0,587.13385,352.1527,0.7750543,0.95598936,917.832,351.9478,116.69495,208.23851,0.053526368,0.026603742,0.04227739
0,5004.0,0.0,19.269333,80.0,36.0,24.0,23.0,106.31088,14.562034,0.7538065,0.7829296,0.017554233,2.5618265,0.0,5.4790154,0.0,0.0,0.0
0,5194.0,36.808495,9.779555,60.0,36.0,24.0,25.0,210.83463,22.30533,0.7740097,0.3828303,413.74335,0.0,0.0,11.498859,0.0005481193,0.00542257,0.01741473
0,5468.0,31.49794,9.626626,60.0,37.0,26.0,33.0,365.6483,163.16518,0.14319089,0.00968222,1005.729,50.68875,21.57614,57.266155,0.0012744006,0.004148353,0.015248381
0,6105.0,46.483425,9.360257,70.0,36.0,24.0,23.0,644.06335,435.89862,0.55981386,0.21548486,2401.9634,26.185886,151.28896,39.712975,0.019824646,0.06532933,0.016979188
0,3414.0,36.27771,10.108747,60.0,36.0,24.0,29.0,227.20337,43.055264,0.32266203,0.5308886,189.4863,12.194933,0.0,13.863249,0.02389249,0.0334077,0.01824419
0,1699.0,3.3175254,12.097166,60.0,36.0,24.0,23.0,72.526726,11.427728,0.8740229,0.9952623,35.914486,0.0,0.0,6.0452704,1.6628997e-05,4.7490197e-05,0.0001295828
0,5100.0,5.5859175,11.616535,60.0,36.0,24.0,23.0,138.60329,52.140648,0.41726825,0.56973183,239.96333,0.0,0.0,10.619146,0.0,0.0,0.0
0,2477.0,21.645346,10.578821,80.0,36.0,24.0,23.0,331.39566,100.20477,0.54474807,0.8753102,141.95831,0.39275292,27.356936,15.636069,0.013703573,0.055346034,0.016190736
0,4381.0,30.218204,10.190645,30.0,40.0,18.0,30.0,276.00446,43.269516,0.034016814,0.063021496,577.6491,34.284187,0.0,37.33474,0.018819466,0.012779668,0.017840192
0,5850.0,25.056873,9.919397,70.0,36.0,24.0,23.0,155.09239,64.82815,0.31842437,0.033498798,470.31876,6.9466147,3.2084808,9.680768,0.0070009395,0.038144324,0.0022364338
0,5645.0,29.164186,9.886673,60.0,28.0,28.0,25.0,115.821495,13.963177,0.29563847,0.08572014,679.9325,0.0,3.0991848e-10,7.6442814,0.0006439867,0.0009998813,0.000531007
0,4851.0,1.4674469,19.87879,60.0,36.0,24.0,23.0,96.43886,3.2299426,0.9009744,0.8688478,0.018421888,0.0,0.0,3.3330219,0.00012936794,0.00016060882,0.00035276523
0,5377.0,25.27264,10.3131895,60.0,39.0,22.0,31.0,170.90553,34.046417,0.1445035,0.0313112,262.77435,0.0,0.0,7.445255,0.0031022667,0.008871306,0.010551726
0,1827.0,18.066727,10.761604,10.0,25.0,28.0,14.0,616.73724,237.73315,0.30603105,0.9005894,241.20242,103.40344,68.549446,60.4543,0.07045669,0.03017339,0.023419421
0,2957.0,36.244274,9.618165,10.0,38.0,19.0,21.0,561.0276,248.54669,0.11777756,0.28061825,962.56744,299.10822,95.668945,163.60204,0.07297669,0.049602885,0.02921579
0,5061.0,30.436222,10.326886,70.0,42.0,17.0,30.0,404.89795,192.21225,0.4411957,0.2088845,608.67926,58.22041,91.20761,51.321747,0.005170134,0.033975635,0.009551708
0,4878.0,31.462784,9.871804,60.0,40.0,19.0,30.0,643.2988,398.48645,0.058563877,0.010168025,1050.1675,333.59802,188.65561,214.00423,0.015563776,0.061418064,0.03243007
0,5181.0,28.253374,9.647248,60.0,40.0,19.0,32.0,633.6005,384.3304,0.050894134,0.011038386,1317.3522,177.0581,298.32635,171.81857,0.015175174,0.058311284,0.023801448
0,2922.0,25.096075,10.540509,10.0,40.0,18.0,24.0,466.35437,249.32742,0.12143344,0.35878158,117.12722,370.02234,86.48682,187.26897,0.024919605,0.091302894,0.016162302
0,3684.0,34.6633,10.201896,60.0,43.0,19.0,30.0,573.15015,330.38376,0.08492744,0.12186194,259.6764,174.47974,119.20788,116.75519,0.03752181,0.0687658,0.020930137
0,5519.0,36.53939,9.465183,70.0,39.0,22.0,30.0,302.11478,119.76996,0.21808083,0.027730191,843.45795,4.174779,28.360771,34.923626,7.476488e-05,0.002326608,0.00040471018
0,3009.0,23.469885,11.50337,80.0,45.0,22.0,25.0,232.44844,81.213806,0.438798,0.8269601,72.859955,45.9722,0.0,17.144243,0.003746468,0.006352156,0.017286338
0,4359.0,30.519466,10.2099085,60.0,35.0,24.0,22.0,413.62198,262.4894,0.24811819,0.24984981,236.37424,12.834418,61.572987,37.56782,0.004741001,0.016429614,0.004251505
0,4925.0,48.25221,9.467937,70.0,36.0,24.0,23.0,284.0571,106.97453,0.21553764,0.07202856,1536.2831,1.6693504,42.44486,13.004376,0.0014202825,0.018108249,0.009012278
0,3165.0,6.740665,12.344811,60.0,39.0,22.0,23.0,249.77197,122.51162,0.85100055,0.835572,8.526785,53.448326,5.6730027,50.344444,0.005126226,0.0065735336,0.019257778
0,5105.0,2.5240006,20.056345,60.0,36.0,24.0,23.0,108.4653,13.7200985,0.7230734,0.7148426,0.045840323,1.8640661,0.0,5.6009283,0.0,0.0,0.0
0,4606.0,21.532593,9.949727,60.0,36.0,24.0,23.0,176.27734,52.145153,0.5510175,0.8564055,302.4816,16.950062,6.1264753,16.950062,0.00013258093,0.0001512046,0.009510602
0,2894.0,23.92005,10.985112,60.0,40.0,21.0,25.0,211.39227,28.599953,0.84239376,0.96584576,165.46307,0.0,0.0,11.523116,0.0022583858,0.0050179716,0.0015245563
0,5412.0,34.817238,9.658512,60.0,33.0,29.0,31.0,148.2228,33.31942,0.3813673,0.10935608,1048.3157,28.693905,4.498936,28.693905,0.0020873477,0.001370462,0.014672683
0,2440.0,22.509802,10.300271,10.0,36.0,24.0,23.0,627.6104,253.42401,0.08716332,0.5407531,186.8061,100.08109,69.62086,113.15058,0.10616401,0.051115558,0.04248891
0,5649.0,28.705894,9.766465,60.0,36.0,24.0,23.0,120.71235,1.608348,0.20929807,0.07476359,1251.7129,0.0,0.0,9.289811,0.000670244,0.00032013952,0.005583309
0,5901.0,43.72912,9.48175,70.0,40.0,15.0,27.0,294.00015,95.8303,0.4672453,0.25763786,1419.7584,67.77763,23.420845,36.024418,0.0,0.0,0.0
0,4580.0,31.723764,9.80781,70.0,36.0,24.0,23.0,312.1616,161.70895,0.09110263,0.044259984,604.34766,8.683424,78.16628,21.265903,0.0006300681,0.0010407671,0.0069284122
0,4445.0,26.18866,9.922259,70.0,36.0,24.0,23.0,584.7439,239.23763,0.059105154,0.038870953,375.51685,0.0,18.845318,18.480444,0.0074855955,0.03101437,0.024972832
0,3646.0,14.276957,11.104896,60.0,48.0,19.0,22.0,111.565155,42.54422,0.5710649,0.90738946,115.17986,9.4817295,8.119352,5.8861,0.0009783742,0.00030709358,0.012538579
0,2226.0,24.33158,10.15382,10.0,30.0,23.0,15.0,624.16144,225.00632,0.34863922,0.8813257,175.0785,242.00131,70.9412,141.304,0.078878574,0.0300166,0.027680976
0,5067.0,38.857155,10.098667,60.0,35.0,27.0,26.0,134.09795,16.478674,0.39801523,0.3432842,862.89435,9.518092,0.0,9.518092,0.0026174032,0.0013388982,0.012020753
0,5825.0,29.265654,9.583808,70.0,36.0,24.0,23.0,134.08397,42.71635,0.29239193,0.11572536,536.1852,0.0,0.0,8.4347315,0.0,0.0,0.0
0,562.0,12.017512,10.325143,10.0,34.0,23.0,13.0,1217.8342,926.8378,0.98047274,0.9949743,169.8115,485.66544,325.91217,334.24646,0.07921173,0.013496843,0.031726666
0,4065.0,33.11048,9.76517,30.0,36.0,24.0,23.0,239.5325,92.18018,0.04144747,0.086448565,420.38947,2.366621,46.365467,13.114761,0.005465538,0.01396431,0.016351331
0,5826.0,40.12792,9.310899,70.0,42.0,16.0,31.0,431.99783,216.70345,0.2553793,0.17398961,1589.7958,79.696526,103.5378,48.34742,0.005058456,0.019475114,0.016232701
0,4252.0,22.498238,10.600199,60.0,36.0,24.0,23.0,223.05615,57.847553,0.05727453,0.083676115,154.98036,0.0,18.616814,7.5664115,0.010480297,0.043114886,0.021643512
0,4790.0,29.66479,9.860119,60.0,36.0,24.0,23.0,462.8305,285.65,0.34795624,0.28160298,1337.8615,34.389877,114.85976,29.099316,0.01339938,0.018652426,0.009629636
0,397.0,14.465612,11.186333,10.0,28.0,22.0,16.0,1052.3716,709.9321,0.89268136,0.96246374,53.00404,104.274155,253.75775,104.274155,0.11593378,0.031527054,0.051320184
0,4040.0,38.555202,9.454734,30.0,36.0,24.0,23.0,170.27773,62.77436,0.3456021,0.37284833,1303.4775,0.0,16.532806,12.710158,0.021165121,0.04242805,0.018948833
0,4470.0,3.3904142,12.798283,60.0,36.0,24.0,23.0,171.05278,92.67576,0.736427,0.89739543,50.476532,4.780903,10.88237,16.91333,0.0,0.0,0.0
0,4881.0,22.935349,10.250595,60.0,41.0,17.0,32.0,568.04706,324.76743,0.026800828,0.014422856,1373.1355,198.30383,127.58557,100.34139,0.03070149,0.028424984,0.020053452
0,4914.0,12.54851,10.916757,60.0,36.0,24.0,23.0,120.8828,15.415842,0.668173,0.88590664,139.3111,1.4510634,0.0,6.4911165,0.0,0.0,0.0
0,4740.0,33.533264,9.648226,60.0,39.0,28.0,27.0,276.67032,46.535862,0.056752503,0.044532064,1410.2524,0.0,0.0,11.856194,0.0051279073,0.011892597,0.001963722
0,5002.0,24.785227,10.746905,60.0,31.0,29.0,24.0,174.34836,21.785322,0.74932015,0.5831398,133.94781,0.0,0.0,12.456259,0.00022153833,0.00041293446,0.0046002753
0,4443.0,30.764038,9.5384035,60.0,36.0,24.0,23.0,159.76816,74.60929,0.10590288,0.10416239,879.65674,0.21792245,3.343291,18.907242,0.0019196713,0.005269999,0.016479872
0,4718.0,13.623013,11.3595295,60.0,36.0,24.0,23.0,215.0293,131.76628,0.56567544,0.69565207,46.775307,2.159474,14.592106,10.86029,0.0,0.0,0.0
0,3871.0,41.170532,9.947947,60.0,42.0,20.0,31.0,661.1803,425.26346,0.027586414,0.0055614333,844.5386,220.07254,169.86359,95.070274,0.063388966,0.06332883,0.026454858
0,1172.0,10.707773,11.233735,40.0,37.0,28.0,14.0,1315.389,722.71564,0.9132282,0.9994844,49.968277,181.09308,241.55746,181.09308,0.19478442,0.022276925,0.07074003
0,5310.0,26.521273,10.384209,70.0,36.0,24.0,23.0,329.4264,181.31773,0.121422336,0.06379187,512.45496,0.0,33.883686,20.113375,0.00012524705,0.0002638523,0.0008218481
0,5835.0,23.483059,10.42522,60.0,36.0,24.0,23.0,232.00154,125.70689,0.50720906,0.0907675,340.0273,5.0779395,14.440638,25.455723,0.0,0.0,0.0
0,4606.0,3.5354686,12.130771,60.0,36.0,24.0,23.0,147.26863,65.762695,0.8182394,0.94704616,42.652172,6.2448473,10.097193,22.032715,0.0,0.0,0.0
0,4786.0,4.69475,11.930419,60.0,36.0,24.0,23.0,148.24474,89.91128,0.5013146,0.83510774,44.530174,0.0,11.579589,16.668222,0.0,0.0,0.0
0,4774.0,35.0504,9.742443,70.0,36.0,24.0,23.0,300.50092,129.35841,0.15749405,0.09361009,673.7849,4.0646167,55.554073,16.949308,0.012949404,0.033129714,0.016865984
0,3567.0,29.722906,10.250214,60.0,36.0,24.0,23.0,116.411514,9.151495,0.3644019,0.495025,556.4482,0.0,0.1572888,5.723161,0.0060508754,0.010396555,0.021556359
0,2693.0,26.622293,9.618503,60.0,39.0,23.0,23.0,190.24625,30.130102,0.88240075,0.9754515,202.28165,0.0,0.0022972657,8.8365,0.00041417067,0.0010508997,0.000470422
0,3042.0,38.584606,9.366607,30.0,36.0,24.0,23.0,771.2799,256.46924,0.13285846,0.5147491,684.42706,0.0,17.853579,21.190891,0.009369599,0.022193596,0.0061940793
0,4970.0,28.267391,10.12751,70.0,36.0,24.0,23.0,141.85873,46.526978,0.20601118,0.12285966,296.1265,0.0,23.420052,8.333292,0.00034247653,0.00076313014,0.006099964
0,1819.0,27.457388,9.821185,30.0,36.0,24.0,23.0,1157.6233,617.7547,0.64989144,0.9656714,288.52597,177.57545,237.39517,177.57545,0.13553205,0.032799043,0.050074127
0,809.0,17.048473,10.186567,10.0,39.0,29.0,16.0,1251.3933,930.9565,0.9661124,0.9924043,223.3524,567.6049,329.76202,309.624,0.06803219,0.013784825,0.024124533
0,4750.0,19.720436,10.365342,60.0,35.0,25.0,23.0,144.28998,21.765831,0.88719577,0.749431,79.907585,0.0,0.0,9.142682,0.0005311281,0.0008401193,0.00083076727
0,3879.0,29.408554,10.023682,30.0,38.0,19.0,30.0,428.42847,99.77412,0.02380602,0.018405795,485.22208,70.00752,0.4675543,39.333942,0.017769584,0.071329474,0.018314593
0,3881.0,26.938517,9.907775,30.0,42.0,20.0,32.0,688.7313,414.15677,0.07563046,0.049418695,540.77216,365.0193,143.9057,203.40733,0.08091291,0.0652243,0.036922768
0,4413.0,33.83849,10.182896,70.0,40.0,20.0,27.0,227.37,33.038013,0.25010422,0.11905133,299.3985,20.798405,0.0,19.587759,0.0,0.0,0.0
0,5396.0,28.498913,9.931186,70.0,40.0,22.0,31.0,303.9177,158.49654,0.3086108,0.09069745,1258.924,0.0,17.593115,31.834557,0.002519997,0.008499732,0.016600715
0,1605.0,3.8698692,13.010369,10.0,16.0,26.0,14.0,718.6972,216.95694,0.74619657,0.9919388,9.137315,141.9118,76.47816,110.85719,0.19684406,0.22984836,0.06672539
0,4917.0,24.725306,10.737443,60.0,37.0,22.0,29.0,520.3159,266.0471,0.09380893,0.02162077,148.63138,185.83759,72.75593,99.962105,0.0019267275,0.00692569,0.011691778
0,6046.0,12.912126,11.236467,70.0,36.0,24.0,23.0,131.23076,26.117558,0.44012997,0.09189949,365.82803,0.29189202,0.0,7.284949,0.0,0.0,0.0
0,4849.0,28.92397,10.835723,60.0,31.0,26.0,24.0,177.03134,43.601025,0.10763306,0.05909516,1001.68805,0.0,0.50393933,7.594485,0.004776743,0.012894134,0.013228967
0,5260.0,12.470578,11.248183,60.0,30.0,35.0,31.0,122.93337,5.522484,0.7499638,0.1328145,51.72989,0.0,0.0,6.0389566,0.00023181815,0.00035717996,0.013997298
0,3083.0,27.976776,9.837097,30.0,29.0,27.0,22.0,512.41956,174.99306,0.15990037,0.32647836,409.0835,137.86798,48.772133,160.97607,0.076315045,0.03285885,0.027233737
0,4520.0,1.3183118,12.839062,60.0,36.0,24.0,23.0,174.87209,71.90574,0.73954237,0.94255984,28.727995,0.31563714,8.5772915,14.471435,0.0,0.0,0.0
0,5155.0,26.58349,10.031913,60.0,31.0,31.0,25.0,130.12964,11.043815,0.4648727,0.3979737,155.71614,0.0,0.0,5.7115216,0.00021231476,0.00023448511,0.0045739077
0,292.0,5.5048275,11.230245,10.0,37.0,24.0,9.0,832.05457,579.32886,0.96555865,0.9998246,74.27345,0.0,184.7678,177.96703,0.19119987,0.028443081,0.09636894
0,2240.0,2.767474,12.835366,60.0,35.0,22.0,20.0,202.64731,21.2381,0.58077806,0.9417202,2.3827438,2.1521454,0.0,14.154999,0.040291727,0.043282866,0.021825878
0,4106.0,17.959568,10.796679,60.0,37.0,22.0,28.0,1710.1687,741.1336,0.017769994,0.044205874,910.4887,315.27106,236.48233,315.27106,0.28160432,0.07490394,0.094526805
0,5765.0,22.835693,9.967959,70.0,33.0,29.0,29.0,209.6723,72.70011,0.24738646,0.09135848,655.35205,0.0,0.40758976,11.027361,0.004934396,0.016102493,0.002672356
0,598.0,13.006372,10.431795,10.0,36.0,24.0,23.0,1296.235,845.11566,0.96194786,0.9987026,146.43874,0.0,333.21365,150.50562,0.15971373,0.04521093,0.062673
0,2514.0,41.03058,9.660886,30.0,37.0,27.0,22.0,511.84875,294.82526,0.26478222,0.5898387,232.43773,238.67564,99.05823,153.26608,0.05150399,0.061723165,0.026425127
0,1868.0,29.79084,9.829755,10.0,32.0,21.0,14.0,1573.6405,805.0706,0.62233293,0.9256529,367.40814,571.54285,217.5824,278.992,0.27958262,0.10190525,0.094000466
0,4113.0,40.549427,9.475522,60.0,43.0,23.0,25.0,280.0595,51.955475,0.20402971,0.18568164,473.27014,0.0,0.0,13.196261,0.005014247,0.012338655,0.0017516924
0,2390.0,39.540306,9.961504,60.0,36.0,24.0,23.0,373.3419,185.83282,0.8002713,0.8271001,1051.7087,26.52186,54.675182,17.155022,0.014054216,0.015203505,0.012059463
0,3361.0,9.018538,11.210874,60.0,48.0,18.0,22.0,135.40991,68.90307,0.81446177,0.9663186,79.106766,41.742367,12.96578,41.742367,0.0011760313,0.00032737912,0.013285985
0,3542.0,17.153898,11.619432,100.0,39.0,18.0,26.0,614.8734,298.4846,0.11525748,0.057948437,57.91266,522.7599,117.98859,349.4425,0.038262915,0.15846394,0.023579074
0,4155.0,24.368107,10.462607,60.0,45.0,17.0,29.0,611.094,350.6825,0.03282961,0.00042185473,272.63647,150.13326,131.64903,84.85341,0.029765187,0.14460705,0.023739532
0,2403.0,34.024055,9.518438,10.0,36.0,24.0,23.0,729.7547,322.08524,0.09271343,0.640098,449.73563,97.93078,85.780334,136.17458,0.110588744,0.048001766,0.04712497
0,5490.0,31.876736,9.55151,60.0,36.0,24.0,23.0,233.988,65.287575,0.03727026,0.0027060008,785.9296,5.804032,0.012079163,19.928143,0.00069960376,0.0027417268,0.012379543
0,5534.0,6.3169074,11.34445,60.0,24.0,40.0,31.0,131.85889,12.908604,0.5441054,0.16800073,94.956406,0.0,0.0,7.1757517,0.00017050622,0.0003437883,0.0045495573
0,5439.0,3.206306,11.882956,70.0,36.0,25.0,28.0,207.69067,66.25316,0.1982759,0.016417157,116.29634,0.0,0.7730952,9.647012,0.0,0.04606968,0.0054962724
0,5520.0,16.116781,10.610212,60.0,36.0,24.0,23.0,182.78198,95.54505,0.55758816,0.47759345,502.78345,109.42903,3.7775128,109.42903,0.00021493314,0.00025825706,0.00028908203
0,5170.0,33.031292,10.015046,70.0,37.0,32.0,26.0,446.93103,264.45724,0.29689026,0.004438624,496.6963,0.0,5.9955115,21.273556,0.004107005,0.05906816,0.010584347
0,5685.0,26.702946,9.970989,60.0,22.0,38.0,26.0,117.653275,10.382766,0.4366198,0.05048062,211.14662,0.0,0.0,5.5308547,0.00034327357,0.00080002146,0.0008522229
0,4166.0,24.500631,10.640944,30.0,40.0,15.0,28.0,339.99115,120.78025,0.06494825,0.03872726,107.54763,10.456692,23.120085,53.93561,0.0072172023,0.012867395,0.019126983
0,4319.0,13.727803,10.806442,60.0,36.0,24.0,23.0,732.20435,328.2883,0.066706195,0.051130675,724.19885,0.9898348,42.758152,56.231987,0.009706554,0.026391337,0.016235594
0,4239.0,0.0,17.944902,80.0,36.0,24.0,23.0,106.101715,2.2909803,0.9544078,0.95240325,0.041133862,0.024223622,0.0,6.1148596,0.0,0.0,0.0
0,5398.0,20.356226,10.594067,60.0,25.0,38.0,31.0,115.31663,2.6304283,0.37141976,0.21805814,242.80048,0.0,0.0,8.437848,0.00010674257,0.00012085094,0.004753378
0,4579.0,26.024776,10.627931,60.0,40.0,26.0,24.0,329.68387,132.48375,0.18363051,0.06351147,670.58496,0.0,3.369893,15.65943,0.0055623935,0.01643586,0.0011543654
0,1639.0,2.284806,12.449768,60.0,35.0,21.0,20.0,55.383335,11.034354,0.8679196,1.0,35.55377,0.0,0.0,5.628467,7.5701128e-06,2.7900982e-05,0.0001497998
0,4865.0,1.8313909,20.394825,60.0,36.0,24.0,23.0,101.38392,11.72765,0.83715147,0.795204,0.012355165,0.0,0.0,5.7672143,0.00016295434,0.00019185318,0.00030393942
0,3545.0,34.33714,9.94903,30.0,36.0,18.0,22.0,623.803,313.71362,0.027932603,0.039393328,579.7059,458.53537,67.47634,251.0063,0.08666765,0.090368405,0.024578212
0,5547.0,19.524818,10.023003,60.0,36.0,24.0,23.0,125.555336,12.241921,0.6704171,0.70306826,402.8546,0.52786875,0.0,5.7264857,0.00017997665,0.00025049332,0.0003396277
0,5605.0,14.338701,11.040592,60.0,36.0,24.0,23.0,169.02927,20.44723,0.54815984,0.06464455,64.969284,4.2563066,0.0,16.480865,0.00052466843,0.0004361436,0.0048839548
0,5115.0,5.158092,11.797148,60.0,31.0,33.0,25.0,110.16308,8.005961,0.49721724,0.5362906,69.13003,0.0,0.0,5.063556,0.00037420035,0.0005569872,0.0006111624
0,4796.0,40.679306,9.773554,60.0,36.0,23.0,28.0,159.72319,17.079166,0.11772462,0.033978637,858.1621,0.0,0.0,6.013168,0.0009633176,0.0027934583,0.004964934
0,5836.0,27.789995,9.606203,70.0,39.0,24.0,30.0,142.99248,15.356201,0.33680406,0.025491808,526.6607,0.0,0.0,9.260728,0.00028966618,0.00037514954,0.011507287
0,4843.0,26.135206,10.011064,60.0,32.0,29.0,25.0,212.8651,28.355309,0.34972107,0.34395245,131.26662,0.0,0.0,7.888699,0.0012053412,0.0034095591,0.005961017
0,4692.0,34.53365,9.566361,60.0,38.0,21.0,32.0,185.06046,13.920272,0.3327346,0.34318247,1774.4613,2.4028327,2.4382367,11.569991,0.032725643,0.051979523,0.022864722
0,4981.0,24.908335,10.593536,60.0,39.0,25.0,34.0,271.51752,77.894394,0.02051512,0.0014401353,393.41193,11.887103,2.490817,39.23641,0.0041402928,0.0010867539,0.014375022
0,4696.0,27.72208,9.869489,60.0,35.0,27.0,25.0,118.86044,17.764381,0.56263477,0.6356691,320.88126,0.0,0.0,7.9080772,0.0010801282,0.0014074898,0.0006536395
0,4368.0,5.2706313,11.939217,60.0,35.0,21.0,25.0,215.12143,72.92839,0.73164386,0.7474316,37.92637,0.0,0.0,14.87376,0.0060055014,0.016542342,0.0019175231
0,226.0,2.2120252,12.806664,40.0,29.0,30.0,3.0,812.6157,569.6348,0.97656035,0.99864244,3.1018004,87.61412,137.76535,131.125,0.16285302,0.016958779,0.08565282
0,5897.0,41.24084,9.751772,70.0,41.0,23.0,32.0,189.19093,49.074657,0.4373396,0.16681859,773.1447,5.0835524,6.0838404,22.38755,0.00045285872,0.0012640948,0.0127155045
0,2488.0,7.325125,12.313634,30.0,39.0,22.0,21.0,196.67627,15.594372,0.90515685,0.936477,29.763273,4.2075205,0.0,16.190248,0.028484102,0.028415503,0.019169297
0,5594.0,29.084423,9.990672,60.0,27.0,35.0,33.0,181.99089,46.44841,0.25960693,0.01064014,409.0105,0.0,0.0,26.069157,0.0002639587,0.00035975076,0.003688893
0,5246.0,30.708351,9.866178,60.0,36.0,24.0,23.0,231.75302,85.19314,0.6480209,0.6828967,492.36975,14.177797,12.110494,14.177797,0.0,0.0,0.0
0,4725.0,34.242077,9.453598,60.0,43.0,20.0,29.0,230.61404,48.62863,0.053805295,0.026994266,927.01434,11.58904,0.09265513,26.58865,0.004073671,0.00091119093,0.013920404
0,5244.0,19.373728,10.795934,70.0,44.0,16.0,26.0,739.83307,484.15097,0.12536572,0.040274262,786.32544,340.6253,185.27345,235.99042,0.01651846,0.024215087,0.00844526
0,5897.0,23.967962,10.062453,60.0,36.0,24.0,23.0,162.87563,36.5914,0.6586447,0.11727286,445.80838,6.6389446,1.2873986,10.638236,0.0,0.0,0.0
0,4579.0,12.7808695,11.286198,60.0,44.0,19.0,22.0,236.82275,94.14788,0.49344257,0.63338625,79.11891,34.659576,2.3488874,36.283535,0.0012230922,0.001057385,0.009017098
0,5490.0,30.616066,9.585918,60.0,36.0,26.0,28.0,194.05215,52.262154,0.33915067,0.064530954,365.4898,20.582869,0.0,16.567244,0.0016923146,0.00095002784,0.0055153375
0,4837.0,35.565735,9.440969,60.0,35.0,25.0,26.0,256.4745,75.56092,0.30480915,0.24814685,641.3773,0.0,1.3450074,13.485617,0.00620422,0.0197939,0.0035113487
0,2223.0,16.760124,10.35393,30.0,28.0,26.0,14.0,596.0889,229.30878,0.53214514,0.93888366,90.18915,273.1689,78.66877,168.5474,0.068756886,0.03173633,0.02434812
0,3787.0,37.28959,9.674889,60.0,39.0,23.0,32.0,348.45642,82.292595,0.038366925,0.1312684,886.68713,40.96311,0.0,46.97143,0.021805944,0.015553074,0.017318366
0,287.0,2.3484225,12.842045,40.0,34.0,20.0,9.0,1092.6188,829.5264,0.9821712,0.99662834,4.0461555,327.62457,266.6141,238.08096,0.16716768,0.032884043,0.09894361
0,5020.0,7.011426,14.515009,60.0,36.0,24.0,23.0,176.8414,55.536846,0.12655434,0.15738103,26.89407,16.532738,1.5956274,16.565283,0.00055647845,0.0004152481,0.005379018
0,3181.0,32.484356,10.65434,60.0,45.0,18.0,26.0,238.6561,76.486435,0.41272062,0.7083607,257.5231,74.166046,1.7075124,46.523857,0.0042012203,0.001779479,0.01431282
0,609.0,13.17647,10.764024,10.0,37.0,28.0,15.0,1263.7683,968.5092,0.9609048,0.99751425,66.21205,544.32605,312.33456,278.6823,0.057871513,0.01120661,0.019453272
0,5181.0,3.6710615,14.496589,60.0,36.0,24.0,23.0,106.12814,14.338528,0.66757953,0.64993876,11.27692,1.2717017,0.0,5.6259785,0.0,0.0,0.0
0,1537.0,2.1731298,12.402982,60.0,36.0,24.0,23.0,47.690517,7.997473,0.9280509,0.99472934,39.82938,0.0,0.0,5.7975297,9.538376e-06,3.6373116e-05,0.00012459807
0,3447.0,40.39154,9.695862,60.0,40.0,18.0,27.0,299.3001,62.72881,0.30673957,0.58473796,918.78973,83.94433,0.12108664,32.692867,0.014681457,0.02402216,0.013879139
0,4208.0,28.405914,9.495586,60.0,34.0,26.0,24.0,416.7387,235.08527,0.5318637,0.39708573,328.88214,8.844865,44.964584,20.053131,0.00964441,0.029329551,0.0047117732
0,605.0,15.757156,11.0629,60.0,37.0,26.0,14.0,1291.0145,1004.5808,0.9829673,0.9971802,55.133633,504.90353,336.10843,277.46713,0.10027253,0.019794554,0.039101712
0,5703.0,19.0758,9.99632,60.0,31.0,30.0,31.0,116.288826,8.710116,0.755385,0.07661313,307.73828,0.0,0.0,7.8050666,0.000104940096,0.00013423325,0.0027310147
0,601.0,13.356526,10.330546,10.0,32.0,21.0,14.0,1131.2627,816.3056,0.9634095,0.9966009,145.33704,524.66705,203.918,393.5003,0.09146783,0.015073666,0.033144504
0,614.0,18.009119,10.567847,40.0,29.0,22.0,16.0,1285.2788,865.2067,0.9702741,1.0,86.66792,111.681305,312.11438,168.46724,0.17457691,0.051313397,0.06926192
0,5188.0,23.917322,10.109396,60.0,36.0,24.0,23.0,171.51488,46.614273,0.44579953,0.5424205,579.39685,13.890464,0.0,13.179589,0.0006610711,0.00042593855,0.007007467
0,4523.0,33.36454,9.467921,60.0,41.0,18.0,34.0,403.45047,119.17093,0.09764007,0.02877753,813.22736,47.92219,8.459392,50.39079,0.012021514,0.032333203,0.020234773
0,4763.0,33.499477,9.412301,60.0,34.0,23.0,24.0,221.93262,86.11614,0.36688972,0.22656897,758.93787,0.0,3.8270197,9.688117,0.0042223176,0.011515589,0.008392847
0,3823.0,37.75623,9.308962,100.0,39.0,17.0,29.0,509.845,151.24031,0.038277827,0.03380591,507.03235,209.29114,43.497593,146.12323,0.0198533,0.111976475,0.032635253
0,5466.0,25.62952,10.063533,60.0,26.0,38.0,32.0,133.93155,16.472,0.47594705,0.029290797,184.28516,0.0,0.0,7.546749,0.00010287507,0.00014107695,0.006674724
0,4478.0,23.173325,10.07245,30.0,32.0,26.0,24.0,431.75854,282.9773,0.35950306,0.3267171,280.05698,14.46918,71.39039,24.16038,0.0038030501,0.012545031,0.004860398
0,3876.0,26.551472,10.401737,70.0,45.0,18.0,30.0,799.2806,514.8148,0.03471984,0.0043483656,433.14395,228.29803,216.57993,157.58154,0.058086917,0.088290565,0.02259823
0,5031.0,14.308714,11.157215,70.0,36.0,24.0,23.0,358.1867,144.35976,0.26503173,0.12276403,66.81297,7.2102985,33.3954,18.28975,0.0009105116,0.020508876,0.0016785966
0,5484.0,19.121572,10.446568,70.0,38.0,25.0,33.0,211.23653,25.23398,0.06854168,0.02496891,527.055,3.4925761,0.0,26.954782,0.0045218156,0.0010488548,0.014330515
0,5302.0,8.922698,11.677514,60.0,30.0,34.0,32.0,214.5144,68.8218,0.27222344,0.019933868,32.46611,0.017361322,0.0,10.391219,0.0008792938,0.09165421,0.008959759
0,4771.0,16.0918,10.299841,60.0,35.0,23.0,22.0,295.03088,88.5162,0.43975666,0.2801797,254.99237,0.0,5.3224435,19.207996,0.006509009,0.022173235,0.0032069127
0,1578.0,18.62805,10.112406,10.0,33.0,29.0,15.0,1388.4438,786.16364,0.8282305,0.98694336,290.2548,242.3324,218.8784,242.3324,0.24891295,0.03188934,0.09045433
0,4849.0,34.542213,9.931813,60.0,35.0,27.0,23.0,332.87656,163.08221,0.7213293,0.45573652,594.0991,0.0,17.024015,16.277481,0.0055039716,0.018937925,0.0031212461
0,5310.0,38.549046,9.734921,70.0,36.0,24.0,23.0,311.94882,90.62851,0.2753888,0.08809998,613.11237,6.911461,3.22658,27.890614,0.0003517511,0.051493514,0.0054143583
0,4245.0,15.779553,11.135337,100.0,36.0,24.0,23.0,826.4532,382.6232,0.07768541,0.10220689,471.5028,0.0,47.52942,31.431086,0.007969925,0.017299477,0.009637533
0,4971.0,23.90863,10.255541,60.0,36.0,24.0,23.0,115.62614,1.9440407,0.46784514,0.615029,226.93797,0.0,0.0,5.4951663,0.0,0.0,0.0
0,3328.0,31.16122,9.584807,30.0,41.0,20.0,23.0,207.48227,38.217674,0.5815412,0.84951866,682.10474,0.0,0.25052553,10.184413,0.0040505324,0.00889042,0.0011817865
0,4623.0,31.538095,9.653611,60.0,36.0,24.0,23.0,1069.4891,497.98834,0.09778682,0.055328585,1021.7642,104.898224,151.68706,113.69748,0.08588279,0.087079614,0.03307687
0,4653.0,10.851745,11.001681,60.0,36.0,24.0,23.0,246.08705,102.84624,0.4591227,0.39752114,111.698166,7.5357122,6.8651376,10.880619,0.008876242,0.026174694,0.0016301224
0,3856.0,27.366703,9.940013,30.0,39.0,19.0,30.0,415.08774,93.13269,0.03654086,0.028722275,252.20451,92.634544,0.0,43.84124,0.019281555,0.05508769,0.02048122
0,3144.0,36.873207,9.616578,10.0,34.0,19.0,20.0,642.0861,300.89407,0.070622556,0.16546741,819.4503,388.403,71.69362,316.42175,0.0988659,0.05799938,0.027668832
0,5138.0,13.387105,11.187044,60.0,31.0,32.0,31.0,140.60995,10.861574,0.6514503,0.42930835,61.52685,0.0,0.0,6.011034,0.00038502255,0.00051626906,0.004690906
0,5370.0,22.5902,10.685702,70.0,36.0,24.0,23.0,390.71024,209.46468,0.32773116,0.023702182,541.8326,0.0,24.235989,17.51311,0.013860008,0.034983993,0.0045544533
0,2878.0,40.386585,9.801186,10.0,43.0,23.0,23.0,716.4177,445.4771,0.20975178,0.5594186,374.3043,328.25195,145.96379,200.62743,0.06554894,0.051936716,0.03092249
0,5049.0,15.563509,10.287431,60.0,36.0,24.0,23.0,122.69168,9.311337,0.63240665,0.7640569,420.83292,0.0,0.0,4.990804,0.0003377273,0.0003613807,0.005652371
0,5442.0,34.063725,9.54845,60.0,36.0,24.0,23.0,261.33597,131.39062,0.1470749,0.113214225,930.69006,0.0,25.815044,17.371572,0.0005305235,0.0010626735,0.0028145784
0,3842.0,30.510492,9.412248,30.0,42.0,21.0,26.0,1313.8383,645.055,0.06408686,0.116218776,1183.1097,382.55536,243.17445,211.80032,0.15594596,0.0887555,0.07029731
0,4024.0,35.175438,10.206807,60.0,34.0,22.0,25.0,252.12141,88.450386,0.79803145,0.70866865,400.95795,0.0,6.9582853,21.290592,0.00567282,0.013985065,0.0075106854
0,4517.0,33.693233,9.768684,60.0,34.0,24.0,24.0,196.23431,68.25699,0.7197913,0.5172464,574.86646,0.0,0.0,14.004738,0.0019066613,0.0032758408,0.0019068805
0,5103.0,23.675457,10.455337,60.0,33.0,31.0,28.0,143.20546,26.512203,0.42901134,0.18466106,113.97602,0.0,0.12799148,6.6440115,0.00030712213,0.000337797,0.004866582
0,5089.0,24.455252,10.162997,60.0,39.0,23.0,32.0,303.18793,99.51629,0.023876516,0.011284123,573.94434,28.296377,2.408291,76.02905,0.0071947323,0.010847715,0.016299348
0,5454.0,10.496688,10.993304,30.0,36.0,24.0,23.0,104.19248,10.305494,0.6109871,0.45769474,69.67481,0.3759273,0.0,5.4487333,0.00017899342,0.00028941504,0.00036522115
0,2709.0,37.964645,10.2507515,30.0,36.0,24.0,23.0,202.34639,30.495523,0.25717092,0.5702217,220.5999,0.0,0.0,8.314371,0.013576411,0.03476946,0.02287533
0,4426.0,28.144657,10.26782,60.0,36.0,24.0,23.0,278.51804,99.02769,0.29200667,0.16559793,353.0237,0.0,0.18849286,15.144404,0.012214386,0.03133047,0.00234909
0,4120.0,7.314501,11.484809,70.0,36.0,24.0,23.0,249.90344,118.981255,0.12940183,0.029510373,41.247616,0.0,22.070723,24.437023,0.010322309,0.07554538,0.006878643
0,5462.0,28.88088,10.084726,60.0,36.0,24.0,23.0,107.435524,9.734666,0.7494429,0.6331887,436.084,2.7647886,0.0,4.4754424,0.00042902894,0.0009254276,0.00033436058
0,4825.0,24.24897,10.421356,60.0,39.0,20.0,27.0,225.50919,24.15285,0.069153376,0.06316368,462.46432,2.177095,8.416603,19.346746,0.01472067,0.021893686,0.03148233
0,0.0,0.0,21.087496,0.0,36.0,24.0,23.0,360.29306,151.24031,0.5238915,0.5933692,0.093460925,0.0,0.0,0.0,0.0010634527,0.0010339712,0.016312798
0,3978.0,34.54075,9.297977,60.0,41.0,21.0,26.0,1994.4279,894.407,0.028069334,0.09911261,1370.2722,348.7074,233.29497,339.8389,0.35565165,0.10904369,0.123041
0,5217.0,13.812066,10.817471,60.0,30.0,29.0,26.0,146.6789,7.4859223,0.6355072,0.4299427,397.80194,0.0,0.0,7.030401,0.00033445127,0.00050716096,0.007020356
0,2909.0,38.77052,9.515709,60.0,36.0,24.0,23.0,320.45148,159.5384,0.68965566,0.87230337,455.38177,11.940433,37.979004,13.102968,0.013676882,0.07015749,0.015332663
0,5071.0,28.084166,9.725684,60.0,33.0,27.0,26.0,256.76108,87.03107,0.2061879,0.13295324,337.12204,0.0,0.4860038,37.81632,0.00072647823,0.0022628345,0.0015828635
0,4929.0,44.552734,9.254756,60.0,36.0,24.0,23.0,295.2236,145.13107,0.2199551,0.089335725,1352.6913,1.0834434,54.36715,22.655237,0.0018820774,0.0037552754,0.0123330355
0,5533.0,26.307907,10.020441,70.0,38.0,26.0,28.0,240.96986,77.05996,0.20455186,0.048286695,965.62213,0.0,0.0,25.725315,0.010222789,0.025519198,0.0022079784
0,2187.0,43.396034,9.646071,60.0,36.0,24.0,23.0,314.33273,147.10219,0.777086,0.97076946,882.8396,16.79875,47.6515,16.163294,0.014750175,0.017624578,0.0138975615
0,516.0,11.606625,10.3233,10.0,40.0,25.0,11.0,1191.7426,920.6972,0.9670299,1.0,474.58035,618.4527,290.1566,309.22635,0.015796162,0.0032290982,0.006872182
0,5694.0,36.933376,9.592569,70.0,42.0,16.0,30.0,511.41434,281.07816,0.38406527,0.15780403,489.5373,42.68798,147.95514,31.689968,0.0,0.0,0.0
0,5937.0,17.430649,10.583089,60.0,36.0,24.0,23.0,138.02066,25.568844,0.4471395,0.053165086,603.1976,0.0,0.0,6.835493,0.00073182746,0.0006253228,0.011635328
0,4397.0,31.33063,9.712688,60.0,41.0,19.0,28.0,208.69841,54.666935,0.33994275,0.5505323,393.9758,26.484287,0.0,28.075306,0.0039410307,0.0015094962,0.013628178
0,5503.0,12.29793,11.014737,60.0,36.0,24.0,23.0,187.6645,49.808517,0.4527605,0.25962484,553.2882,12.509541,0.0,14.951944,0.000797991,0.0010697821,0.005275593
0,6076.0,31.013407,9.554388,70.0,36.0,24.0,23.0,139.96344,25.824348,0.24157198,0.035904784,945.80646,0.0,0.0,7.3117347,0.00042948275,0.00037749746,0.0077518825
0,3361.0,33.180805,10.147272,60.0,36.0,24.0,23.0,401.49524,173.40964,0.18613677,0.60604846,809.46985,0.35339016,33.16031,20.152344,0.011390271,0.04580861,0.016841846
0,4156.0,24.653112,10.655884,60.0,37.0,19.0,28.0,433.214,147.09201,0.11987051,0.047713708,144.26604,75.90744,70.03839,50.604958,0.017795082,0.04449147,0.014765932
0,5063.0,19.151194,10.800072,60.0,28.0,32.0,23.0,139.6794,10.233664,0.7206831,0.522774,72.883736,0.0,0.0,6.685014,0.0004299322,0.000572748,0.0056405943
0,5863.0,14.68985,10.350752,60.0,36.0,24.0,23.0,118.40683,17.491238,0.34360546,0.10399356,331.4851,0.6393313,0.0,9.874807,0.0,0.0,0.0
0,2380.0,33.561447,10.453944,60.0,36.0,24.0,23.0,235.979,31.70256,0.94642514,0.9962037,100.945175,0.0,0.0,15.284314,0.00045667897,0.0009916871,0.000642947
0,4714.0,34.195885,9.536659,60.0,38.0,17.0,29.0,599.79364,314.19452,0.07045666,0.039803177,981.73486,496.0883,124.74044,304.90585,0.043670535,0.13457553,0.02835179
0,264.0,3.593644,11.785474,40.0,30.0,20.0,8.0,1035.9918,723.5925,0.98601544,0.9980467,20.479784,103.46455,226.4888,103.46455,0.069763765,0.014219392,0.035781533
0,4591.0,20.231834,10.222794,70.0,35.0,24.0,22.0,442.06082,225.66118,0.08723649,0.029384822,256.79724,0.0,36.348022,43.249092,0.00903412,0.03298627,0.0028740328
0,677.0,10.34001,10.7600565,30.0,34.0,23.0,15.0,1202.5303,856.0624,0.96994185,1.0,80.18605,557.38245,206.54546,447.9644,0.21348475,0.036959354,0.07269684
0,4106.0,13.389493,10.398192,30.0,36.0,20.0,26.0,979.4998,370.88623,0.028431373,0.012122863,147.37344,106.88927,11.385624,204.95729,0.006601796,0.028683031,0.019504309
0,1581.0,1.918407,17.900053,40.0,24.0,25.0,13.0,593.8991,177.27461,0.647513,0.9342757,0.07586892,149.08923,50.127117,75.39719,0.047794573,0.020285983,0.018821256
0,5453.0,43.718895,9.801987,60.0,42.0,19.0,27.0,338.61905,122.31788,0.22626856,0.09088069,850.2565,17.624681,6.7879224,28.037146,0.0,0.0,0.0
0,5074.0,36.81884,9.433604,60.0,39.0,20.0,32.0,456.93396,251.75598,0.09425056,0.042282842,1850.5817,386.68945,87.80595,263.74637,0.022597365,0.08741369,0.012330634
0,4434.0,2.2991302,12.687136,60.0,36.0,24.0,23.0,161.31807,67.03602,0.7741906,0.95485145,15.7567,0.0,9.610843,18.745049,0.0,0.0,0.0
0,1177.0,13.62323,11.858884,60.0,36.0,24.0,23.0,542.234,216.69026,0.84543306,0.9734977,58.441006,28.323816,58.3777,23.778114,0.028648159,0.038103648,0.012089492
0,4791.0,13.006607,11.032659,60.0,38.0,25.0,27.0,167.24295,28.19468,0.43353367,0.09409953,236.51666,0.47079107,3.8874657,18.553236,0.00085885404,0.0017248755,0.014774219
0,4900.0,32.163883,9.940554,60.0,37.0,24.0,31.0,308.58087,73.7264,0.029693613,0.0046901773,771.7684,27.679977,2.2231126,30.090359,0.0018716018,0.008907408,0.009756996
0,5145.0,28.227812,10.429926,70.0,36.0,24.0,23.0,264.65085,73.04745,0.22373262,0.058225945,292.08536,16.37011,11.020161,13.106985,0.0,0.0,0.0
0,2733.0,30.745033,9.944995,10.0,41.0,20.0,21.0,623.5708,372.96573,0.21263619,0.58101225,270.98502,310.4818,113.01612,169.19427,0.07199903,0.06241548,0.033201165
0,222.0,1.8044075,13.5169325,20.0,29.0,31.0,10.0,829.5198,571.19086,0.98135746,0.9999609,0.9551636,0.0,201.42029,161.13356,0.20191756,0.02858985,0.09726911
0,3271.0,34.501347,9.402608,20.0,36.0,24.0,23.0,805.411,274.48932,0.5218517,0.68268794,956.90765,5.372096,21.966053,19.666319,0.004822403,0.009389474,0.0026491384
0,5462.0,10.482067,11.172319,60.0,25.0,41.0,31.0,115.1515,3.03335,0.51115096,0.17074057,297.09323,0.0,0.0,8.084067,0.00010718383,0.00012165476,0.004810415
0,5252.0,27.100735,10.026333,60.0,38.0,25.0,30.0,158.29622,57.36663,0.298495,0.13809693,712.77185,20.499474,9.363799,17.422287,0.001505882,0.00064733846,0.0060243676
0,4460.0,8.958726,11.41623,60.0,36.0,24.0,23.0,158.70358,63.410732,0.8226896,0.962299,106.87921,5.56115,8.772657,9.929722,0.0,0.0,0.0
0,4325.0,37.451237,9.496886,60.0,36.0,23.0,24.0,408.6685,196.90092,0.7429525,0.6196723,1043.5579,0.0,21.067944,14.668699,0.008700377,0.026032895,0.001738411
0,5784.0,44.88424,9.554007,70.0,36.0,24.0,23.0,250.78366,45.056602,0.19664139,0.15814608,748.5628,0.0,7.0745,9.746019,0.003244728,0.074007146,0.008215032
0,5454.0,23.612427,9.761694,60.0,36.0,24.0,23.0,129.16982,8.485887,0.4104425,0.17754026,218.8119,0.0,0.0,6.155582,0.00010853819,0.000120994424,0.0048942147
0,3402.0,37.693275,9.477896,10.0,44.0,19.0,23.0,604.43,357.3619,0.1513438,0.29137865,769.35187,303.95395,109.72283,161.43875,0.07093516,0.06340118,0.032161064
0,5693.0,31.057146,9.938981,70.0,32.0,32.0,30.0,123.852745,6.22978,0.37415284,0.08425347,393.98224,0.09975638,1.167956,5.9093933,0.0018984827,0.0014541544,0.015769193
0,4134.0,15.736253,10.620979,30.0,38.0,24.0,23.0,359.58197,176.68118,0.35963532,0.2572566,120.00356,0.0,2.3034089,16.684618,0.0105573675,0.048283707,0.004511475
0,5954.0,36.895863,9.612707,70.0,36.0,24.0,23.0,193.2025,27.69986,0.5481649,0.12353431,617.8396,28.066376,0.59844387,28.066376,0.0,0.0,0.0
0,5321.0,31.100271,9.772176,60.0,33.0,25.0,26.0,223.86914,67.048164,0.06179612,0.034267526,748.37897,0.0,0.15134986,10.552815,0.0013988432,0.0034240019,0.0008547907
0,3415.0,31.773949,9.958181,30.0,34.0,23.0,24.0,244.74208,74.52261,0.5796152,0.7850448,497.08105,0.0,10.508713,15.059048,0.0083150035,0.017053898,0.0017890191
0,5236.0,26.903805,10.540678,70.0,36.0,24.0,23.0,636.0499,403.5824,0.07751947,0.014155977,548.29456,142.60417,128.20615,142.60417,0.002470095,0.011560472,0.0058787107
0,3266.0,30.773726,10.119403,10.0,32.0,18.0,22.0,455.52087,164.09387,0.027593711,0.07674266,512.8739,161.54402,31.77024,117.7145,0.13140321,0.07606371,0.03582968
0,3244.0,32.81855,9.796152,30.0,34.0,25.0,23.0,243.41275,58.115715,0.61451423,0.81118584,500.3098,0.0,0.0,10.006212,0.0015776625,0.004305723,0.0003842504
0,3794.0,36.226974,10.15778,30.0,42.0,21.0,33.0,312.93835,79.28722,0.081397936,0.18286645,188.90996,35.30634,2.3559012,32.420536,0.004812965,0.005981191,0.018048996
0,5667.0,19.797857,10.187759,60.0,36.0,24.0,23.0,150.43759,56.519016,0.5618228,0.39435548,273.15195,1.3956552,0.0,9.753446,0.0,0.0,0.0
0,5476.0,14.798913,10.48317,60.0,24.0,38.0,27.0,113.03768,8.151199,0.5526312,0.2761496,276.0881,0.0,0.0,8.965451,0.00019844454,0.0002826582,0.0044045425
0,0.0,0.0,20.030272,0.0,34.0,23.0,21.0,360.29306,151.24031,0.5238915,0.5933692,0.07684486,0.0,0.0,0.0,0.0,0.0,0.0
0,3865.0,27.48841,10.816461,30.0,42.0,19.0,28.0,305.12695,68.559975,0.14680982,0.17678103,126.615005,1.8074089,9.845689,41.973473,0.011849061,0.021247713,0.019623563
0,4911.0,21.540777,10.8138075,70.0,44.0,21.0,33.0,263.05884,80.45442,0.020287864,0.0015673025,124.19915,11.344566,5.0593166,38.593754,0.00027349457,0.008153127,0.008185011
0,1381.0,23.804928,9.694616,10.0,39.0,25.0,16.0,1204.6558,779.99976,0.92543805,0.99454594,272.26544,259.1338,236.90805,209.56142,0.20547573,0.023034029,0.07557501
0,6027.0,28.733109,9.8350115,60.0,36.0,24.0,23.0,230.89218,105.259796,0.43353537,0.027809434,565.8176,26.36081,9.037779,26.36081,0.00025081623,0.00034614993,0.0057737483
0,4373.0,28.757698,9.701361,60.0,37.0,18.0,32.0,665.3397,371.10248,0.0742595,0.05097842,811.89124,604.2055,76.285095,339.19977,0.10955188,0.08583114,0.027731037
0,5738.0,30.309526,9.752452,70.0,36.0,24.0,23.0,207.45578,53.948887,0.084496334,0.014329369,701.62616,0.0,0.0,20.273987,0.0005243191,0.0007029529,0.015582413
0,2840.0,30.74579,9.836172,30.0,36.0,24.0,23.0,179.21562,69.64133,0.30071166,0.71446735,1486.7687,0.5139015,29.912674,13.795634,0.017370963,0.030718537,0.020628957
0,4635.0,27.560604,9.642856,60.0,36.0,24.0,23.0,182.64589,102.14295,0.8374285,0.90331995,204.48344,0.0,13.0748625,12.291076,0.0,0.0,0.0
0,6126.0,31.938711,9.550885,70.0,32.0,28.0,32.0,124.939804,6.4251804,0.3013587,0.12016575,1011.5422,0.24642745,0.099812806,6.36017,0.001929189,0.0014376877,0.016785415
0,5840.0,26.64566,9.731668,70.0,36.0,24.0,23.0,109.55465,6.764398,0.20060569,0.018575331,453.67456,0.0,0.0,5.074248,0.0,0.0,0.0
0,5870.0,28.33936,9.763466,70.0,27.0,33.0,29.0,121.89751,22.250116,0.19158332,0.055690594,422.85132,0.0,0.0,7.3359756,0.0005898279,0.00076527236,0.0007606901
0,5474.0,15.620432,10.387614,60.0,36.0,24.0,23.0,120.956055,18.6595,0.30972448,0.3419622,188.61418,0.9716073,0.0,6.4374046,0.0,0.0,0.0
0,2106.0,25.723568,9.549655,10.0,28.0,26.0,13.0,1395.4135,861.84155,0.5568504,0.92068607,624.9127,329.42786,258.96143,271.3715,0.3182202,0.036470987,0.1058339
0,5078.0,20.969667,10.068202,60.0,36.0,24.0,23.0,360.29306,151.24031,0.10494685,0.026064657,645.0513,0.0,0.0,0.0,0.00078287366,0.00067984115,0.015330237
0,5045.0,29.283072,9.971209,60.0,38.0,23.0,30.0,407.8228,158.81474,0.030368652,0.009421811,710.52985,52.239563,12.955505,58.350838,0.0025191447,0.0083325,0.0127751995
0,1895.0,23.372284,10.682309,30.0,35.0,24.0,14.0,940.3328,547.29694,0.5992672,0.92854935,159.49007,351.04633,226.32913,198.89566,0.10146046,0.044081885,0.050167624
0,4492.0,2.0804126,12.77505,60.0,36.0,24.0,23.0,135.5832,46.806114,0.6720081,0.84151727,7.6382565,3.8844144,7.3954344,14.86788,0.0,0.0,0.0
0,1922.0,33.73637,9.563679,30.0,36.0,24.0,23.0,1274.7227,724.71497,0.43611154,0.9470243,713.20703,114.61062,262.1896,183.6837,0.04906764,0.022015348,0.024864677
0,5323.0,18.207754,11.349297,100.0,31.0,33.0,27.0,182.21854,65.72204,0.7290083,0.09808905,94.33783,12.302795,0.0,12.369378,0.0011968712,0.00066838815,0.014225874
0,94.0,9.360592,17.368004,0.0,34.0,22.0,10.0,1169.6458,906.9325,0.5238915,0.5933692,84.487816,588.8179,290.49017,302.8807,0.025402071,0.004394831,0.011056214
0,5231.0,23.094791,9.843103,60.0,32.0,33.0,29.0,137.89238,8.2001295,0.74968374,0.39566228,270.5071,0.0,0.0,12.733476,0.00012888738,0.00015898407,0.01280631
0,4736.0,13.337637,10.7655735,60.0,48.0,16.0,23.0,194.40904,50.268517,0.43638545,0.56437504,223.06259,15.380265,0.0,18.821762,0.0009095686,0.00032270487,0.0074644596
0,2925.0,38.200256,9.453142,30.0,36.0,24.0,23.0,220.65355,65.22774,0.90770733,0.92034036,818.66583,0.0,14.818107,8.928612,0.004931866,0.0129026305,0.013510599
0,5005.0,38.680576,9.389571,60.0,37.0,18.0,32.0,450.08224,105.91646,0.22264946,0.12926744,1199.5597,51.870804,68.592674,44.029957,0.02233525,0.06393694,0.016208721
0,4774.0,25.154882,10.186779,60.0,36.0,24.0,23.0,155.3065,74.7951,0.8037989,0.86534333,426.1255,4.048276,10.916391,14.863055,0.0,0.0,0.0
0,2517.0,30.772848,9.482758,10.0,36.0,24.0,23.0,1023.69434,557.8246,0.07220744,0.6703372,788.1713,121.47223,183.67377,195.09665,0.06920591,0.028089823,0.033995293
0,3458.0,31.260773,9.46174,30.0,32.0,26.0,23.0,231.15793,47.622456,0.6367153,0.8442641,403.25473,0.0,0.013952166,10.308238,0.0026203697,0.0060989694,0.0007110841
0,5182.0,32.411457,9.917796,60.0,36.0,24.0,23.0,151.53665,59.731327,0.30529368,0.13977006,405.71335,2.1136696,0.11884646,9.017556,0.005002931,0.02004895,0.00095814397
0,4151.0,36.866848,10.3688545,60.0,40.0,23.0,31.0,465.32993,162.06877,0.15482916,0.040246032,210.67584,40.772865,34.08209,31.230276,0.007522639,0.056603163,0.02346223
0,243.0,1.5912632,13.275712,40.0,37.0,22.0,4.0,932.80707,700.94556,0.96919924,0.99129224,2.0277534,300.86954,254.56654,186.28712,0.1371557,0.027461158,0.088629186
0,3807.0,10.564314,12.023502,60.0,41.0,24.0,24.0,151.53041,36.87331,0.7963636,0.83159083,33.716198,28.806879,9.096908,26.742214,0.0023059195,0.0015396521,0.014962289
0,5850.0,19.683304,10.645704,70.0,36.0,24.0,23.0,180.25343,86.92472,0.40819395,0.08753508,435.75583,6.9002905,1.0093464,12.174701,0.00785191,0.012701181,0.0051992694
0,4178.0,26.800611,9.496459,60.0,47.0,18.0,29.0,876.4923,494.1556,0.12620382,0.096474156,1123.7455,261.9572,137.40697,264.2419,0.06959308,0.046554912,0.018695235
0,4647.0,10.006734,10.992909,60.0,36.0,24.0,23.0,158.73483,66.680305,0.672475,0.92344993,120.79847,0.0,7.6815815,19.49697,0.0,0.0,0.0
0,3620.0,30.113205,10.48783,30.0,39.0,17.0,27.0,606.3958,367.4244,0.06295118,0.03226533,192.43105,421.40704,181.10085,210.70352,0.030724052,0.04565985,0.028296743
0,1611.0,3.9147584,12.094633,40.0,24.0,28.0,13.0,559.9028,199.95728,0.6612847,0.9706105,15.79366,101.29413,53.673363,64.094055,0.055810597,0.021445014,0.027056217
0,4475.0,32.48168,10.09296,60.0,35.0,18.0,30.0,462.01773,153.47849,0.06419177,0.10358907,1105.6334,73.73515,91.11752,73.587296,0.01446614,0.040364377,0.017176483
0,3291.0,32.87251,9.54033,30.0,40.0,22.0,24.0,198.8197,34.820232,0.7321636,0.8609393,839.36426,0.0,0.26891604,9.774604,0.002229469,0.0048476104,0.0010186329
0,836.0,23.828264,9.7842655,10.0,36.0,24.0,23.0,1360.2612,750.06464,0.7930663,0.98580986,168.9189,106.10271,372.43665,120.223495,0.15063502,0.04535638,0.06585816
0,2789.0,27.889387,9.654386,60.0,40.0,21.0,26.0,115.60825,23.705496,0.68902636,0.961075,551.7484,0.0,0.0,8.307089,8.199837e-05,0.00023314264,0.00023747062
0,0.0,0.0,21.89124,0.0,36.0,24.0,23.0,360.29306,151.24031,0.5238915,0.5933692,0.014830557,0.0,0.0,0.0,0.0,0.0,0.0
0,3868.0,27.608107,10.46609,60.0,39.0,19.0,30.0,642.6456,331.23196,0.07197046,0.035243,142.45929,387.11703,94.226654,189.76408,0.05015666,0.14633791,0.024855867
0,5036.0,4.363243,11.441983,60.0,33.0,30.0,27.0,115.89999,8.65455,0.6857639,0.46252182,72.22433,0.0,0.0,5.012567,0.0002605469,0.00031564516,0.0027522435
0,5429.0,14.015051,11.163005,70.0,38.0,26.0,29.0,443.59116,311.70593,0.5596148,0.10859775,229.73773,48.83592,22.131609,63.371284,0.0008060931,0.0013205872,0.0058929063
0,5351.0,42.126926,9.599085,70.0,41.0,19.0,27.0,266.80933,67.015686,0.16387406,0.19805,1257.3289,40.65335,13.933843,40.65335,0.0053242557,0.008405412,0.003177925
0,4856.0,8.927904,11.541217,60.0,36.0,24.0,23.0,114.44024,2.700685,0.4058317,0.7225015,42.849136,0.40046215,0.0,5.434908,0.0,0.0,0.0
0,5531.0,27.675966,9.806904,60.0,27.0,39.0,31.0,129.73643,10.743093,0.51568073,0.3137724,292.61542,0.0,0.0,5.5404625,0.00011423829,0.00021289928,0.003937337
0,5790.0,31.943363,9.54109,60.0,26.0,28.0,26.0,227.99568,80.057495,0.46169952,0.238125,1015.00085,0.0,1.0089546,12.168351,0.0029562446,0.01034362,0.0012194371
0,4164.0,33.820488,9.524686,30.0,39.0,18.0,30.0,614.0194,314.52618,0.077085026,0.081625186,1747.4064,353.64398,92.70618,222.42903,0.07592778,0.06582431,0.033951145
0,4693.0,22.14223,10.785621,70.0,36.0,24.0,23.0,301.27158,163.3545,0.11362284,0.047758922,359.97308,0.17205232,34.642605,31.312181,0.004936101,0.028929062,0.014616523
0,4738.0,9.259299,11.709202,60.0,51.0,18.0,24.0,182.03691,41.27208,0.29343668,0.43337172,38.300777,13.027339,0.0,19.915495,0.00050593464,0.00028197648,0.006129202
0,3472.0,33.488514,10.08909,60.0,39.0,23.0,25.0,213.42783,30.620136,0.16156341,0.5954667,545.35846,8.04711,0.0,27.51497,0.022208646,0.03786549,0.033184085
0,5395.0,19.192036,9.927042,60.0,30.0,31.0,28.0,168.40057,17.495314,0.26036578,0.043052617,289.403,0.0,0.0,6.282077,0.000850496,0.0015096331,0.0051721106
0,5884.0,16.74853,10.923765,70.0,36.0,24.0,23.0,157.1027,62.552486,0.41062647,0.076452374,192.64383,1.952738,0.0,11.179936,0.0,0.0,0.0
0,5541.0,33.09185,9.371669,70.0,40.0,18.0,32.0,346.5267,189.17725,0.10008254,0.026463544,893.9588,3.2463553,42.62681,27.410273,0.010532662,0.005630888,0.008516841
0,3267.0,13.977209,10.377412,60.0,36.0,24.0,23.0,353.11685,99.077415,0.67278486,0.87868965,261.586,5.0283017,0.0,13.6205435,0.0005824274,0.0019749599,0.00046569508
0,5266.0,28.375767,10.1511,60.0,40.0,22.0,31.0,281.91656,144.80635,0.23152085,0.06946321,356.9733,52.56593,24.73914,36.20411,0.001369023,0.0013062889,0.016716281
0,4331.0,24.237152,10.038131,60.0,46.0,17.0,27.0,139.53157,38.385,0.5091007,0.69917285,678.0273,12.018944,0.0,18.81786,0.0028297142,0.0008452894,0.012760181
0,4624.0,21.435661,11.10289,60.0,36.0,24.0,23.0,185.37808,41.001682,0.11430775,0.21575534,102.34163,22.193304,0.0,26.47276,0.0005662647,0.001048479,0.004538883
0,3500.0,35.270016,9.526896,30.0,36.0,24.0,23.0,201.76584,32.595543,0.16382082,0.44037545,854.45154,0.0,0.0,12.071287,0.01278094,0.03501222,0.022420201
0,2969.0,38.292904,9.628591,10.0,39.0,24.0,20.0,2274.7478,1107.1503,0.08083776,0.22573587,318.78894,525.74457,254.18275,525.74457,0.41975385,0.17113917,0.15425758
0,5195.0,17.345919,10.950954,70.0,39.0,23.0,28.0,509.39636,290.41174,0.23079842,0.02641832,352.57938,3.262934,37.873043,18.180141,0.0126037225,0.03840142,0.0044143824
0,5260.0,18.211319,10.524744,60.0,27.0,33.0,25.0,111.94225,10.924469,0.38709116,0.46251285,60.853634,0.0,0.0,11.6650505,0.00020503238,0.00039143607,0.00056464795
0,5914.0,29.074314,9.568878,60.0,36.0,24.0,23.0,95.75063,25.385584,0.23078226,0.08866516,707.55194,3.4918275,0.17793216,6.580854,0.0016859298,0.004592526,0.0009163616
0,2227.0,27.818497,9.61468,30.0,34.0,30.0,17.0,1395.0264,844.1039,0.55550915,0.9380921,914.5276,452.5161,317.12585,239.85051,0.12614954,0.08804605,0.05400019
0,1468.0,30.04303,9.823576,10.0,29.0,33.0,16.0,1434.9818,932.2406,0.85804796,0.9771461,683.3693,614.292,245.2225,475.18597,0.33555663,0.105456844,0.11819909
0,5030.0,10.685161,10.719887,60.0,36.0,24.0,23.0,87.40596,5.0609975,0.8217316,0.8581175,93.369194,0.0,0.0,3.9404624,0.00018279269,0.00029577359,0.0002514237
0,4055.0,23.171526,10.275614,60.0,36.0,24.0,23.0,278.33255,50.463615,0.06998567,0.057512853,193.38431,0.0,30.528488,17.565582,0.011492654,0.036451712,0.013137317
0,2662.0,35.74291,9.825711,30.0,36.0,19.0,18.0,534.57495,279.64713,0.15558429,0.6557045,1461.3641,278.46982,99.99256,164.63675,0.056501463,0.030166926,0.0296392
0,2880.0,33.298634,10.099659,30.0,28.0,26.0,20.0,611.05505,230.82811,0.14648107,0.3417597,355.90955,112.59804,51.20059,142.75427,0.078531064,0.036443513,0.027034156
0,1286.0,27.73905,10.02399,10.0,42.0,29.0,14.0,1339.4506,908.2572,0.9118769,0.9814683,514.316,543.4512,344.80325,262.9943,0.08628032,0.09508263,0.032574903
0,4170.0,23.454927,10.186627,60.0,41.0,21.0,26.0,278.22244,192.7872,0.69687325,0.7813993,202.87187,59.96991,29.541111,47.67747,0.0005517489,0.00033504868,0.0102440445
0,4330.0,37.982834,9.787778,30.0,34.0,23.0,23.0,329.5068,148.08586,0.4244921,0.32935703,632.5024,0.0,17.221199,22.218437,0.005405355,0.016433142,0.0014398458
0,4712.0,37.46355,9.370899,70.0,36.0,24.0,23.0,200.53328,37.118927,0.08841969,0.10732091,1136.5306,0.0,6.197792,22.826189,0.0068531707,0.124155246,0.013516363
0,4962.0,1.5292594,12.812187,60.0,36.0,24.0,23.0,109.503975,19.287035,0.85280144,0.7957082,12.09289,11.670362,0.0,5.962138,0.00017731918,0.00023860805,0.00024273306
0,5946.0,17.87322,10.814966,70.0,27.0,34.0,30.0,105.72319,10.1598625,0.45453542,0.051001508,696.24,0.0,0.0,5.458829,0.00043813855,0.0008059941,0.0004188398
0,5683.0,17.626806,11.153938,70.0,28.0,29.0,27.0,198.17043,73.98642,0.41781676,0.16879024,145.7843,0.0,0.0,15.258356,0.0038190873,0.009047063,0.0015170726
0,4980.0,32.003227,9.671755,60.0,31.0,27.0,25.0,162.86407,15.455107,0.30676058,0.2857421,321.53656,0.0,1.2362942e-08,6.5579357,0.00064571225,0.0014019908,0.0027792403
0,3931.0,34.374603,10.184835,60.0,33.0,23.0,23.0,373.6373,165.55748,0.64330554,0.79340523,154.8186,0.0,12.783004,13.314706,0.010799027,0.038037162,0.004097311
0,5427.0,13.095955,10.463778,60.0,36.0,24.0,23.0,111.66841,15.549592,0.77063376,0.69427675,133.46928,0.8359758,0.0,7.2434864,0.0,0.0,0.0
0,4838.0,25.800062,10.107179,60.0,34.0,25.0,26.0,192.16351,15.054519,0.15236573,0.087774925,723.9695,0.0,0.0,6.337153,0.001652889,0.0040480685,0.00478247
0,255.0,1.1440907,13.65573,40.0,36.0,25.0,4.0,1122.1478,850.1104,0.9738147,0.9969296,0.8491015,427.79886,275.24017,231.43494,0.18194911,0.028598458,0.09555974
0,5738.0,16.711016,10.705641,60.0,36.0,24.0,23.0,199.62624,113.05522,0.4669627,0.104364626,709.9098,0.0,11.564844,14.723377,0.0,0.0,0.0
0,3349.0,21.692959,10.213042,30.0,30.0,20.0,21.0,593.38574,237.432,0.099906154,0.16603975,489.24728,206.73326,73.30415,200.76007,0.06588078,0.025995582,0.02295983
0,4446.0,18.261486,10.210102,60.0,36.0,24.0,23.0,227.74025,113.597275,0.8180937,0.96342295,276.2532,11.341125,19.096819,25.480139,0.0,0.0,0.0
0,5309.0,27.785833,9.995537,60.0,36.0,24.0,23.0,118.41039,6.989598,0.37612498,0.15090448,163.23756,0.0,0.0,6.4730325,0.0002798684,0.000264176,0.0055556786
0,4239.0,0.0,19.94736,80.0,36.0,24.0,23.0,134.32742,40.756493,1.0,1.0,0.013118383,1.4269868,3.8119025,7.1891356,0.0,0.0,0.0
0,0.0,0.0,20.264772,0.0,40.0,27.0,12.0,1460.1682,1088.9049,0.5238915,0.5933692,0.09018572,633.4068,449.39227,326.6253,0.020943852,0.0521445,0.0048930603
0,4869.0,11.585128,11.467033,60.0,36.0,24.0,23.0,118.62571,10.360498,0.29166806,0.6216184,39.649666,0.48541698,0.0,5.536499,0.0,0.0,0.0
0,3472.0,5.229967,12.015907,70.0,38.0,18.0,23.0,314.7057,98.994896,0.112674184,0.045372277,29.298195,20.060825,41.0752,14.552428,0.0036091309,0.0950286,0.02498314
0,4808.0,22.009888,10.679535,60.0,36.0,24.0,23.0,257.05103,95.24276,0.1615239,0.17674142,239.96333,0.0,0.0,0.0,0.00831477,0.021497974,0.018394979
0,3404.0,5.189451,11.371539,60.0,46.0,21.0,22.0,179.17484,104.11506,0.79216003,0.95639443,223.99446,74.92807,17.703169,63.032597,0.002106255,0.0006997283,0.012926754
0,5926.0,27.75093,9.629876,70.0,36.0,24.0,23.0,199.19868,86.433395,0.22344156,0.022678852,963.446,2.3155606,0.0,17.245617,0.006019303,0.02586625,0.0013033582
0,5040.0,26.264679,10.50108,70.0,36.0,24.0,23.0,278.3176,128.40413,0.13048035,0.086408526,853.7478,4.3868375,45.27857,15.030904,0.00719451,0.016077874,0.013330613
0,1589.0,1.8757019,15.737364,10.0,19.0,27.0,13.0,607.33435,213.46753,0.7253659,0.9393131,0.696907,209.125,62.581795,139.75029,0.17508653,0.2756168,0.08851381
0,5667.0,24.49086,9.89616,60.0,36.0,24.0,23.0,108.74519,20.827835,0.53101164,0.4330887,252.031,1.43381,0.0,5.55523,0.0,0.0,0.0
0,2501.0,31.215633,10.309654,30.0,36.0,24.0,23.0,163.05502,31.187305,0.24767119,0.772199,814.08826,0.0,3.4478166,7.193637,0.026225211,0.05023777,0.023277825
0,4146.0,33.117825,9.825825,60.0,38.0,20.0,32.0,422.9905,100.186424,0.018257868,0.014603162,947.66345,99.21021,0.0,53.27197,0.017707761,0.04734985,0.01962357
0,4713.0,30.370724,10.342196,100.0,42.0,21.0,32.0,813.83215,519.8684,0.120171495,0.033432156,599.52966,450.0749,161.78987,265.59363,0.0165485,0.05913389,0.016428303
0,2496.0,26.92065,10.204149,10.0,34.0,26.0,16.0,797.92755,493.29883,0.26608872,0.7483486,371.74924,369.64337,193.86163,209.22021,0.07377777,0.030743303,0.048008617
0,0.0,0.0,20.057564,0.0,36.0,19.0,12.0,360.29306,151.24031,0.5238915,0.5933692,0.018315997,0.0,0.0,0.0,0.0,0.0,0.0
0,4662.0,31.378014,9.567015,60.0,44.0,16.0,29.0,189.86868,19.377401,0.27470803,0.16629934,583.509,12.569717,0.0,26.697687,0.0038034613,0.0006613624,0.012717501
0,738.0,15.624814,22.25534,0.0,36.0,24.0,23.0,342.61395,220.265,0.5238915,0.5933692,448.10352,0.0,37.901672,38.97465,6.307792e-05,0.00026107708,0.014682306
0,5584.0,23.437576,9.974975,60.0,35.0,29.0,34.0,216.25523,76.88388,0.32649013,0.08299199,379.13397,24.435492,6.4123554,24.66649,0.0014306942,0.0009380833,0.0068262266
0,5501.0,6.7086754,11.795804,60.0,36.0,24.0,23.0,114.16452,14.086023,0.4591798,0.19228429,18.643694,0.0,0.0,7.8445325,0.0,0.0,0.0
0,4169.0,2.2626932,12.3853,60.0,36.0,24.0,23.0,186.7511,28.800402,0.73327446,0.9113881,23.175045,9.435077,0.0,13.170293,0.0010193582,0.00093057705,0.009033323
0,3015.0,33.78292,10.356148,60.0,36.0,21.0,24.0,296.28958,101.09108,0.7613157,0.9127083,170.60165,0.0,10.783943,38.882236,0.013319936,0.029865962,0.0029165149
0,1030.0,9.800601,11.152926,50.0,31.0,28.0,12.0,1277.3385,832.7833,0.98242056,0.9947774,87.4773,314.81488,211.45451,314.81488,0.25862205,0.040318932,0.09921782
0,4432.0,28.81611,10.356547,100.0,43.0,21.0,33.0,579.5727,274.69458,0.12385307,0.08340221,1704.0195,162.82146,95.36079,156.55,0.028906237,0.06769627,0.023994097
0,4647.0,7.2458606,11.388599,60.0,36.0,24.0,23.0,165.24635,84.60757,0.9152847,0.9524696,121.46175,6.0693536,12.095871,10.971372,0.0,0.0,0.0
0,5378.0,13.3319845,11.305483,70.0,36.0,24.0,23.0,298.9566,129.2447,0.42530394,0.175769,200.63771,54.485744,15.077271,48.76398,0.0006563579,0.0012068192,0.004183532
0,4424.0,3.3598657,12.4593935,60.0,36.0,24.0,23.0,131.32457,46.983543,0.841242,0.9371294,33.99305,0.0,4.9563665,8.861061,0.0,0.0,0.0
0,5153.0,29.126537,10.005966,60.0,36.0,24.0,23.0,136.69637,2.1774635,0.59820664,0.6907598,520.20233,0.0,0.0,9.796847,0.00042995933,0.00024500763,0.0059454124
0,5120.0,23.147272,10.5469265,60.0,34.0,29.0,27.0,320.684,149.62671,0.71485645,0.2111519,183.07846,0.0,18.362402,15.475505,0.009693759,0.026418025,0.0045704306
0,5471.0,23.868158,10.200029,60.0,27.0,30.0,27.0,157.33905,37.969685,0.51685476,0.19815658,333.32303,0.0,0.0,9.638829,0.0007659832,0.0022401167,0.0016245779
0,5146.0,5.842756,11.342842,60.0,36.0,24.0,23.0,164.55026,18.09467,0.5095444,0.3737928,219.65149,1.8709897,0.0,14.190862,0.0007181316,0.00050201034,0.0052190465
0,5113.0,27.935436,10.429075,70.0,42.0,22.0,28.0,327.93286,134.83159,0.33086592,0.20986705,751.1584,86.54488,25.224726,48.00153,0.00023156733,0.00043804038,0.0013878213
0,5275.0,8.677717,10.952698,60.0,36.0,24.0,23.0,107.23756,9.837274,0.8527785,0.6862014,58.69664,2.71425,0.0,4.424818,0.0004680339,0.0010294609,0.0003585874
0,5537.0,32.05702,9.706832,60.0,33.0,29.0,34.0,158.25632,23.12748,0.55411977,0.09648176,426.79285,0.0,0.0,18.40722,0.0002253493,0.00028893072,0.006650534
0,486.0,9.003571,10.724415,10.0,36.0,24.0,23.0,1163.7344,786.5993,0.9747391,0.9948195,100.652176,83.78271,286.59744,90.405685,0.17381002,0.069890805,0.09367685
0,2991.0,31.526764,10.064231,60.0,36.0,24.0,23.0,227.43478,69.421196,0.39028332,0.7093251,893.78455,0.0,14.000215,7.8603935,0.0065203905,0.016031891,0.014369959
0,2882.0,27.266388,9.713548,60.0,47.0,18.0,24.0,221.53526,31.73799,0.77776337,0.96336913,602.4247,0.0,0.0,14.693011,0.00080357614,0.0016761554,0.00094284175
0,5147.0,6.9240446,11.617136,60.0,36.0,24.0,23.0,89.06527,3.1898885,0.8366429,0.700582,46.480545,0.0,0.0,4.1971436,0.00012056135,0.000208466,0.00028131786
0,5373.0,16.633305,10.646299,70.0,39.0,20.0,33.0,420.02078,168.89157,0.0811755,0.007077756,410.4548,33.416866,20.716248,70.380066,0.0016622024,0.008393985,0.016705917
0,4522.0,0.0,22.034767,80.0,36.0,24.0,23.0,179.8026,43.199783,0.99341595,0.9865682,0.058998,18.694578,0.0,18.694578,0.00026888822,0.00021469675,0.0030842128
0,5072.0,34.13905,9.761734,70.0,38.0,19.0,29.0,359.3012,158.91061,0.44160143,0.1466923,1288.6177,77.852455,19.659155,69.881454,0.003528504,0.13535067,0.011723664
0,4.0,4.657566,18.858658,0.0,29.0,28.0,3.0,770.2193,600.9739,0.5238915,0.5933692,2.9661376,254.92755,178.71521,254.92755,0.11918457,0.016995598,0.07458169
0,5819.0,30.011698,10.08141,70.0,34.0,28.0,34.0,198.97899,76.9827,0.74689573,0.067519076,472.9861,18.217278,33.29901,10.239411,0.00084152084,0.0014123782,0.012643238
0,4625.0,23.570765,10.655043,60.0,42.0,19.0,28.0,660.31476,444.97876,0.09238708,0.022285398,151.04846,286.77756,140.99886,263.77075,0.0060800444,0.017576957,0.0139551805
0,5714.0,28.940512,9.782063,60.0,36.0,24.0,23.0,111.68757,5.8465605,0.17245705,0.033076715,400.63397,0.0,0.0,8.207875,0.0,0.0,0.0
0,5080.0,2.9273121,19.57843,60.0,36.0,24.0,23.0,113.47355,15.455431,0.35270253,0.24584457,0.0094451,3.1362293,0.0,5.6280594,0.0,0.0,0.0
0,4404.0,20.661825,10.201813,60.0,36.0,24.0,23.0,242.15744,94.25099,0.1029675,0.08185592,937.65405,4.6605444,32.258896,10.540849,0.0055741565,0.01443299,0.018443413
0,4063.0,32.064606,9.807025,30.0,32.0,27.0,28.0,277.84048,60.96565,0.38254654,0.43262997,1123.7628,0.0,0.0,10.982419,0.01637141,0.03602891,0.0039048642
0,5992.0,32.118702,9.358458,70.0,30.0,29.0,30.0,105.570854,7.9208612,0.13279165,0.051965438,972.14624,0.0,1.0573206e-08,5.4001307,0.00021369757,0.00026886858,0.0018466008
0,4301.0,33.160362,9.446116,60.0,35.0,24.0,25.0,294.58698,58.68001,0.39881492,0.33965167,935.34845,0.0,0.0,9.235404,0.014534265,0.032134835,0.002835331
0,4764.0,19.218313,10.408179,60.0,50.0,16.0,24.0,200.04608,48.449627,0.34237257,0.3559694,324.24503,15.298201,0.0,20.467176,0.00040042013,0.00026944792,0.006604597
0,4989.0,22.347694,10.196129,30.0,45.0,24.0,35.0,253.19647,69.96482,0.039201263,0.004604385,596.9667,6.1642513,3.138963,17.599157,0.0009673912,0.0014147053,0.014299068
0,5100.0,12.200247,11.132998,60.0,36.0,24.0,23.0,119.97013,2.2295296,0.18666027,0.22832385,137.56477,0.0,0.0,9.316829,0.0,0.0,0.0
0,4719.0,26.244244,10.276254,60.0,36.0,24.0,23.0,233.66864,105.110985,0.33516917,0.46494818,120.22229,29.036388,8.810099,29.036388,0.00043846358,0.0011188466,0.008731378
0,5510.0,18.446077,10.549152,80.0,36.0,24.0,23.0,117.95698,9.718348,0.24936657,0.1306453,162.00883,0.119167276,0.0,11.376235,0.0,0.0,0.0
0,5254.0,25.137873,10.24811,60.0,36.0,24.0,23.0,116.81598,13.863566,0.41538796,0.42776155,630.1386,1.0004655,0.0,5.791601,0.0,0.0,0.0
0,5433.0,30.591352,10.165493,60.0,36.0,24.0,23.0,226.69357,117.26618,0.4716617,0.29880506,381.39026,7.0764575,17.894432,27.502367,0.0,0.0,0.0
0,4629.0,12.197539,11.0944395,60.0,39.0,18.0,27.0,581.48987,278.72186,0.062577374,0.038066767,199.96407,175.84253,57.753452,175.84253,0.009437315,0.029242458,0.019484239
0,4505.0,28.675598,10.138514,70.0,36.0,24.0,23.0,315.41827,143.10724,0.41108826,0.29862833,1203.4136,12.228018,44.28179,12.582195,0.011869863,0.044872575,0.01799935
0,2062.0,39.949356,10.216902,60.0,36.0,24.0,23.0,153.26314,66.419395,0.6414869,0.8590191,209.06033,0.0,20.821495,11.62677,0.022684766,0.048987582,0.025269298
0,5009.0,34.265797,9.442185,60.0,35.0,24.0,24.0,206.63127,39.785954,0.37149525,0.25856942,1126.1196,0.0,0.21170889,11.615951,0.002743506,0.006836012,0.0067766733
0,5470.0,20.455486,10.609893,60.0,36.0,24.0,23.0,233.24274,107.461716,0.47974852,0.19950306,175.84735,28.027374,12.031971,28.027374,0.0004904723,0.0006660807,0.0068223127
0,5434.0,13.453221,11.428571,70.0,41.0,16.0,31.0,302.06735,99.10815,0.48458835,0.16984944,248.6275,4.551317,63.93804,16.868736,0.0003086091,0.010696176,0.001104291
0,4455.0,31.61184,10.178378,100.0,42.0,18.0,27.0,242.33723,46.702312,0.22262941,0.1126026,244.22717,27.147573,1.3850181,24.02601,0.0,0.0,0.0
0,4385.0,26.484234,10.01986,60.0,42.0,19.0,26.0,272.57953,187.6421,0.5225091,0.63191074,454.81177,68.85126,25.282068,35.870193,0.0006562873,0.000382939,0.0104946755
0,1674.0,14.116498,11.28026,30.0,28.0,30.0,13.0,481.25372,159.8928,0.4222411,0.9163692,48.656616,72.97913,51.18324,58.32371,0.037048317,0.016571896,0.014383406
0,4101.0,29.180353,10.172332,70.0,36.0,17.0,31.0,423.35114,116.14648,0.05970972,0.03249817,1030.0288,61.110836,32.0416,61.992813,0.0378725,0.046698913,0.025103325
0,5550.0,18.098513,10.805359,60.0,36.0,24.0,23.0,157.55565,59.86787,0.37837657,0.10131831,77.265945,5.237427,3.2005892,9.107,0.0027411333,0.010014834,0.0010535232
0,5621.0,30.931147,9.860528,70.0,44.0,16.0,32.0,441.125,284.906,0.66586643,0.17563918,539.92035,0.0,58.284233,21.921144,0.00036902222,0.0011969382,0.0022781473
0,4627.0,37.85041,9.564553,60.0,38.0,25.0,25.0,129.27032,10.651965,0.2982846,0.2407274,551.49414,2.724657,0.7725373,5.8713827,0.0015714781,0.0010003309,0.013662245
0,3906.0,42.011837,9.418084,30.0,34.0,25.0,24.0,286.72177,47.27546,0.6499329,0.666697,830.5541,0.0,0.0,8.720901,0.009915827,0.020562328,0.002203626
0,5370.0,36.85915,9.432649,70.0,42.0,18.0,31.0,249.26996,60.45845,0.15417069,0.036718678,699.3574,3.2788346,31.079647,10.468885,0.0013170725,0.04564881,0.0047128587
0,1166.0,28.689062,10.427535,10.0,34.0,30.0,17.0,1334.2141,717.199,0.7477365,0.97009355,131.47443,508.35233,203.3576,338.89453,0.1805002,0.043477412,0.05490343
0,4646.0,18.77461,10.158079,60.0,36.0,24.0,23.0,178.70178,109.23985,0.79315513,0.9710515,278.2935,0.0,13.024282,10.266546,0.0,0.0,0.0
0,4861.0,2.6144197,18.988455,60.0,36.0,24.0,23.0,86.52648,4.4110746,0.8928192,0.8260931,0.029130748,0.0,0.0,2.363485,0.00018888844,0.00022422663,0.00021062182
0,4522.0,0.0,19.759312,80.0,36.0,24.0,23.0,179.9733,43.84931,0.9758469,0.9132457,0.021008227,18.280773,0.0,18.280773,0.00015443009,0.00012015738,0.0020099212
0,2678.0,28.81459,10.528746,60.0,39.0,21.0,27.0,243.86911,21.01025,0.5148414,0.8418611,240.5982,0.24107592,1.7812874,20.162333,0.017754994,0.03521731,0.023600733
0,2305.0,33.759075,10.345339,60.0,36.0,24.0,23.0,187.26118,46.09167,0.698788,0.86308247,402.76492,0.0,0.0,8.764672,0.011729084,0.027843356,0.020167531
0,5063.0,21.872086,10.395471,60.0,31.0,28.0,27.0,262.35077,87.97596,0.18884161,0.10500373,421.07874,0.0,0.0,34.112244,0.0012434165,0.0045718774,0.0019317365
0,3412.0,36.675644,9.468367,30.0,42.0,19.0,24.0,545.5462,239.26828,0.14610095,0.20313673,491.65167,231.39594,105.03186,118.59789,0.075855866,0.046864998,0.030107474
0,2919.0,30.267797,10.042518,60.0,28.0,23.0,24.0,435.49228,133.50961,0.05457578,0.30861336,157.33975,127.151306,28.32792,86.310646,0.13553865,0.06188551,0.03667703
0,1528.0,2.3348963,12.518844,60.0,34.0,19.0,19.0,49.46864,11.389828,0.90148026,0.99559325,100.30125,0.0,0.0,4.9958425,6.367244e-06,2.5979001e-05,0.0003461118
0,4720.0,30.145935,10.127613,60.0,36.0,24.0,23.0,165.96669,75.75139,0.43828753,0.71001065,392.27896,0.0,11.598663,14.627217,0.0,0.0,0.0
0,5646.0,42.01668,9.336161,60.0,32.0,28.0,30.0,127.01565,12.770391,0.1765439,0.084048815,1861.6511,5.774687,0.0,7.2211504,0.0026718357,0.0014016464,0.015752772
0,1659.0,12.363295,10.611989,60.0,36.0,24.0,23.0,500.99518,163.84583,0.94967335,0.9976764,620.0817,0.0,36.229546,68.21664,0.016193425,0.02231122,0.012641692
0,5076.0,15.148131,10.549493,100.0,40.0,22.0,28.0,201.72876,85.7798,0.44066998,0.18158677,162.28375,15.880402,17.683992,22.18058,0.002075602,0.0010150633,0.011488262
0,4068.0,8.169369,11.394157,30.0,36.0,24.0,23.0,331.72632,165.16534,0.116736785,0.35211965,121.97519,0.0,32.185917,13.776047,0.0013051298,0.004007439,0.0058698705
0,2833.0,35.411335,9.71141,60.0,36.0,24.0,23.0,158.60117,25.762243,0.5546532,0.89558303,192.7381,0.0,0.0,6.2549047,6.936955e-05,0.00019660419,0.00021410454
0,3785.0,31.065508,9.470705,30.0,35.0,15.0,25.0,635.39844,332.71643,0.040021744,0.04331482,678.6702,471.7406,74.13597,289.82693,0.11124456,0.07640784,0.030641824
0,3735.0,33.67191,9.45753,100.0,36.0,24.0,23.0,804.0638,318.9888,0.185452,0.24522889,1207.7496,0.0,17.010843,22.707933,0.008587266,0.02690332,0.012517067
0,4527.0,5.9862533,12.620865,60.0,36.0,24.0,23.0,188.04053,43.405346,0.3124429,0.47571865,17.402359,20.573946,0.0,23.48632,0.0006019788,0.00079450704,0.0064165047
0,4848.0,6.5876307,17.98973,60.0,34.0,28.0,27.0,106.82769,6.6258183,0.7319074,0.6300615,6.6221414,0.0,0.0,4.054349,0.0007464322,0.0011875663,0.0004949681
0,5262.0,40.384094,9.186624,70.0,36.0,24.0,23.0,295.20673,135.7323,0.06806313,0.04411484,1164.2839,0.0,14.374716,19.63173,0.000323765,0.000753659,0.0027302047
0,4769.0,32.88816,9.847409,60.0,40.0,20.0,30.0,516.1706,279.9007,0.13209032,0.0068864455,457.93112,146.23465,74.692955,137.28827,0.0023877057,0.015562954,0.010802056
0,4841.0,40.455288,9.908695,60.0,40.0,21.0,28.0,272.31586,85.96363,0.25285172,0.1513063,1267.445,31.216227,36.148724,26.799788,0.004440843,0.017537668,0.009292898
0,5092.0,3.5035262,11.734487,60.0,36.0,25.0,26.0,121.72857,9.626304,0.7983344,0.52618223,36.996933,0.0,0.0,6.2604775,0.00027168007,0.0003276736,0.004170478
0,4267.0,24.447588,10.231964,60.0,36.0,24.0,23.0,194.24228,47.732788,0.06996365,0.06431454,223.45534,0.0,13.045767,7.303314,0.011733637,0.038398087,0.022018345
0,2812.0,9.236465,11.885335,60.0,36.0,24.0,23.0,114.135925,9.76953,0.5770878,0.7489313,41.41374,0.0,0.02337486,6.8011365,0.0054451614,0.009246385,0.02169117
0,5515.0,27.460297,9.597442,60.0,36.0,24.0,23.0,195.37378,43.415035,0.20079666,0.02295035,546.9457,16.108458,1.0529068,14.5756445,0.0004991644,0.0005322342,0.014283135
0,3878.0,31.70474,9.788029,30.0,34.0,22.0,22.0,290.31137,77.307915,0.5671388,0.57536805,391.68024,0.0,0.0072718603,10.79313,0.010057401,0.026961064,0.0023327132
0,3311.0,29.799511,10.20966,100.0,36.0,24.0,23.0,1159.3088,662.9826,0.12799968,0.12945879,286.30682,224.08641,178.90985,378.18457,0.049274452,0.057112217,0.020271184
0,5006.0,31.560303,9.920355,70.0,41.0,19.0,31.0,585.40515,368.73474,0.27285078,0.009171951,483.68204,259.12585,136.91689,259.12585,0.006900156,0.0140836965,0.015554508
0,4559.0,22.589403,10.099805,60.0,36.0,24.0,23.0,159.43906,30.44334,0.71167207,0.89753133,379.92993,18.005196,0.0,15.050668,0.00027585137,0.00019756408,0.010605144
0,3145.0,36.136013,10.260267,60.0,36.0,24.0,23.0,290.83328,152.24417,0.30948567,0.49203682,387.7667,0.0,48.89707,14.764635,0.0053765224,0.011427751,0.016401943
0,5242.0,31.334126,9.967516,70.0,36.0,24.0,23.0,332.191,184.36292,0.05006743,0.032232594,1108.6138,0.0,34.47679,19.70586,0.00017414936,0.0003675721,0.0013683778
0,5169.0,41.498066,9.277897,60.0,39.0,21.0,30.0,566.21484,358.20618,0.14051057,0.032024425,938.7688,556.1954,158.68625,278.0977,0.0656949,0.066393845,0.024674466
0,5482.0,31.053057,9.610359,70.0,27.0,30.0,26.0,176.2976,22.819592,0.47708064,0.2487881,627.8589,0.0,0.0,19.161547,0.00024005053,0.0004564625,0.0063880663
0,5734.0,30.567846,9.551151,70.0,26.0,38.0,33.0,134.47112,12.769049,0.270779,0.055754174,1000.8238,0.00021243977,0.0,7.1527834,0.0017747831,0.00141568,0.015169951
0,4219.0,27.778854,9.941223,60.0,43.0,19.0,31.0,1099.1097,787.3273,0.028714783,0.04854033,1295.0476,332.30145,285.3348,168.60005,0.08415823,0.072812386,0.03958255
0,3834.0,41.33401,9.455904,60.0,36.0,26.0,24.0,452.7807,224.48672,0.7607937,0.5969828,540.326,0.0,29.287214,19.011726,0.0118228365,0.0336009,0.0022797454
0,1518.0,23.485191,9.764195,10.0,36.0,24.0,23.0,1357.9854,772.4148,0.49571493,0.97022223,777.94226,136.4859,315.849,136.4859,0.058681894,0.02552431,0.029709915
0,5286.0,29.978306,9.746593,60.0,36.0,24.0,23.0,312.17184,144.67488,0.097067714,0.029058425,821.31537,0.13666818,45.357758,22.715279,0.0007534303,0.0016689075,0.005512126
0,4033.0,37.250744,10.3178005,30.0,40.0,22.0,28.0,193.57756,16.11616,0.16985206,0.28258872,220.61395,5.852515,0.0007202509,15.5632925,0.010935016,0.018745093,0.052482177
0,3957.0,37.16386,9.507359,60.0,42.0,19.0,29.0,230.93462,72.234,0.19377308,0.5828621,275.91397,49.1538,0.01923579,29.034773,0.00401699,0.0017187975,0.01456463
0,5235.0,22.57318,10.35439,60.0,36.0,24.0,23.0,214.13028,69.71418,0.7281231,0.35149276,232.29141,1.2643404,0.0,14.458807,0.0007438056,0.0004263652,0.006461727
0,5109.0,29.06319,9.932937,60.0,39.0,23.0,32.0,251.01636,138.5829,0.21652456,0.051395845,187.3011,27.602083,43.95403,20.96542,0.0010762097,0.0012525669,0.018539159
0,4665.0,22.777384,10.860458,60.0,42.0,22.0,37.0,424.786,174.51541,0.058817253,0.0040815836,99.599075,51.71734,30.740126,51.707127,0.0014312875,0.0106718885,0.015344855
0,4163.0,24.04716,11.062404,70.0,36.0,18.0,29.0,572.6051,284.13803,0.078217626,0.034062624,123.03681,468.43878,113.61045,286.06897,0.05014752,0.13764067,0.027671851
0,2915.0,34.43291,9.428144,10.0,34.0,24.0,18.0,610.54596,294.05713,0.21922438,0.60839486,806.8532,475.57397,90.169876,335.0771,0.069191165,0.047975563,0.020842293
0,0.0,0.0,23.133205,0.0,36.0,24.0,23.0,360.29306,151.24031,0.5238915,0.5933692,0.5021273,0.0,0.0,0.0,0.0,0.0,0.0
0,5301.0,2.2085772,12.466471,60.0,36.0,24.0,23.0,195.44312,107.559,0.5696078,0.26827312,7.8851533,19.286392,13.400957,18.24239,0.009723609,0.048346978,0.0030380285
0,5323.0,14.889963,10.362726,60.0,36.0,24.0,23.0,108.18404,11.8377905,0.6189235,0.565878,151.70996,2.3098612,0.0,4.4628353,0.0,0.0,0.0
0,251.0,3.4090748,12.916922,30.0,38.0,22.0,6.0,898.0058,667.5025,0.98407006,1.0,11.253762,263.44278,176.21481,263.44278,0.1249597,0.019875985,0.08054875
0,5953.0,36.88205,9.813894,70.0,36.0,24.0,23.0,321.85214,133.82582,0.4270136,0.40693972,1875.0042,103.19337,16.54317,58.203613,0.00079050177,0.0016557325,0.005389961
0,5098.0,32.832863,9.633982,70.0,42.0,18.0,30.0,648.90063,397.7877,0.030944102,0.009264746,1046.4971,272.56842,215.78464,160.20052,0.019296458,0.074368134,0.03462653
0,2214.0,25.072428,10.164996,10.0,33.0,22.0,15.0,1622.2589,951.6483,0.080952354,0.753675,1270.9723,720.149,260.16968,487.13336,0.35888153,0.16175748,0.13384406
0,4786.0,30.24383,10.364711,60.0,42.0,23.0,31.0,448.3227,209.50935,0.046123203,0.006380742,344.4146,55.347958,48.648293,55.347958,0.0015042248,0.016347406,0.012851764
0,4846.0,34.05153,9.440521,70.0,36.0,24.0,23.0,762.9571,425.6326,0.10392986,0.040718276,1213.1056,81.37647,128.60675,81.37647,0.07737173,0.05564089,0.027567754
0,5365.0,14.364536,10.647454,60.0,25.0,32.0,27.0,141.03825,13.27088,0.6716824,0.38068804,318.28693,0.0,0.0,7.405913,0.00028142246,0.00039556695,0.0025000076
0,4870.0,1.4646255,19.101656,60.0,36.0,24.0,23.0,94.5125,3.11181,0.86990076,0.89290434,0.028660804,0.0,0.0,2.6230428,0.00012935692,0.00016381264,0.0003981014
0,4358.0,39.58475,9.603618,60.0,41.0,19.0,28.0,272.20303,84.13911,0.14425217,0.108520836,900.1334,61.83091,17.40289,42.718372,0.0035175497,0.012423751,0.017287392
0,2462.0,33.932495,9.608281,30.0,36.0,24.0,23.0,1092.1571,518.24084,0.058581237,0.6179867,676.29443,162.56805,163.59833,162.56805,0.17377436,0.044168647,0.061809458
0,453.0,4.8608923,11.389136,20.0,36.0,24.0,23.0,1006.1658,694.89557,0.9730777,0.998004,91.37576,40.17367,267.54764,96.445755,0.17519362,0.05716765,0.09989699
0,5995.0,23.98145,9.830886,70.0,36.0,24.0,23.0,131.11037,40.34114,0.36087665,0.11307356,715.2585,0.0,0.0,10.516511,0.0,0.0,0.0
0,2137.0,24.799484,10.093746,60.0,39.0,19.0,24.0,104.18946,19.31078,0.8394115,0.9891254,260.25772,0.0,0.0,8.102856,4.9077724e-05,0.00014561763,0.00015313146
0,2603.0,30.458927,9.396681,30.0,35.0,25.0,21.0,1526.4546,860.4754,0.39868477,0.8258822,577.5666,435.12842,335.4137,235.36229,0.12906587,0.102903865,0.06256414
0,2875.0,29.994184,9.817502,10.0,36.0,24.0,23.0,803.8852,355.65417,0.13726489,0.548278,426.11362,81.2426,125.306244,108.11638,0.13325606,0.043565024,0.051944684
0,3535.0,32.303726,9.569165,30.0,36.0,24.0,23.0,194.30444,40.644302,0.13590232,0.39613125,1135.5931,0.0,0.0,10.309772,0.012925899,0.03518639,0.022148008
0,5547.0,38.026344,9.377782,60.0,34.0,29.0,30.0,352.6287,215.02386,0.18504229,0.065574326,480.4597,9.392812,31.709196,14.013675,0.00070448243,0.00075848715,0.0047187326
0,5117.0,36.09133,9.656885,60.0,37.0,24.0,25.0,281.60538,139.21736,0.20847507,0.091799796,650.07855,0.0,14.300613,32.493343,0.0046811914,0.011734291,0.009399536
0,5042.0,23.202637,10.093426,70.0,40.0,19.0,30.0,612.1553,376.06943,0.051616333,0.016296677,638.82587,345.7024,162.22034,243.72005,0.0115160495,0.033376783,0.02475108
0,4500.0,3.1906955,12.610899,60.0,35.0,25.0,23.0,231.17308,33.762745,0.7279193,0.48585474,7.930798,2.485266,1.0008488,16.28638,0.00028402076,0.026965644,0.0076860595
0,2070.0,13.955147,11.317864,30.0,28.0,22.0,14.0,609.75806,225.3795,0.45067576,0.90635747,54.869255,244.45216,75.238396,132.5713,0.08057877,0.030372957,0.029429603
0,3078.0,15.488098,11.271967,100.0,45.0,19.0,24.0,222.14153,85.169266,0.8407247,0.8413911,52.587524,80.11979,2.0146425,59.629345,0.005643897,0.007080644,0.020085705
0,3916.0,23.928967,12.485604,60.0,36.0,24.0,23.0,265.03418,102.17882,0.79633707,0.8334692,133.30621,3.389234,8.65937,11.096889,0.008093291,0.024075078,0.0014486574
0,3408.0,33.483593,9.937111,100.0,36.0,24.0,23.0,703.1042,287.0382,0.02881646,0.080339074,491.431,0.0,60.486584,80.68551,0.04470442,0.042066406,0.018522639
0,272.0,2.0579169,12.978039,40.0,37.0,22.0,5.0,948.43787,688.55865,0.96887785,0.98867744,1.5920023,140.5443,220.57166,140.5443,0.13358775,0.021399433,0.08346957
0,5278.0,31.531492,9.858439,60.0,38.0,21.0,33.0,393.73456,155.40083,0.15647118,0.04754045,694.1317,25.58459,35.420837,63.17861,0.005985237,0.010917785,0.020635305
0,4868.0,16.527464,10.77753,30.0,36.0,24.0,23.0,162.56366,69.99574,0.43444186,0.6250327,240.46309,0.0,9.1653385,17.666294,0.0,0.0,0.0
0,4843.0,8.676718,19.846521,60.0,32.0,27.0,25.0,135.18425,28.444988,0.8346914,0.7017459,0.0881471,0.0,0.0,9.611046,0.00079148344,0.0012965953,0.000656179
0,2810.0,31.41399,9.838548,60.0,36.0,24.0,23.0,323.00125,63.89822,0.21881106,0.784025,1081.4059,7.3475876,30.644424,13.710919,0.057058614,0.045651224,0.02051712
0,5746.0,18.4827,10.424762,70.0,30.0,28.0,31.0,110.260345,9.1327095,0.6769919,0.051577576,259.65027,0.0,0.0,6.289754,0.00011034903,0.00013260896,0.0033115726
0,4618.0,30.210918,10.66005,60.0,39.0,22.0,31.0,627.37854,380.72684,0.2273994,0.026255218,240.37665,240.65968,121.37471,240.65968,0.0040854677,0.0101310685,0.016067283
0,4990.0,29.171545,9.814422,60.0,36.0,24.0,23.0,304.75015,160.23572,0.20602448,0.05456897,684.9567,3.755729,46.7668,19.897802,0.0014847306,0.0032938132,0.016335152
0,4184.0,35.359653,9.534804,100.0,36.0,24.0,23.0,526.82666,244.04033,0.055827036,0.17047656,1589.0579,26.788713,90.79503,50.204376,0.07371063,0.079420455,0.02396336
0,5199.0,31.953098,9.860501,60.0,36.0,24.0,23.0,132.5967,10.620912,0.33102483,0.09273018,817.4194,2.715014,0.0,7.421947,0.0021603697,0.0015931888,0.009384147
0,5620.0,25.972473,9.83711,60.0,28.0,39.0,29.0,131.81401,10.320915,0.45538986,0.15075243,254.35158,0.0,0.0,5.280224,0.00010446334,0.00017609625,0.0038576913
0,5980.0,34.613956,10.73999,70.0,36.0,24.0,23.0,127.875084,6.520465,0.2408492,0.09637897,582.70056,0.0,0.0,5.265681,0.0007826574,0.0007555717,0.012922861
0,5937.0,30.736315,9.793071,70.0,29.0,33.0,34.0,113.413414,0.8676925,0.24334204,0.04693205,1192.8413,0.0,0.0,5.6431603,0.00061243156,0.00049600063,0.009899452
0,4835.0,2.0730097,19.484552,70.0,36.0,24.0,23.0,95.776146,3.420212,0.4675785,0.3541124,0.008103703,0.0,0.0,3.3611057,0.00013223942,0.00016148305,0.00035126987
0,0.0,0.0,21.205418,0.0,42.0,19.0,33.0,360.29306,151.24031,0.5238915,0.5933692,0.03357726,0.0,0.0,0.0,0.0018246013,0.0044737426,0.020199956
0,1864.0,14.304747,11.296213,10.0,27.0,32.0,14.0,473.01093,144.91536,0.3505973,0.86476916,61.134995,63.70391,42.083733,70.3845,0.04482805,0.0185062,0.015485699
0,5366.0,25.521046,10.179838,70.0,36.0,24.0,23.0,356.16956,141.4088,0.40170464,0.1202821,586.1132,15.666376,33.356102,17.105883,0.0016245352,0.036591202,0.002994953
0,4840.0,25.40694,10.553636,60.0,30.0,31.0,24.0,202.56564,78.97075,0.6849429,0.39585173,289.41605,0.0,1.0953395,12.032681,0.0025139744,0.005307803,0.0028398004
0,5364.0,26.286428,10.184436,70.0,37.0,26.0,26.0,340.94714,164.68529,0.2645018,0.011339949,702.20575,0.0,4.394908,15.950357,0.0048218626,0.0289786,0.0037599683
0,5254.0,25.264774,9.997647,60.0,36.0,24.0,23.0,164.21832,66.9533,0.34732768,0.19435993,162.18909,5.4965777,0.020649094,10.548936,0.00478121,0.016337434,0.0016146695
0,3408.0,31.873873,9.686821,30.0,38.0,22.0,20.0,1480.3635,566.8599,0.038006254,0.10224475,854.3853,370.61313,148.74628,203.722,0.2753554,0.11675087,0.09045316
0,5436.0,27.955692,9.821413,60.0,36.0,24.0,23.0,90.848206,8.587171,0.8313333,0.6069018,376.09283,1.2756405,0.0,5.0864644,0.00027117998,0.00052742654,0.00033702285
0,4486.0,16.21123,11.115413,100.0,38.0,18.0,25.0,639.41864,220.28326,0.053281862,0.04239332,185.89189,143.10022,38.181267,143.10022,0.006594999,0.022894192,0.020659894
0,885.0,14.431122,10.174469,30.0,33.0,26.0,14.0,1241.0334,870.0631,0.9819492,0.98923784,135.43736,175.22467,266.13202,175.22467,0.18380767,0.039527077,0.07231952
0,4921.0,24.103836,10.323759,60.0,43.0,19.0,34.0,473.07642,175.27048,0.11198438,0.009599307,381.65295,22.377474,36.131878,38.13485,0.005933364,0.043956343,0.022566115
0,5240.0,18.193224,11.142787,100.0,35.0,28.0,28.0,155.35287,43.08674,0.47938588,0.10882664,93.351006,22.257582,10.2269745,18.265629,0.0017312331,0.0007868649,0.008015671
0,5200.0,1.7670408,12.824312,60.0,36.0,24.0,23.0,166.78139,51.064445,0.57598394,0.6919254,4.4408884,7.234538,8.747875,9.109735,0.0005226617,0.001552048,0.0005917662
0,4426.0,8.510849,12.097605,60.0,36.0,24.0,23.0,165.16692,24.327093,0.66237,0.82437575,29.470676,1.4056337,0.0,13.524985,0.00081210735,0.00070175505,0.007477845
0,5431.0,15.558491,11.26644,60.0,28.0,30.0,23.0,109.86774,10.750395,0.45917958,0.27387288,243.76933,0.0,0.0,9.4136305,0.00074678217,0.0009523,0.00081060926
0,3892.0,36.78667,10.340896,60.0,40.0,25.0,26.0,296.6538,173.60965,0.6777249,0.88192856,201.18036,78.59407,12.947718,40.024914,0.004821058,0.0051788227,0.02064418
0,5166.0,25.264595,10.498509,60.0,36.0,24.0,23.0,360.29306,151.24031,0.067593835,0.0022900363,111.39373,7.334961,1.5088526,37.969185,0.00092175725,0.0035671266,0.013136325
0,4575.0,30.572258,10.420356,70.0,36.0,24.0,23.0,334.49112,174.17209,0.086183555,0.123773344,933.95013,5.1232867,80.28854,17.342638,0.006977776,0.017285794,0.020248791
0,3014.0,20.210117,10.880375,60.0,37.0,21.0,24.0,293.19775,56.603092,0.7579673,0.93160164,71.31951,0.0,0.0017224182,9.183842,0.013708989,0.029277856,0.002617384
0,5318.0,24.066664,10.284143,60.0,36.0,24.0,23.0,121.74479,10.4947605,0.31471112,0.15051283,106.50313,0.0,0.0,5.825685,0.0,0.0,0.0
0,4762.0,25.306925,10.581265,60.0,45.0,20.0,31.0,241.99712,56.32632,0.16479109,0.022384256,115.16871,8.940692,3.7295618,19.055536,0.0019213696,0.00078993104,0.014808736
0,3194.0,44.466072,9.415345,30.0,36.0,24.0,23.0,170.5294,64.44292,0.55590343,0.73587716,791.7015,0.0,17.65317,12.771542,0.022509024,0.048922054,0.023358135
0,4860.0,21.445559,10.840882,70.0,40.0,21.0,27.0,295.45895,124.42082,0.34936905,0.15635774,89.91414,58.104362,13.084556,58.104362,0.00076870894,0.0014133945,0.0048996415
0,3699.0,19.80005,11.103876,100.0,37.0,19.0,26.0,445.8393,159.69371,0.14072107,0.16600576,100.74641,80.06149,95.313225,73.08036,0.012920855,0.03397846,0.018108098
0,4053.0,37.97962,9.769613,30.0,40.0,19.0,27.0,237.50114,52.96298,0.23791955,0.27480793,679.5127,4.5730157,4.5872602,29.884771,0.007826498,0.017121492,0.020904668
0,5027.0,38.543823,9.484314,60.0,42.0,17.0,34.0,556.76404,323.93585,0.046558626,0.006948382,1050.2345,216.68094,123.5934,110.11075,0.043427125,0.051746514,0.023278497
0,4934.0,32.566307,9.732534,60.0,36.0,24.0,23.0,201.02992,87.50576,0.28652516,0.091051586,407.0339,11.186478,0.0,11.422685,0.009274402,0.026843408,0.0016601451
0,5108.0,14.223672,10.560058,60.0,36.0,24.0,23.0,90.41595,5.926914,0.9099847,0.75068367,170.07304,0.0,0.0,4.0288086,0.00016320591,0.00021587509,0.00020134132
0,5004.0,0.0,19.535006,80.0,36.0,24.0,23.0,115.747215,25.048635,0.9675357,0.95432454,0.022578452,3.0347476,0.0,5.6284637,0.0,0.0,0.0
0,1463.0,1.4541334,13.227793,60.0,34.0,21.0,21.0,46.753826,10.568771,0.90955174,0.9985097,7.7745075,0.0,0.0,6.4836407,4.9266832e-06,1.9779241e-05,0.00012824751
0,5061.0,12.694366,10.871246,60.0,36.0,24.0,23.0,335.08652,213.23836,0.7363572,0.8682799,103.37515,22.895493,37.1448,40.135284,0.0,0.0,0.0
0,4241.0,0.0,20.697834,80.0,36.0,24.0,23.0,124.7614,3.4753058,0.8496023,0.8291487,0.014619823,0.5914647,0.0,13.044471,0.0001449906,5.3894477e-05,0.0013082959
0,3514.0,34.83303,10.152013,60.0,35.0,22.0,25.0,304.0248,87.21411,0.8399215,0.8802872,210.28183,0.0,0.16089734,11.493486,0.0109481225,0.030706877,0.002453115
0,2979.0,27.766973,10.606986,30.0,33.0,20.0,24.0,395.81326,117.33863,0.24798413,0.5318863,134.38107,63.493572,47.169796,63.493572,0.019326966,0.045616932,0.02027248
0,5418.0,28.148092,9.802916,60.0,29.0,33.0,32.0,146.3744,16.69096,0.47014713,0.09092739,250.32516,0.0,0.0,11.693114,0.000181325,0.00065623637,0.0085125705
0,5094.0,2.2156203,19.19596,60.0,36.0,24.0,23.0,116.00484,17.816336,0.3172961,0.28518412,0.019449305,2.4162536,0.0,5.9628186,0.0,0.0,0.0
0,4881.0,36.901436,10.05777,60.0,36.0,24.0,23.0,157.5813,43.862022,0.4643206,0.41104138,156.12527,0.0,0.0,10.466711,0.00037586698,0.00025806282,0.015859364
0,4993.0,31.524113,9.648806,60.0,40.0,24.0,32.0,211.29404,24.895678,0.11179224,0.019700814,304.2038,0.87479305,0.0,29.588789,0.0043789865,0.0010974074,0.014175399
0,5639.0,42.14622,9.42693,70.0,41.0,18.0,31.0,239.91833,35.39722,0.2559905,0.08467784,884.5343,0.0,10.700596,9.862872,0.0016950067,0.035664238,0.0042995806
0,3509.0,22.212767,10.000702,30.0,41.0,23.0,23.0,1142.2518,542.42883,0.082628146,0.2650557,767.16876,368.42273,195.98978,187.59679,0.16364403,0.08465593,0.067965865
0,1806.0,23.88988,10.143299,10.0,30.0,25.0,15.0,1340.474,844.6299,0.7889747,0.9745736,540.3016,356.04944,248.57382,251.84752,0.261561,0.025316164,0.094199456
0,290.0,5.447614,11.115351,10.0,38.0,23.0,9.0,841.5146,587.085,0.9802428,0.99551064,75.32059,0.0,187.24518,175.77495,0.18901029,0.02932535,0.096674055
0,4791.0,32.74117,9.896103,60.0,42.0,17.0,28.0,103.66168,36.3224,0.35723808,0.24657328,457.67908,6.881363,11.003912,6.9369473,0.0014029347,0.0005089228,0.008797818
0,4836.0,12.255344,11.299673,70.0,42.0,20.0,25.0,274.08978,56.723797,0.23416248,0.08125889,62.23518,7.1346655,14.779448,50.054752,0.0,0.0004335,0.00038852412
0,1708.0,2.715629,11.940173,10.0,25.0,26.0,14.0,720.87445,267.80093,0.64751595,0.9565462,55.96129,245.68958,89.41827,177.30238,0.23079434,0.18955815,0.07045461
0,4043.0,29.454527,9.846401,30.0,36.0,24.0,23.0,554.8521,167.50937,0.67286766,0.567638,627.456,0.26474884,26.44218,56.06217,0.0005384245,0.0017538585,0.0010483346
0,5660.0,27.161642,9.915102,60.0,25.0,42.0,34.0,131.21016,9.682057,0.24191573,0.04245827,282.61316,0.0,0.0,5.2034626,9.424975e-05,0.0001371029,0.004077578
0,4694.0,18.21981,10.787578,60.0,42.0,19.0,28.0,602.76013,318.96054,0.06363458,0.0054931184,245.25821,186.3809,110.719574,186.3809,0.007364535,0.0074706953,0.025279041
0,5133.0,26.335352,10.103025,60.0,39.0,23.0,32.0,216.4416,55.150917,0.112588786,0.019635148,412.25223,22.353424,15.552332,18.54523,0.0010168736,0.0018906451,0.010494432
0,4190.0,40.54708,9.590263,60.0,33.0,24.0,26.0,411.41937,194.22173,0.8657734,0.8559293,391.3392,0.0,27.111809,13.968217,0.012842089,0.04763707,0.0040575657
0,216.0,1.7519039,15.251534,80.0,26.0,29.0,9.0,821.5383,568.51886,0.9703048,0.9965028,1.6565341,0.0,190.77496,165.87784,0.20421737,0.0314783,0.099966675
0,3939.0,36.193222,9.230663,30.0,39.0,23.0,22.0,271.3818,90.34118,0.5682515,0.6128386,658.8942,0.0,0.0,13.620296,0.012337287,0.034042306,0.0022347
0,859.0,8.486775,10.962878,10.0,33.0,27.0,12.0,1249.1849,876.9328,0.95514387,1.0,30.626495,222.62918,248.05486,222.62918,0.1530339,0.029213049,0.05993052
0,2929.0,26.232567,9.653557,10.0,39.0,19.0,18.0,599.47375,265.0438,0.1981497,0.4985576,1171.2937,278.61078,99.778946,167.16647,0.08116794,0.03795348,0.03189857
0,3055.0,34.781322,10.127915,60.0,36.0,24.0,23.0,197.6642,40.153934,0.25957042,0.6475752,183.3159,0.0,0.0,10.735512,0.012814836,0.035355516,0.022065308
0,4325.0,35.528065,9.954115,60.0,40.0,20.0,28.0,338.26517,140.41574,0.41788915,0.19969231,858.0171,85.97597,14.441748,65.227844,0.003961546,0.12749994,0.014632653
0,5783.0,31.492205,9.507103,60.0,33.0,29.0,30.0,183.62566,47.59965,0.31174207,0.06608813,853.56604,0.0,0.0,12.044911,0.0016739387,0.005491118,0.001781006
0,5002.0,31.368587,9.73502,60.0,37.0,24.0,25.0,151.58002,18.94641,0.13770826,0.06439084,793.4638,0.0,0.0014679292,5.5482426,0.004797874,0.013181089,0.010552903
0,5599.0,28.889194,10.017708,70.0,36.0,24.0,23.0,263.40164,79.319016,0.11171661,0.0013240728,535.89905,6.1578517,4.5702257,26.678953,0.00027488885,0.0048612077,0.009981548
0,2721.0,27.785559,9.672942,10.0,32.0,20.0,16.0,561.48425,241.38007,0.23737864,0.6999355,437.19058,339.63348,79.6165,201.70303,0.0651797,0.03332947,0.024391387
0,5244.0,31.57981,9.766383,60.0,34.0,27.0,26.0,202.93068,84.87474,0.4658257,0.3903343,869.62244,0.97336984,0.0,15.68568,0.00037464418,0.00025293292,0.01561134
0,2842.0,33.847317,9.457677,60.0,39.0,21.0,24.0,156.26152,27.096508,0.58135426,0.93002355,428.02274,0.0,0.0,8.841055,0.00061971846,0.001346019,0.00019331428
0,5595.0,13.02006,10.552063,60.0,36.0,24.0,23.0,112.15306,12.61796,0.4686689,0.19584356,120.74784,0.0,0.0,8.590023,0.0,0.0,0.0
0,4884.0,22.919514,10.343658,60.0,39.0,21.0,30.0,312.83743,90.421844,0.057845216,0.026937546,859.80426,7.986452,10.640151,52.449413,0.0136914365,0.0234126,0.014935588
0,5452.0,11.631333,10.704782,60.0,28.0,30.0,29.0,203.01181,22.760334,0.35301322,0.009941901,144.23984,0.0,0.0,11.730484,0.00063605385,0.0019981929,0.012658028
0,4519.0,10.486882,10.873318,60.0,36.0,24.0,23.0,208.2966,83.56576,0.6911205,0.92019415,101.98098,22.430643,11.154623,22.430643,0.00023524187,0.0002455386,0.010426617
0,3306.0,36.95188,9.640473,60.0,40.0,19.0,28.0,236.95502,16.278051,0.26242682,0.53999716,352.67044,1.2169241,1.2692525,23.504915,0.01640233,0.032340225,0.02238569
0,5522.0,25.21179,10.1258955,70.0,36.0,24.0,23.0,388.1722,191.36172,0.17058055,0.024865458,852.48126,0.0,22.911,14.905455,0.008685618,0.022152882,0.0025587617
0,3982.0,36.678055,9.693828,30.0,35.0,28.0,25.0,288.84763,48.92066,0.28663877,0.28529084,600.0227,0.0,0.0,7.5140247,0.012082091,0.026354766,0.0025013052
0,4862.0,1.6477851,19.704016,60.0,36.0,24.0,23.0,97.47707,3.4602597,0.8909811,0.8514151,0.015677927,0.0,0.0,4.9053106,0.00010722307,0.00011884111,0.000273474
0,4576.0,27.628641,10.018728,60.0,33.0,26.0,22.0,308.93225,114.548744,0.65679365,0.69142777,251.46236,0.0,11.656512,13.827735,0.0024774019,0.008755888,0.0017684951
0,5511.0,31.342243,9.554044,70.0,39.0,23.0,31.0,361.2454,107.31595,0.026569337,0.01480838,1314.7631,58.79631,20.034048,50.612537,0.0021456047,0.0022122224,0.018797215
0,4900.0,32.83756,10.184979,60.0,29.0,30.0,24.0,237.08456,100.85597,0.69933146,0.53536016,506.20773,0.0,0.0,10.418126,0.0019128432,0.0035144594,0.0005982299
0,4334.0,11.163198,12.124399,60.0,36.0,24.0,23.0,157.95541,57.717125,0.6557283,0.8243742,32.51171,1.0772194,9.177481,8.996408,0.0,0.0,0.0
0,4479.0,35.329784,9.50272,60.0,37.0,19.0,31.0,561.12335,265.07608,0.060476724,0.05161242,938.8354,397.79074,100.334564,249.3847,0.06817814,0.096668184,0.02674367
0,4613.0,12.94281,11.190952,70.0,40.0,23.0,26.0,177.68727,32.071423,0.4642693,0.12089397,96.493095,6.8429375,1.6424342,8.155979,0.0022670096,0.050825763,0.004878834
0,4305.0,30.35047,10.09949,60.0,33.0,27.0,26.0,154.4793,8.375659,0.33994904,0.38401362,333.16272,0.0,0.0,5.805229,0.0016963587,0.0049027787,0.008139114
0,5063.0,38.924656,9.769458,60.0,33.0,27.0,26.0,224.55548,26.357698,0.8502264,0.49833527,580.7831,1.1972295,0.0,18.365232,0.00033673763,0.030067682,0.0097410595
0,5247.0,4.130452,11.862133,60.0,36.0,24.0,23.0,96.76066,5.4039693,0.8051866,0.65560526,35.016125,0.0,0.0,4.4499235,0.00012179781,0.0002291062,0.00025591953
0,4071.0,30.944775,10.374036,30.0,37.0,21.0,25.0,307.0054,92.25647,0.21714626,0.28263643,1062.6045,49.42841,4.304604,49.42841,0.007256545,0.07642163,0.022017255
0,4275.0,7.8041105,11.4736185,60.0,36.0,24.0,23.0,157.00287,29.757822,0.752241,0.9413859,53.876495,14.4350395,0.0,12.649425,0.00018334102,0.00014439413,0.011193811
0,5112.0,6.1920643,11.96058,70.0,43.0,19.0,28.0,229.69896,50.66506,0.27254844,0.076018564,35.189594,13.882282,6.1522727,10.794141,0.0,0.0,0.0
0,4372.0,31.705126,9.9529915,60.0,43.0,21.0,25.0,159.6496,60.75718,0.6630751,0.82185066,727.86505,38.359985,0.0,18.43936,0.0033545482,0.0019959898,0.013297539
0,3952.0,36.40461,9.581672,30.0,36.0,26.0,23.0,371.57516,152.23416,0.40211877,0.4934143,776.7332,0.0,16.31348,56.723248,0.013352673,0.035982903,0.0024823786
0,4395.0,5.085838,11.987603,60.0,36.0,24.0,23.0,173.98479,48.792194,0.6195369,0.78691757,22.719643,14.592666,0.0,15.373381,0.0007394975,0.00046605783,0.0074523133
0,4434.0,15.117842,10.662858,60.0,36.0,24.0,23.0,210.84747,123.66344,0.6599954,0.9052004,179.33478,0.0,12.418172,24.63588,0.0,0.0,0.0
0,3458.0,17.0054,10.66817,30.0,37.0,23.0,26.0,332.10867,126.74521,0.15123293,0.2322119,103.33689,71.72001,52.127476,71.72001,0.017698884,0.08769177,0.016693115
0,2461.0,28.484385,10.099708,30.0,34.0,24.0,17.0,695.2835,228.7927,0.14634861,0.613542,228.9508,226.01405,63.610138,141.70357,0.08855697,0.029172003,0.029083382
0,3361.0,40.016884,9.664758,30.0,33.0,25.0,23.0,221.73375,40.163868,0.630771,0.73010415,154.88106,0.0,0.0,12.101075,0.0029784353,0.008330455,0.0008100786
0,3588.0,32.949802,9.904195,60.0,36.0,24.0,23.0,293.60257,66.43665,0.7670983,0.7938309,132.93211,0.0,9.9335,16.57488,0.00047307962,0.0015596665,0.0011542958
0,1772.0,32.39561,10.0297785,60.0,36.0,24.0,23.0,372.79233,184.68823,0.45338473,0.8748698,422.17178,30.20608,53.467495,16.906822,0.014183034,0.013904494,0.013572891
0,4632.0,16.106802,10.832929,60.0,31.0,25.0,23.0,237.31389,88.870255,0.85482913,0.77240074,146.44768,0.0,0.0,15.248897,0.00571835,0.016314361,0.0018521886
0,3705.0,41.727837,9.662061,100.0,37.0,21.0,25.0,389.4958,138.25761,0.12162313,0.25891045,544.4357,81.10366,25.284424,52.434814,0.02493394,0.03865398,0.016966268
0,3059.0,34.446484,9.87727,30.0,36.0,24.0,23.0,200.41904,37.439114,0.13197535,0.5359235,1213.0648,0.0,0.0,11.333901,0.013095059,0.03520476,0.022299802
0,1664.0,9.37925,10.841699,10.0,28.0,28.0,14.0,485.24326,147.4441,0.503571,0.96978146,65.34198,58.618446,47.468887,58.618446,0.05061636,0.022214865,0.019064752
0,5664.0,29.196371,10.309822,70.0,36.0,24.0,23.0,140.00737,12.525728,0.29881454,0.038155098,710.633,9.98881,0.0,9.98881,0.00078469067,0.0003437471,0.008951282
0,4531.0,0.41742057,20.349699,80.0,50.0,16.0,29.0,168.87682,14.120361,0.7312453,0.6147033,0.0101012075,8.124841,0.0,15.572113,0.0006952044,0.00072851375,0.0062230146
0,4708.0,31.135702,9.94954,60.0,36.0,24.0,23.0,123.20636,6.431007,0.7247274,0.78228545,295.7687,5.1305814,0.0,5.7541413,0.000625958,0.00032008078,0.0045405743
0,4964.0,33.623127,9.734749,60.0,30.0,28.0,26.0,141.27266,10.488471,0.3716941,0.43751788,667.79694,0.0,0.0,5.9787874,0.0011059723,0.0020492126,0.00084450847
0,5047.0,20.335886,10.556252,70.0,36.0,24.0,23.0,318.92026,140.03639,0.46068013,0.056042332,459.20926,0.0,20.059994,20.059994,0.011588376,0.030519115,0.0034579244
0,4330.0,19.696894,10.52125,60.0,36.0,24.0,23.0,214.89879,97.14265,0.9255734,0.9805142,118.05393,15.229466,14.565716,25.063728,0.0,0.0,0.0
0,4911.0,1.2501171,19.52417,60.0,36.0,24.0,23.0,84.15234,2.615938,0.89641047,0.83468163,0.06830425,0.0,0.0,3.300268,0.000117336116,0.00015600852,0.00036092903
0,5032.0,15.367352,10.2244215,60.0,36.0,24.0,23.0,173.08572,32.935867,0.35013938,0.4648562,405.2887,0.0,0.0,15.916351,0.0010897098,0.00060756295,0.007785392
0,270.0,1.6126273,12.414616,40.0,36.0,24.0,4.0,1101.6599,827.6642,0.98007536,1.0,10.674514,449.43988,277.4583,243.28593,0.17115146,0.027365921,0.086657986
0,5196.0,3.8447962,12.434338,60.0,27.0,31.0,26.0,98.4235,6.829223,0.6281483,0.6687972,13.857876,0.0,0.0,5.0725155,0.00026446933,0.0005204713,0.00049182447
0,5294.0,17.241314,10.165959,60.0,36.0,24.0,23.0,99.478165,6.3719077,0.76383036,0.7183458,128.09918,0.0,0.0,6.710622,0.00013623499,0.00027098876,0.00033240175
0,5169.0,26.35501,10.439741,70.0,36.0,24.0,23.0,300.87805,181.64758,0.13756105,0.08740033,620.328,0.0,37.84933,39.583664,0.0016876669,0.012278498,0.0012708362
0,4698.0,34.625267,10.294005,60.0,34.0,25.0,26.0,244.9621,102.82291,0.5088835,0.22264774,1138.3599,0.0,9.449495,14.057176,0.0032880115,0.010548538,0.016793707
0,3123.0,37.242218,10.475428,30.0,35.0,18.0,21.0,461.4587,176.61546,0.09053228,0.23311505,122.98662,192.59587,27.659798,132.12898,0.11566212,0.089768775,0.03245197
0,541.0,15.601384,10.657396,20.0,38.0,25.0,17.0,1245.8107,987.51263,0.9776913,0.98663884,62.79597,605.6705,328.96222,346.16437,0.03302004,0.0058165975,0.014028322
0,3697.0,12.199444,10.930835,100.0,36.0,24.0,23.0,345.4246,177.60434,0.038098354,0.11725866,68.9887,3.3638294,54.966583,17.1985,0.0032299503,0.0060230824,0.01754454
0,4248.0,25.602932,9.609322,30.0,47.0,18.0,32.0,245.91595,50.07457,0.077621154,0.119213335,406.53644,19.441542,0.0,28.390127,0.0028189484,0.0030416795,0.0124954935
0,3644.0,39.14995,9.972794,30.0,36.0,24.0,23.0,296.36722,154.95604,0.39193872,0.38330984,266.47308,0.0,49.584034,16.848595,0.004455564,0.009292943,0.015630767
0,5079.0,31.349104,9.639422,60.0,36.0,24.0,23.0,556.85376,167.27042,0.17558044,0.08211283,1328.5986,0.0,31.685696,49.72955,0.0002989943,0.00093574385,0.0006901784
0,4845.0,32.39204,9.822171,60.0,33.0,24.0,24.0,371.92035,215.34723,0.5705749,0.34980014,478.4376,0.0,31.618685,25.270523,0.0015545435,0.0050781695,0.009255684
0,2720.0,26.682974,9.777256,30.0,34.0,19.0,17.0,554.454,227.82843,0.09137437,0.49574223,343.3991,306.63693,76.54516,194.14034,0.08060244,0.035298903,0.02871192
0,2118.0,30.884481,9.619776,30.0,36.0,24.0,23.0,580.39545,190.13345,0.85546774,0.9560047,644.6263,5.690539,22.069992,21.510523,0.0028929329,0.0025301725,0.0014299969
0,5445.0,3.1524482,19.761103,60.0,36.0,24.0,23.0,126.07903,33.373764,0.4364959,0.32848614,0.0064564846,0.0,0.0,11.762109,0.00064727094,0.001562197,0.0005108402
0,4479.0,21.875685,10.008726,60.0,36.0,24.0,23.0,736.0632,367.51917,0.061193164,0.056597266,850.7228,0.0,47.887012,36.965946,0.0122655155,0.026709862,0.018839749
0,0.0,0.0,24.747665,0.0,39.0,20.0,22.0,360.29306,151.24031,0.5238915,0.5933692,0.19126652,0.0,0.0,0.0,0.0,0.0,0.0
0,5837.0,15.919615,10.580237,60.0,36.0,24.0,23.0,125.6616,24.70008,0.46870652,0.20208794,376.0354,1.0375844,0.0,5.950345,0.0,0.0,0.0
0,2048.0,13.808775,11.552528,10.0,29.0,23.0,14.0,680.3614,239.96884,0.42520073,0.88544184,39.784306,244.48668,72.630325,132.69208,0.09246332,0.029542606,0.031051265
0,5098.0,33.494987,9.597568,70.0,36.0,24.0,23.0,248.80542,70.94726,0.13645759,0.16321585,1661.4391,0.0,8.545691,12.320561,0.0006628655,0.013510384,0.005097958
0,4466.0,32.774,10.085322,100.0,41.0,21.0,31.0,347.8759,97.666306,0.0074545834,0.016048502,402.21133,46.613224,14.617797,40.88763,0.0017939082,0.0056218463,0.015417495
0,3775.0,32.53433,9.834321,30.0,38.0,20.0,23.0,260.90524,72.160995,0.40647683,0.50539637,587.05664,0.0,0.0018026722,12.23843,0.01314499,0.04212862,0.002511232
0,2693.0,8.354241,11.038482,60.0,36.0,24.0,23.0,210.23143,28.983501,0.72931683,0.9774081,101.68174,0.0,0.0,10.146686,0.0004889873,0.0017077569,0.0004802318
0,2406.0,25.060526,10.75817,30.0,32.0,22.0,19.0,548.2126,161.1708,0.3901461,0.832244,131.83397,93.46367,70.85451,61.266262,0.025435949,0.061096206,0.019051123
0,1116.0,31.661678,10.505357,30.0,36.0,24.0,23.0,946.16675,486.0082,0.61392593,0.9669974,88.84975,109.51442,153.25371,165.438,0.07698577,0.030230815,0.035984788
0,2584.0,9.810525,11.095751,60.0,36.0,24.0,23.0,230.05234,32.773434,0.9675187,0.9866785,130.12518,0.0,0.0,11.523534,0.00091570127,0.0019010099,0.0009525812
0,1374.0,24.67461,10.085543,30.0,35.0,23.0,17.0,606.877,374.86325,0.8069356,0.980521,291.9763,373.27457,130.61078,223.96474,0.055734105,0.025766538,0.047682818
0,4509.0,20.941809,10.776265,60.0,38.0,23.0,26.0,222.77628,87.45475,0.36745965,0.13617846,85.838455,34.7674,13.470086,34.7674,0.004622337,0.007407468,0.020532692
0,3655.0,27.677362,9.95884,30.0,42.0,19.0,22.0,529.03217,166.04216,0.0994524,0.10934855,1100.5353,169.68231,53.197445,169.68231,0.08046829,0.03274607,0.025428584
0,4862.0,1.1999989,19.123722,60.0,36.0,24.0,23.0,95.24319,3.4135902,0.8808214,0.9044079,0.033958584,0.0,0.0,2.590559,0.00013044487,0.00016392778,0.0003963927
0,374.0,10.631697,10.6017685,10.0,37.0,20.0,12.0,1098.4136,818.62585,0.95501554,0.9906354,65.747665,438.43384,253.13232,292.2892,0.13531528,0.023707956,0.064622715
0,5024.0,32.79329,9.607189,60.0,44.0,20.0,31.0,225.7376,52.03108,0.032454535,0.011772779,866.0572,7.5832543,0.01893054,17.160856,0.00032363748,0.00022439206,0.013661976
0,4081.0,29.07316,10.145129,60.0,46.0,19.0,30.0,208.05548,33.63828,0.0789378,0.10914168,641.30426,13.714472,0.0059424727,23.52768,0.004305026,0.00087484333,0.014247348
0,4693.0,7.0678115,11.707045,60.0,51.0,15.0,23.0,163.28519,20.970936,0.5362544,0.6834408,52.742416,9.891302,0.0,15.333497,0.00044818275,0.00040970207,0.0067855604
0,3637.0,20.76866,10.293407,30.0,39.0,22.0,20.0,1492.7358,543.2055,0.07600562,0.07168424,209.96165,326.1566,138.83496,202.87198,0.32904184,0.22779095,0.1040531
0,2250.0,31.900148,10.448344,30.0,35.0,26.0,24.0,245.93979,33.750786,0.6558773,0.94816697,254.6182,32.276924,0.0016454237,23.038443,0.028187007,0.03976449,0.022053799
0,2672.0,29.95353,9.714405,60.0,41.0,23.0,26.0,238.35437,13.83293,0.3921318,0.84088326,260.51233,1.147942,0.0,22.788965,0.019393275,0.03409692,0.024146607
0,3107.0,33.52671,9.95545,30.0,36.0,24.0,23.0,376.41617,93.50411,0.097877555,0.49190956,732.25854,0.0,38.337124,30.420862,0.09107217,0.09920752,0.03749257
0,2999.0,21.579601,9.917787,30.0,36.0,18.0,18.0,1175.0952,443.5639,0.11284784,0.46470472,574.14636,281.0866,134.60023,202.13734,0.3670472,0.26263452,0.113164514
0,5366.0,30.474174,9.837484,70.0,32.0,28.0,29.0,321.05847,112.31729,0.16354293,0.026143845,472.89954,0.0,11.612627,10.993338,0.0055090124,0.018490553,0.0029689092
0,364.0,4.629465,12.035987,20.0,36.0,21.0,11.0,1259.2233,1003.43726,0.97708166,0.9996698,14.15115,617.6463,308.2749,336.89798,0.0744778,0.010078964,0.031208651
0,1632.0,34.9075,9.462997,30.0,32.0,23.0,15.0,1007.6514,389.1512,0.7233804,0.956432,429.00168,300.6029,99.41383,170.95558,0.0804882,0.019510131,0.037045535
0,3903.0,17.313448,10.629165,70.0,38.0,18.0,27.0,593.0188,247.38885,0.085647166,0.09087095,318.17236,72.38393,136.37611,83.87673,0.03806202,0.05534984,0.024298362
0,859.0,8.486775,10.962878,10.0,33.0,27.0,12.0,1249.1849,876.9328,0.95514387,1.0,30.626495,222.62918,248.05486,222.62918,0.1530339,0.029213049,0.05993052
0,3565.0,38.129875,11.0691395,60.0,46.0,18.0,26.0,198.50694,24.38911,0.35884202,0.575228,138.88403,17.460304,0.0,29.868456,0.0047583957,0.0007852243,0.013933851
0,4207.0,22.817802,10.4756775,60.0,45.0,20.0,23.0,142.42763,18.097403,0.7454834,0.8866343,244.14581,13.211782,1.1616477,13.211782,0.0022587902,0.0011932008,0.0110826
0,5067.0,24.815788,10.252205,60.0,41.0,24.0,35.0,278.2301,81.14929,0.03919968,0.0070134345,242.86145,14.446714,7.2480354,42.842815,0.0041906703,0.0012099268,0.014503021
0,4928.0,9.859875,15.240477,60.0,36.0,24.0,23.0,83.591835,4.54807,0.89327604,0.8009905,17.225569,0.0,0.0,3.5123358,0.00016369886,0.00022129012,0.00020777789
0,3712.0,34.41267,9.318643,100.0,36.0,24.0,23.0,182.26102,77.15655,0.18490992,0.42847002,1061.482,3.9317589,25.550539,11.817774,0.017695135,0.03107583,0.023798648
0,5517.0,26.496967,10.04015,60.0,27.0,31.0,29.0,205.5961,22.97025,0.21067445,0.0055816816,180.94867,0.0,0.0,6.9405785,0.0006350784,0.0020205525,0.01297331
0,5135.0,31.415705,9.654183,70.0,36.0,24.0,23.0,355.11804,227.22237,0.5238915,0.5933692,1265.1123,3.801781,44.962383,21.10476,0.0002003109,0.0005351944,0.014611966
0,4353.0,30.539026,10.18364,100.0,39.0,21.0,29.0,213.31468,16.417604,0.36687163,0.32567286,1179.5037,13.351761,0.0,18.609407,0.024632437,0.03232766,0.02891372
0,3819.0,38.76869,9.7187805,30.0,34.0,23.0,26.0,182.79834,17.92742,0.25544655,0.4267203,653.9249,12.391304,0.0,12.80497,0.03964903,0.047311965,0.021763539
0,3127.0,34.579067,9.513592,30.0,37.0,23.0,23.0,1489.896,802.70447,0.19711585,0.39249492,831.5463,450.18304,311.3655,246.51183,0.12892303,0.0979523,0.060876466
0,1675.0,30.2272,9.831292,30.0,36.0,22.0,17.0,1141.0143,626.0982,0.85003674,0.9860438,434.9701,222.70866,223.3066,222.70866,0.18864866,0.030037269,0.06861329
0,5225.0,2.0040395,19.257923,60.0,36.0,24.0,23.0,105.46128,5.5087404,0.8162004,0.77245766,0.04618161,0.0,0.0,4.3605084,0.00012779108,0.00026899067,0.00024155028
0,6417.0,22.562685,10.728651,70.0,36.0,24.0,23.0,308.29715,100.960175,0.4533246,0.22296494,1155.1075,22.243828,5.9669404,33.502518,0.0,0.0,0.0
0,2013.0,31.19695,10.14806,30.0,36.0,21.0,14.0,713.1808,365.3448,0.64379704,0.905287,366.15536,297.3523,122.283806,171.14943,0.08783699,0.029981585,0.038519192
0,2280.0,31.718159,9.846026,30.0,34.0,23.0,16.0,1009.8799,471.03418,0.34248808,0.85631704,1127.2178,354.71854,138.6099,231.94585,0.076508775,0.017925624,0.029427366
0,1269.0,31.485954,9.881971,10.0,36.0,24.0,23.0,1222.7631,670.6845,0.87114495,0.9910098,239.96333,91.5982,220.69373,175.88524,0.04813893,0.024033904,0.025294753
0,1562.0,34.860878,10.015211,30.0,35.0,20.0,16.0,536.8177,273.61588,0.6225127,0.93776673,372.26575,266.90527,103.045654,160.14317,0.056394402,0.027924256,0.031270783
0,3639.0,37.748436,9.548902,60.0,37.0,22.0,24.0,270.13925,42.252235,0.69685405,0.76692504,493.0968,1.8086963e-05,0.011953372,8.62598,0.016312279,0.03373089,0.0031379284
0,4342.0,30.561663,10.167146,100.0,37.0,18.0,30.0,415.9043,111.39931,0.026296694,0.042591725,954.26105,91.36013,1.2661861,49.18614,0.015053033,0.038990933,0.020840552
0,5322.0,2.2301419,12.339451,60.0,27.0,34.0,25.0,111.42589,7.598174,0.6609077,0.69578725,28.069304,0.0,0.0,8.187114,0.00013979143,0.00028225448,0.00062488567
0,3050.0,35.221638,10.041156,30.0,36.0,24.0,23.0,191.18785,39.148853,0.09327163,0.54378843,377.056,0.0,0.0,6.3847117,0.012575498,0.027298763,0.019735333
0,1687.0,3.4460742,11.934507,10.0,21.0,25.0,13.0,680.38586,286.806,0.78223157,0.96839845,47.61503,220.52295,82.992676,169.58876,0.25248283,0.35300815,0.11325146
0,242.0,2.663604,12.299422,40.0,35.0,22.0,10.0,955.0002,677.98334,0.98089164,0.99600285,11.87551,85.425476,252.07838,111.11859,0.15829474,0.034421094,0.08765141
0,4858.0,35.04366,9.489035,70.0,36.0,24.0,23.0,183.21788,48.466713,0.35360536,0.08730625,923.26086,0.48808992,0.0,8.219269,0.0069743316,0.014559256,0.016599748
0,978.0,18.320547,9.908008,10.0,32.0,29.0,17.0,1236.3032,862.48035,0.94828063,0.99702114,257.22922,285.5675,208.03888,285.5675,0.13868743,0.022915866,0.06288498
0,4850.0,23.942633,10.737515,70.0,42.0,18.0,34.0,608.15967,324.73587,0.06715031,0.0030365286,157.21649,56.39614,44.788765,92.4283,0.0036247396,0.060047705,0.015818244
0,4886.0,32.5253,10.048122,60.0,36.0,22.0,29.0,275.00888,99.72402,0.36697897,0.09665976,356.0334,183.4311,7.2351627,94.08944,0.022761209,0.017021798,0.02696846
0,3078.0,33.04235,9.847195,10.0,41.0,19.0,20.0,680.71576,313.5205,0.07019344,0.23193218,187.34819,300.7819,64.10537,300.7819,0.1110321,0.05164648,0.031683866
0,4713.0,34.34514,9.883189,60.0,37.0,25.0,24.0,294.12808,86.84403,0.28566822,0.13959053,910.58276,1.0851765,5.632041,10.937219,0.011847007,0.038650483,0.003988922
0,4975.0,35.35139,9.591617,70.0,42.0,17.0,27.0,395.63385,188.55144,0.31047204,0.18764839,690.1273,76.22956,47.880444,73.503944,0.0028955615,0.13162248,0.00957849
0,3340.0,34.292484,10.13713,60.0,39.0,21.0,26.0,203.39552,28.61496,0.17767899,0.6354279,877.23914,9.1042595,0.0,23.915213,0.02737172,0.029166047,0.017586865
0,1636.0,5.492812,11.382047,30.0,22.0,28.0,14.0,625.2953,244.2691,0.8201323,0.9652146,29.644701,279.99878,77.95438,143.74944,0.13883525,0.234925,0.068667896
0,4876.0,18.97031,10.36976,70.0,42.0,16.0,30.0,611.48456,354.72592,0.014790915,0.012758786,1394.8444,193.88422,252.90791,138.70624,0.032353442,0.07951076,0.021880027
0,2898.0,30.770754,10.007383,10.0,36.0,24.0,23.0,920.66626,425.4636,0.15725812,0.5204043,867.8401,31.268986,109.62042,204.66963,0.07239865,0.050696623,0.033759624
0,5295.0,34.747723,9.30676,60.0,36.0,24.0,23.0,358.229,168.45535,0.3299853,0.0693562,1142.8145,0.0,7.259015,16.978151,0.011273039,0.027516346,0.0021671206
0,4309.0,6.625503,12.755032,60.0,36.0,24.0,23.0,122.62172,34.779587,0.6351357,0.739972,21.067528,0.0,0.57555586,9.597965,0.0,0.0,0.0
0,5040.0,32.655678,10.002931,70.0,37.0,26.0,26.0,243.14137,85.51569,0.07191636,0.019295765,736.1258,0.0,0.02073396,14.417393,0.0025422992,0.0059993425,0.001929903
0,3951.0,31.965261,10.094484,30.0,36.0,24.0,23.0,697.83167,273.28278,0.06639083,0.09540911,316.89374,0.0,80.949265,49.937084,0.027253121,0.023172572,0.017232617
0,4633.0,27.758512,10.171186,70.0,36.0,24.0,23.0,322.80273,165.61145,0.16138376,0.1586837,803.61615,9.647488,53.572636,14.738818,0.0040970347,0.011363519,0.015056363
0,3911.0,33.920563,9.633628,100.0,39.0,17.0,26.0,502.33545,211.18698,0.10785767,0.1146384,903.2746,248.59695,80.49957,158.59613,0.09195285,0.053826313,0.03282663
0,5006.0,20.427155,10.525882,60.0,35.0,24.0,31.0,222.30171,37.771626,0.09191313,0.06557385,557.39496,40.954277,2.2118645,28.303768,0.01347572,0.020227784,0.028492885
0,2817.0,29.217058,9.920197,10.0,36.0,24.0,23.0,743.9218,331.65335,0.04539127,0.3476988,585.8992,93.42386,96.79159,119.14458,0.11848926,0.047488105,0.04860975
0,5697.0,22.954899,9.962512,60.0,36.0,24.0,23.0,127.77783,30.313946,0.4614299,0.25112432,181.92938,0.0,0.0,6.4112496,0.0,0.0,0.0
0,5850.0,25.056873,9.919397,70.0,36.0,24.0,23.0,155.09239,64.82815,0.31842437,0.033498798,470.31876,6.9466147,3.2084808,9.680768,0.0070009395,0.038144324,0.0022364338
0,5709.0,17.43313,10.766384,60.0,36.0,24.0,23.0,177.54326,18.520903,0.5316644,0.07328943,652.2467,0.18282188,0.0,10.015007,0.00082764693,0.00064076384,0.0045691393
0,5243.0,24.994383,10.245422,60.0,36.0,24.0,23.0,180.17891,34.88962,0.08605006,0.008434906,370.2904,15.892412,0.0,15.468944,0.0005372202,0.00085386634,0.013486716
0,3704.0,31.01156,9.7544985,100.0,36.0,24.0,23.0,676.217,303.9772,0.07334208,0.1393199,1002.0223,85.3016,93.397125,103.261314,0.11976957,0.044485908,0.047593247
0,2257.0,23.53943,14.450514,0.0,41.0,18.0,37.0,360.29306,151.24031,0.5238915,0.5933692,505.91583,0.0,0.0,0.0,0.00939244,0.07184403,0.01732337
0,4785.0,36.51641,9.404439,70.0,36.0,27.0,24.0,300.21277,132.39964,0.07634957,0.037508924,390.16852,0.0,16.958088,16.368448,0.0072529726,0.021648135,0.003342694
0,2676.0,34.929115,9.935798,60.0,42.0,20.0,24.0,197.15834,28.548225,0.5938323,0.8875368,197.82893,0.0,0.0,9.772607,0.00022940373,0.0005372197,0.00044945462
0,3288.0,21.364275,9.963415,30.0,36.0,24.0,23.0,246.16823,34.556656,0.7227176,0.8496643,234.16237,0.0,0.0,8.162874,0.0013878855,0.0040545627,0.00040810462
0,2499.0,43.307472,9.405784,30.0,36.0,24.0,23.0,519.84644,269.8709,0.15101735,0.69865227,709.62665,50.532486,71.43393,88.19282,0.022402758,0.039433334,0.012528415
0,2652.0,31.412878,10.358191,60.0,34.0,23.0,25.0,264.18378,60.446777,0.51286805,0.86913675,237.89632,56.213837,0.30339703,56.213837,0.021328794,0.036356773,0.02177561
0,4816.0,25.08883,10.191819,60.0,35.0,23.0,25.0,368.17053,211.80484,0.48265836,0.22024755,311.4522,0.0,39.712063,39.712063,0.0059140367,0.012733484,0.008489159
0,4363.0,16.335453,10.74949,100.0,36.0,24.0,23.0,494.39664,223.37599,0.06770102,0.058862302,269.98,1.409558,21.56401,17.208435,0.009883304,0.039211188,0.022069624
0,3409.0,38.97727,9.925002,60.0,37.0,23.0,24.0,416.87753,111.44717,0.3941403,0.5796935,243.89716,40.337433,34.894417,34.61105,0.043500554,0.04820074,0.019942166
0,437.0,17.602552,12.042503,10.0,40.0,25.0,14.0,1296.2897,995.8659,0.5238915,0.5933692,161.69539,608.3815,328.6555,352.04865,0.008469652,0.009395508,0.002439888
0,4970.0,35.3558,9.619936,60.0,36.0,24.0,23.0,112.45507,29.670826,0.17170896,0.19508797,1451.5417,0.0,9.019492,5.886779,0.0021818157,0.004081516,0.013503365
0,2844.0,17.646673,10.923913,30.0,40.0,18.0,22.0,589.9311,268.15924,0.2288809,0.55014825,95.41258,157.69849,88.61668,157.69849,0.034019053,0.07794547,0.030825367
0,4222.0,31.810696,9.913825,60.0,36.0,24.0,23.0,325.3496,130.54294,0.5275517,0.30544117,325.0692,0.0,0.8979892,15.4444475,0.013361416,0.059690468,0.0042771916
0,1854.0,29.032263,9.782184,10.0,26.0,29.0,16.0,1133.043,540.3043,0.16922429,0.84772533,276.02917,286.0688,176.37735,286.0688,0.18196952,0.040742867,0.06527123
0,624.0,6.4368334,11.467703,50.0,26.0,23.0,13.0,1292.2307,864.55536,0.95558375,0.9916627,85.20249,203.51608,297.36816,203.51608,0.19399203,0.04005832,0.062258344
0,1480.0,1.7425511,12.830274,60.0,36.0,24.0,23.0,42.702396,8.168911,0.9405788,0.9890635,18.407621,0.0,0.0,5.433064,6.963018e-06,2.9345176e-05,0.00012342681
0,4547.0,19.155209,10.453917,60.0,36.0,22.0,24.0,152.12103,16.296345,0.84056956,0.70329183,71.73185,0.0,0.0,7.622778,0.00052988046,0.00092172256,0.00085074623
0,3801.0,27.338236,9.785582,100.0,36.0,17.0,27.0,478.55377,151.83334,0.05682897,0.042363543,338.17242,168.62254,30.828411,115.57096,0.14336948,0.068991564,0.04158129
0,5245.0,19.369232,10.376256,60.0,40.0,21.0,30.0,237.87012,65.72066,0.13311575,0.051301654,450.97058,55.958206,11.620816,37.331306,0.0012263516,0.0032283543,0.0062288726
0,4053.0,34.365242,9.84891,100.0,36.0,24.0,23.0,1079.6262,490.97067,0.035816673,0.035236087,1087.1078,62.69993,127.66728,162.93501,0.08077077,0.066501334,0.03553378
0,5566.0,35.08232,9.426536,70.0,40.0,20.0,32.0,640.06396,422.43503,0.40468377,0.038319148,639.30115,196.85779,140.82489,196.85779,0.0036002921,0.017575035,0.006465379
0,5442.0,24.282745,10.307013,60.0,26.0,35.0,24.0,102.22857,3.4306853,0.46175972,0.38433006,159.38962,0.0,0.0,4.341345,0.00022022566,0.00030706,0.0005976963
0,5330.0,20.49836,10.5749,70.0,39.0,18.0,32.0,339.81613,177.221,0.06428302,0.02822798,477.97922,6.6253257,49.03831,15.114622,4.884845e-05,0.0008321055,0.0024209553
0,4770.0,1.5208558,20.117672,70.0,31.0,27.0,21.0,101.34904,7.940863,0.9289265,0.85032105,0.0073105427,0.0,0.0,4.9419255,0.00019424253,0.0002483341,0.0003196024
0,1606.0,32.86326,10.682586,30.0,41.0,30.0,15.0,779.43286,508.6182,0.7002933,0.9711321,141.64473,412.9007,170.65579,206.45035,0.077595316,0.05439562,0.037427373
0,399.0,5.503532,11.824002,40.0,37.0,20.0,11.0,1153.7229,891.1449,0.9808805,0.9921925,14.886857,560.3205,307.695,357.47955,0.035287946,0.0063927104,0.014355124
0,4198.0,31.494564,9.911646,60.0,37.0,17.0,30.0,924.7544,562.4961,0.0876329,0.09594302,850.16895,220.18114,172.29056,220.18114,0.031000094,0.08134077,0.020461824
0,4362.0,22.03291,11.10444,60.0,38.0,19.0,28.0,660.9688,390.0421,0.03979027,0.010901065,512.47076,495.61908,157.7102,285.19626,0.025789091,0.08600935,0.026646638
0,4959.0,2.4454794,12.509947,60.0,36.0,24.0,23.0,86.95623,11.95282,0.7549344,0.8237053,20.248129,4.056387,0.0,4.146979,0.00020912591,0.00040055727,0.00039538942
0,2130.0,29.262676,9.733923,10.0,34.0,21.0,14.0,603.81976,320.14835,0.516241,0.895895,539.5142,299.78693,109.77955,175.2528,0.053266246,0.025293155,0.040017046
0,3779.0,23.381895,10.061893,30.0,36.0,24.0,23.0,370.76974,58.19991,0.6507617,0.7005529,96.85149,0.0,0.0,11.060951,0.000119910874,0.00032681672,0.00025783762
0,2934.0,26.634417,9.721066,10.0,35.0,24.0,18.0,880.4622,369.6299,0.13178042,0.39287466,310.36255,45.110367,116.93898,97.51578,0.11443068,0.041801404,0.040002935
0,5098.0,5.14835,11.967866,70.0,44.0,16.0,27.0,272.73956,70.248314,0.36300907,0.12848225,39.378975,26.03199,13.689588,11.96202,0.0,0.0,0.0
0,4791.0,40.83443,9.93817,70.0,40.0,20.0,28.0,274.4675,61.908375,0.076793954,0.09361589,1136.9048,43.214355,6.7979627,41.000977,0.013867762,0.23590821,0.028451875
0,2679.0,31.421059,10.072809,30.0,38.0,24.0,21.0,723.2162,447.619,0.29178372,0.73282754,196.85301,429.0021,146.5082,302.79398,0.08241043,0.05563945,0.038146116
0,4079.0,38.55758,9.420446,60.0,36.0,23.0,28.0,276.51498,77.25064,0.3728942,0.36782557,1551.1759,71.588005,0.0,71.588005,0.015843345,0.038711272,0.021818046
0,4312.0,24.024485,10.146107,100.0,36.0,24.0,23.0,662.36456,249.04152,0.040067986,0.04213639,387.67456,0.0,81.84913,68.813286,0.026505377,0.02271487,0.014182221
0,5388.0,25.6818,10.556529,60.0,36.0,24.0,23.0,173.25491,77.218956,0.3768778,0.053368352,172.91339,0.0,0.0,22.127285,0.0018314212,0.0074183512,0.0013673423
0,4712.0,26.452446,10.073389,60.0,37.0,23.0,30.0,277.18015,71.40192,0.12826839,0.1553215,441.7001,5.4558926,24.577827,37.105675,0.016901564,0.024322007,0.027974827
0,5584.0,20.688662,10.3933935,70.0,32.0,31.0,30.0,206.3571,89.679955,0.27814427,0.042361584,250.35442,0.03359427,0.012410594,15.590428,0.00029985237,0.00022511174,0.014472433
0,1825.0,22.231905,10.1833935,30.0,36.0,24.0,23.0,1338.7512,791.6026,0.4931817,0.92371625,377.55518,121.10218,364.4981,137.50558,0.17102195,0.04100652,0.06845723
0,4109.0,32.051437,10.044892,30.0,36.0,27.0,23.0,340.75455,154.68654,0.44706973,0.31784892,536.0822,2.7392688,21.81314,13.080254,0.021099124,0.059474416,0.0047515845
0,1593.0,25.671726,9.73414,30.0,40.0,31.0,15.0,1025.3538,713.41534,0.804938,0.968659,484.56088,395.47064,269.33353,180.37753,0.07668041,0.060913596,0.038647026
0,4819.0,36.61495,9.427602,60.0,42.0,21.0,26.0,230.74057,92.78132,0.31851155,0.16745025,1480.5626,61.28726,7.6922436,61.28726,0.0035768275,0.006882337,0.019350693
0,3817.0,25.457901,10.697213,60.0,36.0,23.0,28.0,284.85425,108.26625,0.9088299,0.9014571,110.528046,0.0,0.0,24.156233,0.006063392,0.017907243,0.001837999
0,3180.0,39.526653,9.955668,30.0,36.0,24.0,23.0,282.52518,112.55324,0.23630969,0.44154975,231.23727,10.475128,39.054897,15.805536,0.016632324,0.023074625,0.02229214
0,3215.0,38.37472,9.85492,60.0,39.0,20.0,26.0,252.27661,39.369274,0.62558967,0.8568685,778.90356,5.6013675,9.711946,28.852428,0.01775306,0.035508312,0.018780926
0,4499.0,31.922081,9.701725,30.0,42.0,20.0,28.0,121.29634,56.363712,0.28899384,0.3755344,490.89816,36.04363,18.118937,18.021814,0.0020205618,0.00059141795,0.0116004525
0,4950.0,2.4253058,13.402507,60.0,28.0,34.0,26.0,96.19422,3.8383746,0.8826781,0.8586832,10.688332,0.0,0.0,5.359763,0.00014894945,0.00024281492,0.0005096188
0,3758.0,31.056362,10.049291,100.0,36.0,24.0,23.0,128.14755,27.694298,0.07475765,0.027771063,212.02351,0.0,15.022986,7.0325837,0.0018460676,0.0034885316,0.0114265345
0,3044.0,46.897602,9.872267,60.0,34.0,23.0,26.0,393.11545,156.32274,0.17700307,0.57681614,468.56378,112.24104,25.093079,81.51295,0.022899903,0.035736915,0.01621981
0,4241.0,0.0010623578,19.46331,80.0,52.0,14.0,25.0,130.83989,8.894315,0.94160575,0.9227624,0.015299264,2.3107147,0.0,6.455661,0.0018854488,0.0016550043,0.010146801
0,2983.0,34.6186,9.903101,10.0,35.0,24.0,25.0,357.69006,111.77837,0.2578243,0.5898629,250.39612,88.246994,23.570927,50.141586,0.023635231,0.033450417,0.017956324
0,4046.0,26.70313,9.766518,30.0,36.0,24.0,23.0,1094.2028,406.3882,0.051380657,0.05934642,1166.9086,91.69798,70.299416,137.48047,0.091021046,0.10566502,0.026536698
0,5299.0,2.6838226,12.016418,60.0,36.0,24.0,23.0,102.80521,8.541583,0.7213745,0.66043353,23.547554,0.0,0.0,7.136068,0.00013022457,0.000271326,0.00021909404
0,4846.0,25.117548,12.065757,60.0,36.0,25.0,29.0,156.07758,22.005033,0.5002359,0.14071831,147.20996,0.072562866,0.0,14.454438,0.0004698562,0.0011005825,0.015833765
0,5144.0,28.908382,9.882113,60.0,37.0,23.0,31.0,200.37305,28.360207,0.14963259,0.096293524,769.15594,2.3894439,0.7695325,12.926167,0.010464553,0.023319157,0.026028264
0,5325.0,1.7566013,12.3921995,60.0,36.0,24.0,23.0,106.928246,11.515848,0.67153054,0.6977161,41.508957,0.27390653,0.0,5.7200174,0.0,0.0,0.0
0,4682.0,27.354738,10.348249,60.0,42.0,16.0,24.0,205.9017,67.43251,0.60789925,0.68049645,193.04675,20.018675,0.0,55.01558,0.0019479608,0.00097290793,0.00742907
0,1589.0,1.8480048,12.892132,50.0,36.0,24.0,23.0,726.75104,204.26395,0.7099487,0.9393906,4.950848,113.225914,83.11063,82.09822,0.15419725,0.1508711,0.05156273
0,5054.0,18.08736,11.240043,100.0,30.0,32.0,25.0,201.40076,78.277,0.49037856,0.20129485,421.42932,0.0,1.1098878,12.673013,0.0026938436,0.0052394005,0.002653632
0,5980.0,19.98264,10.3745365,70.0,36.0,24.0,23.0,130.69997,5.353707,0.5789955,0.10047224,706.4274,0.0,0.0,5.1660023,0.00041777143,0.00026972612,0.015281948
0,4253.0,27.889706,9.603759,60.0,36.0,24.0,23.0,301.10547,67.05826,0.11206463,0.1297491,643.83563,1.6918327,32.891735,18.665815,0.010149262,0.03019945,0.010438542
0,3931.0,30.960592,9.769869,100.0,36.0,24.0,23.0,366.94324,69.10365,0.088991664,0.12914607,524.68317,0.0,27.628815,16.993118,0.010697458,0.03832828,0.012431893
0,3934.0,36.654396,9.258967,60.0,36.0,21.0,25.0,285.2578,48.599316,0.4370241,0.53941226,1083.84,0.0,0.0,7.7268434,0.015191643,0.033526625,0.0032653802
0,3684.0,46.87465,9.554627,30.0,36.0,24.0,23.0,490.46857,163.86734,0.40500978,0.3651741,796.9641,4.0282903,67.90765,64.394646,0.024033308,0.025943456,0.014604611
0,4575.0,23.678396,9.821765,60.0,36.0,24.0,23.0,187.32663,26.222435,0.7102106,0.8764439,416.2977,4.949873,0.0,11.399568,0.0008154098,0.0005731935,0.0068466985
0,4427.0,12.235302,11.457692,60.0,45.0,19.0,24.0,139.45247,12.646225,0.5840348,0.7478056,75.28193,7.375855,0.0,6.8519287,0.0014911968,0.0013640985,0.009820027
0,4702.0,22.651045,10.162577,60.0,36.0,24.0,23.0,150.61885,66.77068,0.94608486,0.9532608,193.70966,0.36830887,9.117774,17.568295,0.0,0.0,0.0
0,5270.0,13.196539,11.076658,60.0,36.0,24.0,23.0,113.683586,6.0144925,0.3281882,0.4187683,84.256584,0.0,0.0,5.3135047,0.0,0.0,0.0
0,2170.0,34.326035,9.642187,30.0,29.0,27.0,15.0,1035.6514,424.01633,0.35801387,0.8807356,291.42493,98.898796,130.09254,98.898796,0.15125962,0.05083198,0.05018675
0,5262.0,25.325115,10.505913,100.0,36.0,24.0,23.0,218.86406,73.87504,0.5257735,0.4475153,561.5324,6.333109,0.0,20.27795,0.0009776942,0.00070391176,0.0053135
0,5211.0,16.382793,10.74594,60.0,26.0,30.0,26.0,207.86963,70.12489,0.4867579,0.13430534,85.43602,0.0,0.0,11.158412,0.0026527985,0.0082103945,0.0025720443
0,3642.0,27.239798,9.842631,30.0,35.0,23.0,22.0,304.8035,75.85744,0.58066356,0.6891975,261.85876,0.0,1.1418786,22.36239,0.021722246,0.04934708,0.0049942518
0,5279.0,30.625288,9.791349,60.0,43.0,17.0,33.0,631.23834,379.2248,0.049474575,0.005585633,1037.8579,196.50774,139.73431,174.53047,0.024131887,0.035916023,0.015063989
0,2200.0,11.0327215,10.472129,60.0,36.0,24.0,23.0,104.11966,13.875126,0.74622214,0.99380857,180.46361,0.0,0.0,4.478896,4.1814812e-05,0.00011891133,0.00018421788
0,5310.0,30.44273,9.689977,60.0,39.0,24.0,31.0,191.38051,28.392246,0.06310517,0.023198418,589.8316,13.653435,0.0,17.010462,0.0013228308,0.0005974285,0.011376515
0,4152.0,35.528236,9.964642,100.0,36.0,24.0,23.0,607.9278,237.81769,0.035205238,0.019189082,346.28082,0.0,77.93114,29.367186,0.012891968,0.023191774,0.010449568
0,4545.0,31.524542,10.216523,60.0,35.0,27.0,25.0,170.7217,44.12433,0.7504116,0.77874047,265.5847,0.0,0.0,11.305356,0.0027199038,0.005903946,0.00075670297
0,3079.0,14.026994,11.35342,60.0,36.0,24.0,23.0,223.67816,90.82327,0.29905453,0.36862704,42.54411,0.0,18.068544,11.30849,0.008208184,0.020158099,0.014309047
0,6237.0,30.972746,9.976708,70.0,36.0,24.0,23.0,453.09485,313.65436,0.6079606,0.15591404,636.0649,25.257614,41.45844,25.257614,2.1466814e-05,4.090269e-05,0.00052953814
0,5765.0,21.303587,10.409223,60.0,36.0,24.0,23.0,117.58442,16.564075,0.4155435,0.016667854,150.82854,0.21602453,0.0,9.644608,0.0,0.0,0.0
0,3839.0,17.779795,11.442612,30.0,39.0,21.0,24.0,2185.8643,993.7732,0.022744132,0.013502148,112.948715,485.69244,250.82265,292.48923,0.438053,0.15280962,0.1496421
0,5720.0,20.58326,10.776559,60.0,28.0,29.0,28.0,110.51433,11.2943735,0.35024664,0.03093915,142.76082,0.0,0.0,12.16437,0.0006130395,0.0008274555,0.0008320667
0,3484.0,36.890255,9.446017,60.0,34.0,24.0,27.0,268.61652,55.512486,0.63260144,0.782776,569.9356,0.0,0.0,8.644601,0.014511696,0.031747412,0.0034683296
0,723.0,6.125586,11.640447,10.0,39.0,28.0,12.0,1212.8545,895.7941,0.9647411,0.99894637,30.394943,473.26938,297.7306,274.90872,0.118212745,0.022522906,0.040710874
0,4680.0,13.885308,10.740367,60.0,36.0,24.0,23.0,167.45268,68.80668,0.7443881,0.9492267,218.84521,0.0,8.381334,14.55049,0.0,0.0,0.0
0,4741.0,35.852917,10.08226,60.0,44.0,20.0,27.0,198.22186,30.973179,0.13484554,0.083998814,322.5065,14.469641,0.0,16.83229,0.0014098648,0.00053197634,0.012756072
0,1296.0,25.601713,9.733055,10.0,32.0,32.0,15.0,1081.3019,602.9249,0.63098204,0.98369116,478.1781,421.73175,170.21793,276.8311,0.12576261,0.02570002,0.03934469
0,4946.0,20.471947,10.3851385,70.0,36.0,24.0,23.0,338.23682,198.10202,0.23314533,0.051085465,273.96747,4.2886863,46.134785,34.53121,0.00073468505,0.001727918,0.009480255
0,4661.0,32.48644,9.512016,70.0,36.0,24.0,23.0,1259.3677,552.3786,0.047414295,0.07224014,1031.6316,0.0,150.91856,143.38039,0.044673108,0.05844177,0.022384468
0,5127.0,29.227953,10.140847,60.0,37.0,25.0,25.0,465.5432,262.62143,0.20020586,0.036161,245.12407,2.9791987,49.669823,17.843126,0.005280157,0.024541948,0.0025795097
0,5178.0,29.674019,10.199258,60.0,33.0,27.0,25.0,386.83368,206.32674,0.59413314,0.2530739,1073.0802,0.0,30.742338,21.4623,0.0027067084,0.013420363,0.0032111164
0,2266.0,10.578432,10.450303,40.0,30.0,29.0,13.0,822.8922,322.32596,0.30951896,0.87649643,350.1357,192.79547,99.590355,147.15063,0.26386598,0.20367059,0.0718675
0,2714.0,35.00588,9.409975,10.0,33.0,25.0,17.0,1917.2928,869.018,0.14539912,0.5599254,444.22025,340.63556,232.07732,307.86264,0.32833079,0.07816913,0.11990607
0,5556.0,11.431717,10.655995,60.0,36.0,24.0,23.0,115.1705,14.965968,0.40355992,0.27923793,146.03943,0.0,0.0,7.6593647,0.0,0.0,0.0
0,1622.0,26.938145,9.67432,10.0,32.0,30.0,14.0,1090.1376,744.214,0.92215943,0.9803205,586.82227,423.00012,276.23242,218.87378,0.14291175,0.03507161,0.046546035
0,4844.0,0.0,19.07064,80.0,36.0,24.0,23.0,215.68855,97.93571,1.0,1.0,0.4848842,3.0534558,14.968686,15.6141615,0.00012011793,0.00014100554,0.00012307601
0,5313.0,16.564623,10.415334,70.0,39.0,25.0,30.0,397.51715,243.65411,0.24459073,0.031978104,419.9738,0.0,38.54774,25.747261,0.005978246,0.021296171,0.004545084
0,5404.0,26.238684,9.9649515,60.0,24.0,36.0,25.0,113.86257,12.024721,0.55234534,0.4865321,158.80556,0.0,0.0,13.920232,0.0002818329,0.0004853223,0.00047727098
0,3708.0,40.439976,9.698748,30.0,42.0,18.0,26.0,576.1553,311.66214,0.13125612,0.20443052,1156.6072,391.40894,122.76408,223.66226,0.054929085,0.057022646,0.021854691
0,3817.0,28.947937,10.309612,60.0,36.0,24.0,27.0,237.24437,96.251495,0.64077336,0.79972035,271.2756,65.55267,14.621227,33.453217,0.0073034912,0.008909752,0.024589624
0,3252.0,14.260728,12.728972,100.0,38.0,19.0,30.0,452.55212,171.3238,0.17185086,0.22671768,81.89782,100.05388,32.576553,45.66064,0.01512744,0.02618531,0.021334605
0,4266.0,17.785198,10.543586,30.0,40.0,22.0,29.0,208.68767,20.427547,0.20654634,0.39570597,535.7305,24.723202,0.0,25.126045,0.004609059,0.0018549911,0.013252408
0,4762.0,21.53055,10.532924,60.0,36.0,24.0,23.0,177.9691,102.963806,0.5900041,0.86150324,289.96524,0.0,13.271578,13.174048,0.0,0.0,0.0
0,3375.0,26.164177,9.639611,30.0,34.0,21.0,24.0,473.77307,138.52177,0.08563124,0.17897089,615.1903,118.38457,35.955788,96.10219,0.09052886,0.038985558,0.02576909
0,3907.0,29.030663,10.765859,100.0,36.0,24.0,23.0,1219.3882,580.9234,0.079633564,0.09170187,702.16266,0.0,148.50209,260.19446,0.09168467,0.07938783,0.03754322
0,4757.0,46.68117,9.379172,60.0,42.0,18.0,31.0,597.9471,349.98157,0.024232643,0.015610541,967.6329,157.8092,132.01962,91.92322,0.038398016,0.08079966,0.020837747
0,2272.0,33.54424,9.41802,10.0,36.0,21.0,15.0,607.94415,305.91864,0.1752964,0.7091377,415.17322,263.22916,104.64438,159.71725,0.058457144,0.02652199,0.04058542
0,4265.0,24.073479,9.718438,60.0,38.0,18.0,32.0,483.583,134.49313,0.0402676,0.023568923,830.97125,131.10287,31.322346,98.25292,0.09164381,0.037805296,0.026597194
0,5098.0,3.3625557,12.517252,60.0,36.0,24.0,23.0,114.04273,6.936185,0.41801706,0.6391462,5.9896526,0.0,0.0,5.6116524,0.0,0.0,0.0
0,5425.0,29.225723,9.905875,70.0,43.0,19.0,27.0,684.62115,437.63263,0.09064991,0.033577606,439.5813,293.91812,148.015,198.65453,0.011461369,0.022622889,0.0061654197
0,5283.0,10.571123,11.061507,60.0,36.0,24.0,23.0,159.65613,44.07593,0.59037715,0.68437546,73.90794,5.455639,5.758457,8.637331,0.00042906267,0.0012108199,0.0006174235
0,4925.0,4.432531,18.46491,60.0,36.0,24.0,23.0,90.335815,6.2936583,0.92027175,0.8095259,2.4544735,0.0379598,0.0,4.069561,0.00016731599,0.00023631335,0.0002006586
0,5172.0,18.315826,10.382553,60.0,29.0,30.0,27.0,165.71638,14.585463,0.23540866,0.09095597,97.29736,0.0,0.0,6.248294,0.0011966468,0.0020999,0.0050904476
0,4448.0,34.95866,9.381343,60.0,37.0,23.0,25.0,321.31427,80.85639,0.13600561,0.21945447,978.09155,0.0,3.790817,10.779501,0.013193764,0.029971642,0.002576768
0,5081.0,27.734234,10.266681,60.0,35.0,26.0,28.0,197.2046,20.86639,0.17807725,0.08675308,113.11151,0.0,0.0,7.496972,0.0018892903,0.005298146,0.0060576107
0,3825.0,23.924923,10.415481,30.0,45.0,16.0,26.0,577.84375,247.12524,0.044455793,0.084005155,621.7434,307.90045,86.78824,178.37325,0.092377804,0.041227628,0.034719948
0,4446.0,27.727644,10.220423,60.0,36.0,24.0,23.0,226.47256,111.71059,0.092826955,0.024406182,193.27428,0.0,11.580132,38.214832,0.001355504,0.005065331,0.010844785
0,5133.0,13.694237,11.012759,60.0,30.0,28.0,24.0,169.32108,44.74091,0.7912774,0.58026314,139.81537,0.0,0.0,18.341406,0.0006227695,0.0015376793,0.0009833734
0,4972.0,12.923678,13.02671,60.0,36.0,24.0,23.0,108.05227,16.591507,0.81328386,0.69706106,42.85102,0.0,0.0,5.6299567,0.00021696385,0.0003078528,0.0003197972
0,3428.0,34.498783,9.591395,30.0,36.0,24.0,23.0,700.957,278.6328,0.09875617,0.11256443,783.4721,168.80696,60.489082,210.91154,0.08405026,0.04367255,0.028373586
0,5583.0,26.763731,9.920293,60.0,39.0,25.0,36.0,284.2829,92.90928,0.08710759,0.010627168,681.60004,33.280495,2.2626538,40.579952,0.002778313,0.0007017067,0.0142757725
0,0.0,0.0,24.439606,0.0,36.0,20.0,21.0,360.29306,151.24031,0.5238915,0.5933692,0.15345258,0.0,0.0,0.0,0.0,0.0,0.0
0,4381.0,26.84997,9.939811,100.0,36.0,24.0,23.0,264.42282,108.20906,0.08135376,0.061586265,646.5306,4.8826985,36.839985,10.858114,0.0040313182,0.011798133,0.01419414
0,3986.0,35.0736,9.987325,60.0,33.0,24.0,25.0,380.56464,174.7964,0.89265203,0.8741949,189.53416,0.0,18.309633,13.808465,0.010741157,0.03280997,0.0021899971
0,3706.0,19.959646,9.923674,30.0,37.0,22.0,21.0,1353.7699,516.0662,0.033394184,0.13950747,665.9104,167.65744,152.77519,167.65744,0.20468473,0.039551955,0.07211344
0,6037.0,13.216577,11.440727,70.0,42.0,21.0,30.0,216.63435,65.87528,0.36593887,0.053753637,273.33505,0.0,0.0,18.162298,0.00018391927,0.02583152,0.0033604482
0,4533.0,34.264046,9.734067,60.0,43.0,20.0,34.0,352.28482,110.764305,0.013909324,0.0076114424,522.5033,32.000896,4.8932285,44.175133,0.0015118739,0.0039559077,0.016454702
0,5352.0,2.8431365,12.397154,60.0,36.0,24.0,23.0,111.04638,12.6630745,0.68059504,0.6499855,6.566944,0.0,0.0,7.7383785,0.0,0.0,0.0
0,5271.0,12.19242,10.701919,60.0,29.0,37.0,31.0,143.80257,12.768626,0.5744417,0.23630477,308.84833,0.0,0.0,11.78302,0.00037143956,0.00049708015,0.013195561
0,4752.0,48.489235,9.143382,60.0,36.0,17.0,32.0,230.77817,31.344717,0.19612248,0.307194,1401.8741,15.37103,0.82631063,15.37103,0.025114648,0.06850808,0.025116732
0,5021.0,34.286003,10.117148,70.0,36.0,24.0,23.0,283.08102,76.654076,0.2446485,0.1517576,642.04425,4.5220695,25.948503,11.532894,0.0040819617,0.022895008,0.015339644
0,5307.0,19.157692,10.874714,60.0,27.0,33.0,23.0,103.88156,6.3468966,0.5967561,0.5215032,200.58583,0.0,0.0,5.9077578,0.0011408345,0.0013728157,0.00077584473
0,3088.0,33.078205,9.817777,30.0,36.0,24.0,23.0,238.15926,51.61148,0.90802455,0.9006555,338.95367,0.0,0.0,11.290898,0.012919238,0.029948164,0.0025529184
0,4140.0,32.447548,9.988882,60.0,37.0,19.0,33.0,462.43478,161.59048,0.051642638,0.021321638,282.8342,137.24721,22.780613,69.97607,0.039138764,0.0675159,0.027023876
0,4102.0,15.463473,10.98451,60.0,36.0,26.0,27.0,308.58713,125.92146,0.34982306,0.1423699,195.50598,107.98959,15.009468,107.98959,0.0009470762,0.03360962,0.0064164465
0,731.0,19.694052,10.171355,10.0,29.0,25.0,15.0,1283.0074,849.41705,0.94009936,0.9845762,127.406685,223.9956,283.44012,223.9956,0.19311614,0.039726008,0.06427718
0,3509.0,29.834633,9.880434,30.0,37.0,19.0,28.0,446.22345,128.54968,0.09924609,0.14912716,221.379,51.678402,34.49895,51.678402,0.016466834,0.03628678,0.023186676
0,658.0,12.961797,10.681462,10.0,34.0,22.0,15.0,1116.2203,816.42523,0.9369007,0.9958486,100.12592,522.2331,311.59076,435.19424,0.081735685,0.01375202,0.021242606
0,2014.0,29.72313,9.918015,10.0,37.0,30.0,16.0,1421.2849,905.9197,0.29370415,0.8821309,785.3791,518.5425,352.13678,240.04875,0.09507368,0.11892663,0.03759176
0,2999.0,22.216099,10.228627,60.0,36.0,24.0,23.0,267.249,67.63564,0.5677601,0.876333,209.07762,3.1405325,17.387882,10.533969,0.005534592,0.044043124,0.014864291
0,5127.0,26.662838,9.974858,60.0,40.0,18.0,28.0,354.7943,139.13556,0.18507631,0.017084604,389.92578,67.967026,55.04057,64.269325,0.003929127,0.0071625737,0.019631183
0,5281.0,24.300106,10.449905,60.0,36.0,24.0,23.0,211.54846,134.9635,0.61636406,0.66368496,184.08595,5.370287,13.180586,14.877526,0.0,0.0,0.0
0,0.0,0.0,20.802393,0.0,36.0,24.0,23.0,360.29306,151.24031,0.5238915,0.5933692,0.04876235,0.0,0.0,0.0,0.0,0.0,0.0
0,5004.0,21.225376,10.272086,70.0,36.0,24.0,23.0,586.5749,321.29907,0.06216843,0.020319782,1656.7015,423.60202,141.5639,240.3121,0.038373664,0.07931406,0.025520334
0,5306.0,17.529314,10.620935,70.0,40.0,19.0,34.0,396.15836,153.78613,0.11656401,0.026786061,527.0939,41.320007,30.205622,42.878838,0.0015138478,0.0077979835,0.014663589
0,2072.0,3.7921968,11.773133,60.0,36.0,24.0,23.0,105.376465,16.472548,0.71337396,0.99500656,134.54767,0.0,0.0,5.148501,3.2487733e-05,8.3513274e-05,0.00014768989
0,5223.0,1.9560302,19.50232,60.0,36.0,24.0,23.0,100.77157,5.7027564,0.8241512,0.7500201,0.009831712,0.0,0.0,4.464355,0.0,0.0,0.0
0,4990.0,20.28301,9.888026,60.0,36.0,24.0,23.0,138.19666,44.670395,0.71476346,0.81931853,236.20822,1.6733867,2.3926687,7.9594116,0.0,0.0,0.0
0,4674.0,29.00133,9.876155,60.0,39.0,19.0,27.0,269.14795,94.67538,0.2541799,0.13380547,320.36743,178.59576,7.3620534,104.53894,0.025444893,0.017902005,0.02724434
0,5294.0,2.6619058,12.099015,60.0,36.0,24.0,23.0,119.483864,16.336752,0.3550359,0.53872955,19.456398,0.75125146,0.0,6.543818,0.0,0.0,0.0
0,0.0,0.0,19.628666,0.0,34.0,22.0,10.0,1071.1995,834.3726,0.5238915,0.5933692,0.02876178,483.44897,278.0068,271.09558,0.085687675,0.014150995,0.0374573
0,4754.0,3.572493,12.243665,60.0,35.0,23.0,26.0,122.45123,11.187757,0.81869227,0.74913514,38.61938,0.0,0.0,6.1094055,0.00020156131,0.0003244879,0.00076637365
0,260.0,1.9001565,12.788026,40.0,40.0,20.0,5.0,1010.9244,770.0928,0.98317134,0.9967527,9.3551235,326.98105,256.50638,192.86862,0.15687557,0.030964633,0.09807776
0,5411.0,5.57417,11.89654,60.0,36.0,24.0,23.0,172.47926,88.535324,0.39888462,0.1219815,40.651978,13.885363,10.110916,13.885363,0.010331106,0.05456657,0.002924671
0,5162.0,22.458845,9.8125925,60.0,36.0,24.0,23.0,122.85102,9.915165,0.88173145,0.87289816,180.71367,1.1768143,0.0,6.5473204,0.00017404978,0.00021541245,0.00029544428
0,5523.0,12.967984,11.214601,60.0,36.0,24.0,23.0,112.34224,10.751266,0.69223326,0.42233482,97.84887,1.1288639,0.0,4.7624917,0.0006659781,0.0014796857,0.00040153184
0,5771.0,28.079096,9.649241,70.0,33.0,28.0,27.0,197.8871,71.17139,0.26346165,0.07928956,760.6579,0.0,0.0,10.672211,0.0016397813,0.0038165255,0.0028572741
0,5359.0,20.959164,10.429248,60.0,26.0,33.0,26.0,140.5318,26.460526,0.4117536,0.2644067,238.83598,0.0,0.0,8.813988,0.00022086933,0.00042577862,0.00064599316
0,3267.0,5.4520483,11.540937,60.0,47.0,20.0,23.0,137.9578,75.97433,0.7612495,0.944611,59.027737,51.558098,16.817884,32.69806,0.0015472489,0.00044940985,0.013071348
0,2715.0,28.508265,9.577698,30.0,33.0,26.0,17.0,1824.2988,855.23737,0.11886948,0.6119155,717.752,317.68246,229.21173,314.2121,0.3345137,0.0736697,0.123199336
0,550.0,12.360509,11.014966,10.0,38.0,25.0,14.0,1305.9011,1029.5765,0.9813908,0.99460745,41.822365,543.0232,350.23422,271.5116,0.07724573,0.015909709,0.03203161
0,4041.0,5.2186165,12.648507,60.0,39.0,19.0,29.0,343.277,124.58363,0.27171275,0.12228798,17.196644,84.9378,10.286472,84.9378,0.0023831048,0.01674478,0.0087367175
0,5117.0,36.578686,9.615219,60.0,36.0,24.0,23.0,138.8641,53.448765,0.1546162,0.17206268,1574.1346,0.0,13.706107,11.419795,0.00090400537,0.002763632,0.017347554
0,3890.0,25.13497,10.067837,30.0,43.0,16.0,29.0,613.50433,299.504,0.06398419,0.071251765,958.2891,481.59604,102.40603,308.7238,0.08557412,0.060367323,0.025806038
0,3654.0,36.859962,9.613262,30.0,36.0,20.0,26.0,812.10394,458.14545,0.26432237,0.31693524,676.3166,205.18747,193.54553,205.18747,0.02998157,0.07197368,0.02199877
0,5397.0,24.79051,10.012848,60.0,39.0,23.0,25.0,181.59067,28.58558,0.43342352,0.11614943,281.51447,6.8703184,0.0,20.62252,0.0007432191,0.0007071715,0.010415496
0,1811.0,27.521166,9.649847,30.0,36.0,26.0,18.0,1268.7277,604.2597,0.88878024,0.9789596,373.89978,236.82237,219.96477,236.82237,0.1926665,0.03215996,0.07413878
0,1413.0,33.583244,9.444132,60.0,36.0,24.0,23.0,454.69748,115.05275,0.94343543,0.9698092,425.00488,5.3323526,19.517529,24.097775,0.007339328,0.006508949,0.003054933
0,5212.0,21.25711,9.784495,60.0,27.0,31.0,23.0,154.8266,31.00736,0.7970064,0.6470179,583.5608,0.0,0.0,9.1396885,0.00042233925,0.0007056761,0.0007987333
0,5925.0,22.53387,10.04802,70.0,27.0,27.0,26.0,112.49293,10.977395,0.37328702,0.105719425,707.8692,0.0,0.0,9.417274,0.00054635986,0.0007466795,0.0005736322
0,4866.0,21.029892,10.708416,60.0,36.0,24.0,23.0,136.53795,10.946881,0.47602522,0.46604595,100.554855,8.714869,0.0,8.714869,0.00065583875,0.00029427942,0.008955598
0,5287.0,10.403644,10.993415,60.0,36.0,24.0,23.0,106.58963,9.289355,0.6819884,0.5946603,78.004684,1.1825969,0.0,6.614193,0.0,0.0,0.0
0,4797.0,12.898215,10.675187,60.0,42.0,20.0,24.0,153.15817,31.99705,0.6013891,0.52770585,251.46135,3.7703571,0.0,8.5288,0.0015201152,0.000781384,0.010442877
0,4619.0,27.640732,13.194426,60.0,36.0,24.0,23.0,171.54926,67.91875,0.58489996,0.27167615,33.001484,2.7562761,0.0,10.118753,0.0049326555,0.019991469,0.000757831
0,4846.0,15.451069,10.373813,60.0,36.0,24.0,23.0,166.16621,85.724075,0.854827,0.93952477,230.85893,10.859556,11.950791,11.33654,0.0,0.0,0.0
0,5259.0,2.655572,12.327611,70.0,43.0,18.0,28.0,318.37155,141.22414,0.36492223,0.12328902,63.34349,32.921867,23.18254,16.62236,4.6267945e-05,0.0032456967,0.00035564514
0,5083.0,19.667873,10.987188,70.0,37.0,27.0,29.0,371.86517,188.12396,0.27799147,0.028438073,351.16058,0.0,33.279884,30.284954,0.010669065,0.029662203,0.0037788942
0,4242.0,1.110213,19.049702,80.0,36.0,24.0,23.0,120.99653,5.302422,0.30774283,0.17389445,0.04817483,2.0471778,0.0,10.091472,0.00022921091,9.8941346e-05,0.0011612803
0,3572.0,38.529778,9.214498,100.0,36.0,24.0,23.0,331.83054,93.72714,0.07393482,0.33893475,747.67554,0.0,12.965488,14.0647745,0.016801737,0.04033816,0.02338331
0,4664.0,14.690774,10.990668,70.0,37.0,19.0,29.0,596.7314,296.90768,0.074509285,0.038909722,405.43756,464.66364,127.70379,279.7326,0.037144452,0.13985182,0.022998681
0,3519.0,19.128693,9.922382,30.0,36.0,24.0,23.0,273.7702,59.86551,0.66340375,0.73479056,274.7847,0.0,1.2880056,9.583633,0.0021399264,0.006223939,0.00052048406
0,5080.0,28.755848,10.538128,60.0,36.0,24.0,23.0,120.02538,5.4325495,0.13237123,0.057091683,839.1095,0.0,1.1794975,6.9564376,0.0042602303,0.008062167,0.015412954
0,5992.0,13.744009,10.920916,70.0,36.0,27.0,33.0,180.44218,65.34309,0.837429,0.12532759,639.4662,10.153351,0.0,12.158387,0.0013449653,0.0007864352,0.014587225
0,2580.0,36.450264,10.280913,10.0,39.0,16.0,21.0,460.85474,252.40504,0.13568017,0.43688118,183.39558,329.55212,74.77092,180.4424,0.05129825,0.052983202,0.027114363
0,1157.0,24.952965,9.981559,10.0,30.0,26.0,15.0,1468.6582,952.3592,0.9015969,0.99074155,207.89674,537.6391,226.80435,511.57437,0.35851723,0.094345815,0.12005963
0,4271.0,34.82628,9.732988,60.0,46.0,17.0,29.0,209.79156,36.675533,0.07155833,0.13795868,387.74518,14.889488,3.1441932,19.891806,0.0038451971,0.0008271214,0.013129507
0,4567.0,26.873554,10.442413,60.0,36.0,24.0,23.0,284.71957,152.70972,0.15444238,0.027890481,209.35028,0.0,29.459213,28.509205,0.021944236,0.15594074,0.016283637
0,5493.0,7.8965974,11.405806,70.0,36.0,24.0,23.0,229.13493,87.43848,0.37549415,0.101118326,412.63174,26.449665,11.523092,26.449665,0.0010816297,0.002576952,0.010433923
0,5451.0,15.020274,10.986049,70.0,40.0,19.0,28.0,475.0737,323.9953,0.17343785,0.033582628,557.8645,2.850461,81.8946,36.162838,0.0016111942,0.026700716,0.0034557339
0,5808.0,25.154253,10.163049,70.0,40.0,20.0,31.0,242.6532,98.49648,0.89554536,0.1560758,312.12158,0.0,13.503515,12.026901,0.0,0.0,0.0
0,5399.0,16.654827,10.495582,60.0,36.0,24.0,23.0,178.18022,48.887543,0.3072048,0.2344105,478.92093,16.396713,0.0,17.084936,0.0006334086,0.0004072717,0.006133911
0,5247.0,21.432674,10.999785,60.0,38.0,24.0,29.0,145.44987,34.69236,0.55844563,0.073184654,116.85128,18.101473,6.0023503,18.101473,0.0013364074,0.0006051045,0.008429404
0,4747.0,18.814178,10.916199,60.0,32.0,27.0,23.0,148.25713,14.131506,0.7698325,0.7408606,71.112976,0.0,0.0,6.3133388,0.00029601954,0.00059418357,0.0032317147
0,2325.0,26.64424,10.0821295,60.0,36.0,20.0,25.0,113.31125,21.712528,0.7596602,0.99058026,183.90941,0.0,0.0,7.320421,0.0001699254,0.0004877422,0.00044571856
0,5825.0,28.778677,9.79736,60.0,36.0,24.0,23.0,270.92004,157.5865,0.45424965,0.08300206,846.98175,21.59001,11.555076,21.59001,0.0,0.0,0.0
0,5730.0,32.32345,9.336865,60.0,29.0,35.0,32.0,142.14636,18.22854,0.42209902,0.076328054,1020.6453,5.9423637,0.0,6.533696,0.0020495055,0.0013088607,0.010091585
0,4585.0,32.64732,9.686293,60.0,48.0,19.0,27.0,196.74406,37.116467,0.18733816,0.20236821,590.8911,10.640228,0.0,24.481058,0.0014562733,0.00045534814,0.011146186
0,3791.0,35.72003,9.88248,60.0,42.0,20.0,27.0,231.92856,74.00094,0.35068932,0.6698824,355.77722,62.59804,3.8724499,37.661694,0.0038992427,0.0017998349,0.012540603
0,5404.0,29.590017,9.6094475,60.0,30.0,30.0,29.0,207.4136,27.220879,0.09024313,0.012158929,627.4553,0.0,0.0,7.4021344,0.0016403605,0.004921053,0.005977062
0,5299.0,1.8006486,12.515064,60.0,36.0,24.0,23.0,105.5828,8.159981,0.69892347,0.7054114,9.728225,0.0,0.0,6.525302,0.00013407615,0.00027890233,0.00022348686
0,5049.0,26.853361,9.600278,60.0,36.0,24.0,23.0,84.2017,58.556843,0.5081726,0.8100256,787.9917,0.0,7.7247753,9.312006,0.0,0.0,0.0
0,3257.0,31.287104,10.401501,30.0,36.0,21.0,22.0,438.76892,122.46161,0.18109788,0.37194973,154.66985,62.941948,64.84159,45.13207,0.012159639,0.03205637,0.020553248
0,4836.0,13.651849,19.2753,60.0,32.0,25.0,26.0,140.21165,30.407509,0.87124085,0.7442596,0.05414473,0.0,0.0,9.499231,0.00089748646,0.0015493997,0.00063093676
0,5370.0,6.8810387,11.54874,60.0,27.0,38.0,29.0,113.860756,2.7098143,0.44248402,0.07427664,28.318117,0.0,0.0,6.8530564,0.00012850991,0.00016786323,0.008236275
0,5341.0,22.11514,10.8457365,60.0,36.0,24.0,23.0,166.1001,27.612745,0.6447907,0.5600713,245.25267,0.0,0.0,15.496147,0.0011284496,0.00078055146,0.006858544
0,5527.0,33.208733,10.18947,70.0,40.0,19.0,29.0,174.5184,37.168644,0.28806022,0.06728711,952.7946,0.0,0.0,8.142644,0.0018384204,0.006301336,0.006420528
0,4546.0,23.662258,10.006343,60.0,44.0,21.0,29.0,156.6808,13.911832,0.093072146,0.10328599,955.3245,10.807307,0.0,20.322197,0.0029863464,0.00044839203,0.011003164
0,2920.0,36.955353,9.759893,10.0,36.0,24.0,23.0,907.95734,508.62692,0.12500545,0.2387816,690.04236,264.38538,116.26642,297.65146,0.07193898,0.048712004,0.019029662
0,5815.0,19.424713,11.104054,60.0,36.0,24.0,23.0,248.9898,142.82846,0.6446709,0.053148497,288.2655,1.8945564,11.765075,20.146412,0.0,0.0,0.0
0,3880.0,36.43397,9.780839,60.0,36.0,24.0,23.0,131.48676,27.960724,0.06168834,0.04534673,289.20248,0.0,20.627005,7.1660185,0.0018716353,0.0042315745,0.012080778
0,5153.0,19.141329,10.786655,60.0,31.0,30.0,25.0,108.94162,9.954854,0.5978461,0.39645767,78.71932,0.0,0.0,7.8931704,0.00028840514,0.00036487996,0.00081237144
0,3378.0,35.838234,9.366068,60.0,30.0,20.0,26.0,433.70892,138.13115,0.06553453,0.23099466,340.46088,146.51477,23.487171,103.988754,0.06990879,0.08349442,0.028542401
0,4899.0,23.380571,10.527706,60.0,39.0,24.0,31.0,371.46182,195.0453,0.04160095,0.031068085,396.20523,63.818527,18.323559,77.90902,0.0035617147,0.0026548686,0.01165758
0,4867.0,2.1158133,18.940065,60.0,36.0,24.0,23.0,78.92054,3.9133403,0.8225922,0.8123575,0.058724873,0.0,0.0,3.6934204,0.0001601351,0.00021725766,0.00021143403
0,5778.0,26.782255,9.984217,60.0,36.0,24.0,23.0,248.58264,164.54437,0.49535957,0.1520911,367.4929,3.6048245,12.709687,20.295687,0.0,0.0,0.0
0,4048.0,32.544804,10.13362,60.0,37.0,18.0,28.0,553.64215,257.9177,0.06754242,0.049821567,627.199,376.4488,97.777824,219.69884,0.09917813,0.08058498,0.031370968
0,5317.0,42.137917,9.645803,70.0,38.0,20.0,32.0,301.69052,80.8695,0.4433421,0.24113789,913.1153,6.29041,38.70305,14.200228,0.0,0.0,0.0
0,5470.0,28.670937,9.761876,60.0,24.0,36.0,24.0,106.17691,9.385635,0.5661537,0.44263348,357.62885,0.0,4.1771642e-10,4.4324884,0.00021575211,0.00042839188,0.0005978812
0,4708.0,25.3744,10.445564,100.0,46.0,20.0,33.0,298.4746,90.48985,0.083835244,0.0013795354,179.65576,9.573773,11.651306,24.071526,0.0012353853,0.007244868,0.010515637
0,5651.0,16.231474,11.038848,60.0,36.0,24.0,23.0,212.5949,132.60338,0.56240475,0.13610432,174.76523,0.0,13.190332,25.199312,0.0,0.0,0.0
0,5382.0,8.09219,11.044844,60.0,35.0,29.0,33.0,187.78023,43.759014,0.16283838,0.033014838,745.2122,15.193277,0.0,23.694338,0.00079351396,0.00039389808,0.007638935
0,3321.0,35.11389,9.958484,10.0,42.0,18.0,23.0,544.72174,340.9605,0.23790164,0.3735803,849.65076,403.7347,165.14854,242.24083,0.038157135,0.034680832,0.020553159
0,4381.0,12.605213,11.468221,60.0,36.0,23.0,25.0,122.05918,19.902546,0.7800612,0.749081,45.870422,0.0,0.0,8.423905,0.0016590309,0.0023216845,0.00064124726
0,3638.0,44.96976,9.733318,60.0,38.0,21.0,27.0,181.92975,18.848408,0.22202909,0.38633728,422.759,14.324228,0.0,15.851481,0.008336318,0.021163201,0.017665593
0,4821.0,32.81936,9.629695,60.0,36.0,24.0,23.0,100.89871,68.08346,0.5829245,0.8751561,518.55536,0.0,9.266446,11.349013,0.0,0.0,0.0
0,4708.0,10.475557,10.977709,60.0,41.0,18.0,29.0,390.8033,137.9499,0.04359339,0.013554656,155.72896,34.817375,20.425629,53.79823,0.006391413,0.013984758,0.019518733
0,3403.0,31.85911,10.020286,100.0,36.0,24.0,23.0,1097.8027,577.2779,0.047932293,0.06319649,318.69617,151.30724,185.70076,276.42844,0.06666741,0.053660966,0.019411713
0,5004.0,0.0,20.194351,80.0,36.0,24.0,23.0,119.791214,29.899364,0.9544006,0.9470257,0.025058586,3.4155927,0.0,6.012297,0.0,0.0,0.0
0,3975.0,20.404907,10.2191725,30.0,36.0,24.0,23.0,269.52448,40.106644,0.58982027,0.55406916,444.75684,0.0,0.0,11.643151,0.0011156838,0.0033756997,0.0004109392
0,5519.0,27.611336,9.87565,60.0,40.0,22.0,36.0,280.52145,84.87369,0.084612995,3.3749817e-05,372.56143,16.193157,5.2331886,22.026773,0.0009832436,0.0021006695,0.01420511
0,4813.0,2.5332384,12.071202,60.0,34.0,26.0,27.0,152.01031,40.783665,0.87105656,0.76938957,21.683258,0.0,0.0,10.666358,0.00020893526,0.00035082543,0.0008399166
0,4449.0,32.700092,9.970295,60.0,38.0,23.0,29.0,182.10931,20.115215,0.06513914,0.19294284,1788.3585,15.494327,0.0,13.813217,0.0077732867,0.020488918,0.017739585
0,4241.0,0.0,20.466276,80.0,36.0,24.0,23.0,120.323235,4.8061166,0.91542447,0.9023143,0.054697886,1.751663,0.0,10.704279,0.00010316364,3.9766346e-05,0.0013378657
0,4783.0,17.45586,10.452385,70.0,39.0,17.0,29.0,582.4359,236.14967,0.102310374,0.04107316,462.4217,114.35582,51.823765,114.35582,0.0066338186,0.028580505,0.020881739
0,5455.0,21.02342,10.307705,60.0,36.0,24.0,23.0,113.72396,4.3505983,0.30517215,0.21980366,269.33765,0.0,0.0,14.062676,0.0,0.0,0.0
0,3970.0,40.180054,9.422701,60.0,36.0,24.0,23.0,263.99396,94.097275,0.105062746,0.036986873,1023.84467,0.0,12.61315,14.947992,0.0013076802,0.024794308,0.01017036
0,5046.0,30.889782,9.829249,60.0,41.0,20.0,30.0,372.40808,164.91757,0.28976616,0.024262523,603.3008,116.48054,94.28121,116.48054,0.005475334,0.013517535,0.016799338
0,4509.0,32.61268,10.103588,60.0,42.0,22.0,22.0,184.5897,73.83763,0.44392136,0.39015165,941.09375,50.171528,0.08981715,50.171528,0.0032585675,0.0018679516,0.0119819315
0,5105.0,29.403194,9.593228,70.0,42.0,17.0,32.0,584.067,306.31558,0.020257868,2.1454096e-05,542.66406,200.29463,121.589584,200.29463,0.011305887,0.007917978,0.01985071
0,265.0,1.7055898,12.97961,40.0,36.0,23.0,4.0,1085.497,817.66864,0.9950033,0.99744076,2.8413973,412.03458,250.36711,216.94113,0.16964282,0.028816618,0.08981435
0,4940.0,5.4444976,12.070617,60.0,36.0,24.0,23.0,134.6443,44.035053,0.5392144,0.7805706,86.1351,0.0,0.0,10.009994,0.0,0.0,0.0
0,4275.0,32.341145,9.784043,30.0,38.0,16.0,31.0,485.18665,123.60381,0.09545535,0.068817705,800.67896,78.84828,51.53513,78.84828,0.023554914,0.054765075,0.022157839
0,3384.0,22.892754,11.71236,60.0,40.0,23.0,24.0,376.37775,173.34914,0.8801243,0.92671275,100.833595,0.0,18.840618,14.004049,0.008224592,0.024793636,0.0016866314
0,4622.0,32.161945,9.854643,100.0,40.0,18.0,29.0,649.648,401.0526,0.09402167,0.017068263,847.8247,275.98065,248.97617,159.71664,0.017152384,0.07239238,0.03501823
0,2546.0,36.41404,9.888159,30.0,36.0,24.0,23.0,1111.993,605.714,0.21728297,0.67151076,998.8498,125.64555,207.03163,194.25975,0.06222159,0.025080195,0.031202855
0,4512.0,38.530876,9.467416,60.0,34.0,23.0,25.0,237.27983,100.95435,0.29257882,0.3572615,947.156,0.0,8.9269905,24.192717,0.0041278857,0.012184874,0.016408715
0,4128.0,21.074093,10.234182,60.0,39.0,18.0,32.0,626.755,306.1842,0.06183649,0.07389863,958.1861,476.247,83.92185,272.85443,0.09787305,0.07849966,0.028274447
0,1937.0,41.78674,9.963963,60.0,36.0,24.0,23.0,459.42136,258.8782,0.69663227,0.9374929,226.27473,39.584003,53.319237,24.540102,0.013360785,0.01187202,0.013826126
0,2230.0,30.414585,10.69125,60.0,36.0,24.0,23.0,146.33633,51.020176,0.70133275,0.94396025,210.93338,0.3706807,20.716837,9.766089,0.02582838,0.052919198,0.022566328
0,0.0,0.0,20.012186,0.0,38.0,19.0,18.0,360.29306,151.24031,0.5238915,0.5933692,0.013631443,0.0,0.0,0.0,0.0,0.0,0.0
0,4953.0,2.284914,12.284757,60.0,36.0,24.0,23.0,106.13541,17.711868,0.87908256,0.80734557,13.527321,6.6241236,0.0,5.3680763,0.00020201734,0.0002703646,0.00029958278
0,5564.0,16.534927,11.047908,70.0,41.0,20.0,29.0,250.90273,106.512955,0.8320518,0.16241969,67.08614,0.0,16.670818,11.895906,0.0,0.0,0.0
0,5191.0,27.360247,9.61708,60.0,36.0,24.0,23.0,174.85751,94.504166,0.50977445,0.7483383,527.59314,0.0,12.947656,11.64008,0.0,0.0,0.0
0,3677.0,35.110348,9.447931,30.0,38.0,22.0,28.0,250.70435,38.581352,0.3783877,0.5313647,1423.7805,31.673965,0.8688479,24.613811,0.026776489,0.045657687,0.021856166
0,2832.0,18.41046,10.55733,60.0,33.0,25.0,25.0,205.85489,60.520126,0.34393084,0.7225448,411.2579,83.32521,9.172051,83.32521,0.03170933,0.057219192,0.023424454
0,2262.0,42.178017,9.477362,10.0,36.0,23.0,17.0,645.95355,418.1024,0.41639262,0.6772833,487.8181,686.7905,91.36522,361.9382,0.047998406,0.038372677,0.021793332
0,4757.0,33.558426,9.710962,60.0,36.0,24.0,23.0,335.27618,176.0362,0.10780115,0.046763863,442.83,0.0,36.309338,30.687672,0.0005432109,0.0012615195,0.004536511
0,4212.0,7.814454,11.649586,60.0,36.0,24.0,23.0,166.04958,34.671722,0.7174323,0.89505917,49.043324,19.077196,0.0,15.242024,0.00035015994,0.00024513752,0.010497328
0,4581.0,25.527441,9.825446,70.0,40.0,20.0,34.0,535.7169,314.59106,0.029098913,0.019265119,1129.5092,312.95435,95.219536,174.65205,0.07028326,0.06603642,0.03070324
0,5164.0,29.716131,9.723977,60.0,40.0,24.0,34.0,232.5586,54.169044,0.015319313,0.001297717,707.80316,12.280855,0.08465512,17.064154,0.00053937343,0.00036105368,0.012667303
0,4277.0,39.260635,9.348552,60.0,36.0,24.0,23.0,229.74428,104.60824,0.6450927,0.50374424,430.68185,13.8698635,0.0,14.917352,0.0077183824,0.02171347,0.0014636427
0,4770.0,27.887213,9.947661,60.0,37.0,25.0,30.0,197.6364,67.55281,0.28547135,0.15524505,844.05383,26.637321,5.931575,23.01847,0.0055699456,0.007197544,0.021235883
0,4302.0,4.612707,11.914849,60.0,36.0,24.0,23.0,120.181076,32.15206,0.8485441,0.9677022,17.825909,0.0,0.0,14.424936,0.0,0.0,0.0
0,4868.0,2.1801486,19.274117,60.0,36.0,24.0,23.0,194.0596,82.487335,0.755373,0.6910097,0.0427662,4.0729475,12.63021,13.088971,0.00015075467,0.00017693131,0.00017512246
0,4766.0,31.963266,9.978192,60.0,39.0,22.0,30.0,182.97125,17.725826,0.15467478,0.034386314,428.48724,5.9325557,0.0,15.436776,0.00325855,0.011957735,0.013648774
0,4087.0,28.464188,10.042844,100.0,36.0,24.0,23.0,281.51093,61.66694,0.060352292,0.041569367,330.8049,0.0,34.34619,15.452169,0.0120126465,0.036621302,0.014476387
0,5154.0,16.02462,10.967289,70.0,38.0,22.0,29.0,387.93228,160.2665,0.06499958,0.013432269,383.45282,62.843666,11.269138,59.607082,0.0020369096,0.008880869,0.0056841495
0,5728.0,28.03165,9.618695,60.0,36.0,24.0,23.0,108.27507,16.42591,0.19182755,0.123249955,542.4594,2.132688,0.0,5.6680374,0.0,0.0,0.0
0,4568.0,7.2488604,11.68107,60.0,36.0,24.0,23.0,174.25739,20.006006,0.6438685,0.7491062,47.96317,0.5362378,0.0,14.17802,0.00069327094,0.00061790907,0.00514238
0,5077.0,34.493446,9.6551,60.0,42.0,19.0,32.0,244.99396,59.812412,0.17793882,0.024811905,1086.6448,12.059169,2.9330673,19.332636,0.0019369111,0.00076667755,0.015818607
0,4562.0,29.522871,9.707888,60.0,46.0,21.0,29.0,231.86235,56.49979,0.105581194,0.11614037,429.98264,18.262508,0.16991259,19.012712,0.00067248865,0.00049171055,0.0144732185
0,3092.0,31.973217,9.646461,60.0,28.0,22.0,25.0,442.5333,151.65134,0.07997798,0.31895262,243.16357,142.71814,30.375782,105.970215,0.12539618,0.070087254,0.035685673
0,3190.0,36.905376,9.382458,60.0,43.0,21.0,25.0,201.33487,33.57664,0.6067841,0.864199,930.97015,0.0,0.29852316,10.370576,0.0008831813,0.0020341992,0.00064986985
0,5439.0,25.904655,9.991566,60.0,36.0,24.0,23.0,119.801605,18.589922,0.314114,0.24225469,556.1591,0.9926736,0.0,8.461161,0.0,0.0,0.0
0,4453.0,33.893444,9.691315,100.0,40.0,20.0,34.0,386.8954,122.311295,0.018058525,0.03783018,504.7991,59.492596,10.067628,46.502934,0.009779554,0.016111122,0.020854704
0,4903.0,31.538626,9.81453,60.0,35.0,24.0,24.0,365.76086,201.4858,0.39004722,0.17166835,486.0895,0.0,44.19095,40.896515,0.01730645,0.041128956,0.004251499
0,3974.0,30.548864,10.411282,30.0,41.0,20.0,29.0,276.82425,67.082275,0.055850938,0.22760668,555.83124,69.10154,0.0,47.734783,0.007379954,0.0040097656,0.016995523
0,5752.0,22.358377,9.891632,70.0,29.0,38.0,31.0,115.30199,6.564027,0.38145146,0.028683344,252.98921,0.0,0.0,5.2115993,0.00020389445,0.00033997282,0.003757553
0,4192.0,29.498127,10.619678,30.0,45.0,19.0,32.0,597.83954,329.9411,0.077867635,0.030546227,210.84535,214.88577,137.05835,115.803986,0.023801502,0.0433683,0.019953057
0,2008.0,25.513096,10.435205,10.0,31.0,28.0,14.0,543.01013,184.74973,0.2188966,0.87568444,345.05655,159.69269,59.630573,156.86157,0.047051154,0.016060874,0.01763035
0,5557.0,23.797543,10.25002,70.0,39.0,22.0,29.0,274.20837,85.98592,0.4399207,0.06324334,1102.6509,0.0,0.0,14.667889,0.011817107,0.03189563,0.0022998091
0,3937.0,29.704153,9.910235,30.0,48.0,17.0,25.0,207.50435,83.89212,0.17719635,0.55828553,242.43166,23.194715,8.677972,35.964184,0.0027053598,0.0010246562,0.012547703
0,5373.0,27.751345,9.775266,60.0,39.0,24.0,35.0,278.05725,82.12604,0.01910163,0.00072672364,541.3961,9.453562,0.6363523,37.56841,0.004864782,0.0017137085,0.014027331
0,4693.0,27.121168,9.76761,60.0,37.0,20.0,31.0,384.84152,165.22412,0.068956636,0.05572171,666.5879,21.881824,13.15045,65.994804,0.01409064,0.06435807,0.016227316
0,3386.0,30.192728,9.8112545,60.0,37.0,24.0,23.0,206.96802,35.738693,0.6750144,0.87043464,800.13544,0.0,0.22325562,11.506323,0.0014761344,0.0031614818,0.00069059915
0,366.0,7.0254426,10.886309,10.0,31.0,21.0,10.0,1060.2783,733.6755,0.95426726,1.0,104.55319,100.89107,211.4602,100.89107,0.095286526,0.02076205,0.04794609
0,5899.0,28.278036,9.732934,60.0,36.0,24.0,23.0,212.1276,136.11995,0.4007426,0.2545998,994.247,6.913622,13.373741,13.425028,0.0,0.0,0.0
0,798.0,16.731789,10.20419,10.0,35.0,24.0,15.0,1215.4279,844.9487,0.9688524,1.0,102.73813,215.24553,210.1023,215.24553,0.14762698,0.028600404,0.070949055
0,5171.0,7.904636,17.173262,60.0,36.0,24.0,23.0,106.57467,11.138393,0.5899266,0.57480854,11.289067,2.0711162,0.0,4.350903,0.0,0.0,0.0
0,4535.0,22.577776,10.453675,70.0,36.0,24.0,23.0,194.40985,46.98279,0.25373727,0.13843566,238.52756,0.0,4.9502506,9.77802,0.0013129986,0.0047408002,0.0036450538
0,5187.0,31.526634,9.910172,60.0,29.0,28.0,29.0,253.20798,88.035774,0.08258421,0.023664698,650.97125,0.0,0.0,25.84113,0.00094185374,0.0024090663,0.00067949266
0,3508.0,35.1006,9.3940935,30.0,40.0,23.0,23.0,204.34932,32.934093,0.7816097,0.7685802,395.66553,0.0,0.0,10.42996,0.0033045104,0.0079973405,0.0008132098
0,2192.0,11.750816,10.63877,60.0,36.0,24.0,23.0,134.88986,22.110317,0.6728554,0.98882234,140.43301,0.0,0.0,6.3882246,3.8655104e-05,9.576686e-05,0.00014942461
0,5309.0,17.005228,10.112578,60.0,36.0,24.0,23.0,189.89485,62.68489,0.38414901,0.596177,593.98224,20.379923,6.875406,20.379923,0.0001695057,0.000198445,0.007488227
0,4245.0,2.6560574,19.1691,80.0,36.0,24.0,23.0,117.7153,18.591217,0.7572881,0.85334206,0.02963116,0.0,0.0,7.349363,0.0,0.0,0.0
0,3172.0,36.768913,9.41564,30.0,36.0,24.0,23.0,389.3277,93.21594,0.21702977,0.58178234,633.49304,0.0,36.81528,29.361246,0.09435457,0.102304466,0.038510717
0,5328.0,39.583073,9.31499,70.0,40.0,22.0,30.0,544.4425,321.53372,0.075173296,0.025679123,1058.0612,554.4944,118.98459,327.27557,0.035005286,0.03690328,0.016076455
0,5030.0,17.036684,10.544664,60.0,48.0,20.0,27.0,186.0713,34.38611,0.31106746,0.26721436,158.43626,12.764169,0.0,21.509312,0.00053770153,0.0005369216,0.0068448507
0,4924.0,33.500195,9.65272,70.0,40.0,20.0,28.0,572.3474,352.59985,0.17490406,0.012176611,526.46246,541.62384,145.74956,270.81192,0.027130038,0.031434987,0.017539315
0,236.0,2.3546994,12.751193,40.0,36.0,22.0,7.0,931.1519,658.9485,0.9934721,0.99950147,3.4405887,58.043022,213.99657,110.802956,0.16697799,0.031110419,0.09525083
0,5934.0,8.2590475,11.512567,70.0,35.0,28.0,28.0,139.40465,12.09498,0.31013474,0.060261495,460.29907,0.0,0.0,6.3903947,0.0002524753,0.00031121247,0.007405826
0,4515.0,34.212513,10.275684,60.0,36.0,24.0,23.0,126.60812,33.35794,0.11231467,0.03873636,1103.0618,0.0,20.434074,7.6635985,0.0017097009,0.0038454228,0.011958194
0,5244.0,32.93021,9.741301,70.0,29.0,30.0,26.0,362.51602,195.83229,0.060491715,0.024697753,409.88287,0.0,4.0693593,54.667664,0.003934232,0.07172682,0.011966189
0,5286.0,25.156015,10.246976,60.0,38.0,27.0,32.0,293.41766,189.90015,0.3638447,0.06392416,353.6994,27.851421,33.560738,21.368221,0.0007931499,0.0004940451,0.015600976
0,4707.0,26.315529,10.598074,60.0,41.0,19.0,21.0,187.2625,65.58961,0.61353636,0.4648148,495.88647,19.848463,14.968487,17.717112,0.0019274798,0.0010149227,0.010281069
0,5051.0,0.4036938,19.629347,80.0,36.0,24.0,23.0,108.81447,10.800722,0.6049962,0.58460337,0.011092541,1.5772333,0.0,4.2483606,0.0,0.0,0.0
0,5033.0,29.696276,10.112793,60.0,36.0,24.0,23.0,344.4589,179.8177,0.20193149,0.02049628,408.56024,7.2108326,51.0266,16.77989,0.0002341108,0.00079444895,0.0058662207
0,4506.0,23.250221,9.964674,60.0,41.0,24.0,27.0,194.19687,18.922745,0.1746797,0.10155975,247.38885,0.0,0.0,30.823782,0.0030641286,0.0012295293,0.018065374
0,5559.0,28.673702,9.66473,70.0,27.0,30.0,30.0,158.05399,18.130404,0.1787881,0.02820173,725.64496,0.0,0.0,9.350257,0.00054989336,0.00078485796,0.0013964418
0,2763.0,31.536488,9.900373,10.0,36.0,24.0,23.0,563.88403,133.86989,0.48720822,0.7879447,618.7333,0.0,16.987362,19.637808,0.005837403,0.0041553844,0.0032892805
0,2896.0,33.563946,10.037062,60.0,36.0,24.0,23.0,217.90437,45.184517,0.93786395,0.9423712,180.93529,0.0,0.0,12.118538,0.007417105,0.01821185,0.0016390969
0,3870.0,28.699612,11.090554,60.0,36.0,24.0,23.0,299.51898,141.90897,0.1835632,0.19380434,163.31396,0.0,13.238544,17.990263,0.00035559756,0.0008277627,0.002998667
0,5754.0,22.614712,9.81172,60.0,31.0,32.0,36.0,132.59056,16.041767,0.5343334,0.03915955,364.27747,0.0,0.0,8.148739,0.000108231114,0.00015085256,0.0068266457
0,4600.0,28.43897,9.860588,60.0,39.0,22.0,31.0,255.86636,33.35858,0.040823758,0.02562337,455.06512,24.441517,0.0,25.936522,0.0038423627,0.0044951937,0.018106801
0,670.0,15.670028,10.5875,50.0,29.0,22.0,17.0,1119.5238,774.8133,0.9914179,0.98909956,305.0184,120.30427,201.22852,95.12697,0.09523891,0.019068051,0.041470308
0,5309.0,11.573519,11.427827,60.0,36.0,24.0,23.0,112.30081,21.820356,0.6785438,0.5974657,118.20249,2.386341,0.0,5.3156357,0.0,0.0,0.0
0,5271.0,17.14205,10.96411,60.0,26.0,30.0,27.0,215.60411,82.91749,0.524171,0.14873381,126.87652,0.0,0.0,11.028773,0.001675875,0.004721443,0.0030903015
0,4242.0,1.0736302,19.266476,80.0,36.0,24.0,23.0,108.34172,2.4003236,0.9461233,0.947711,0.016594114,0.0,0.0,6.485981,0.0,0.0,0.0
0,5431.0,32.272846,9.686735,60.0,39.0,25.0,32.0,196.50253,33.329357,0.09144777,0.027693285,791.77515,12.804158,6.089587,15.571926,0.0016443795,0.0006481408,0.0105546275
0,0.0,0.0,24.254423,0.0,37.0,24.0,21.0,360.29306,151.24031,0.5238915,0.5933692,0.25527844,0.0,0.0,0.0,0.0,0.0,0.0
0,3856.0,10.585354,12.477471,80.0,38.0,22.0,25.0,197.22353,25.057873,0.57812524,0.7763111,30.803877,0.0,0.0,6.6783557,0.0022087933,0.005249501,0.016026879
0,4987.0,26.95373,10.051537,70.0,39.0,21.0,30.0,315.03394,110.73834,0.10022136,0.023768255,302.7909,82.970215,0.6122497,56.800156,0.007992595,0.0093725715,0.016044741
0,1679.0,20.218552,9.949641,30.0,31.0,26.0,14.0,1341.8542,843.13074,0.80899435,0.9830921,471.09708,355.5616,245.73315,246.39438,0.25165114,0.023988744,0.09212632
0,0.0,0.0,19.81468,0.0,36.0,24.0,24.0,360.29306,151.24031,0.5238915,0.5933692,0.025938833,0.0,0.0,0.0,0.0,0.0,0.0
0,4300.0,37.384296,9.561799,60.0,35.0,24.0,24.0,268.4097,119.60573,0.41766825,0.5056949,749.0655,0.0,5.8765697,19.693924,0.001783603,0.009393414,0.005799257
0,5126.0,38.195953,9.534721,60.0,37.0,19.0,33.0,617.2151,250.81372,0.084149905,0.03674788,785.99335,183.15619,72.86008,83.88258,0.015631994,0.053472657,0.027394708
0,4035.0,37.489532,9.975017,60.0,36.0,18.0,29.0,542.2347,209.34744,0.08526637,0.06436297,459.33978,252.01614,44.088577,209.26671,0.15056512,0.08750727,0.03985625
0,986.0,14.9325905,10.182344,10.0,38.0,29.0,15.0,1156.8607,829.3567,0.9769849,0.99582046,288.62213,526.368,288.33005,264.72617,0.11040892,0.02192701,0.032512076
0,5319.0,14.612601,10.812416,60.0,24.0,33.0,27.0,95.24425,3.081865,0.43913615,0.40011525,213.517,0.0,0.0,6.05718,0.0001544703,0.00022033093,0.00049203733
0,4266.0,23.91948,9.946389,60.0,42.0,21.0,27.0,1938.0225,876.4672,0.01664243,0.07653424,925.4603,331.88904,242.12607,259.56268,0.37455943,0.1254501,0.12631895
0,4591.0,38.684376,9.502547,60.0,37.0,20.0,33.0,505.50882,199.51073,0.055245806,0.02626509,939.75116,277.8107,46.32144,142.33119,0.07064774,0.108248934,0.028069464
0,4425.0,31.204504,9.720013,60.0,39.0,24.0,27.0,273.14023,65.87044,0.37331,0.3339204,858.98584,0.0,0.38757697,31.168737,0.011795232,0.024817873,0.0028652076
0,4679.0,8.859351,11.462165,60.0,36.0,24.0,23.0,142.70358,57.988426,0.8189335,0.92245704,46.12506,0.0,7.4387064,9.757965,0.0,0.0,0.0
0,4422.0,26.561712,10.561513,60.0,41.0,23.0,34.0,460.09564,190.64389,0.14050022,0.06828882,199.64444,29.335484,27.16285,73.92619,0.0031118442,0.008128846,0.02107654
0,5109.0,45.87619,9.178268,70.0,41.0,18.0,29.0,399.40768,184.82822,0.31138724,0.23528309,1051.8345,65.97556,84.31766,51.80466,0.0041542696,0.017122993,0.020344945
0,4423.0,37.407528,9.874918,60.0,36.0,24.0,23.0,458.47906,237.48552,0.3864646,0.21623306,788.3884,94.01279,72.851494,82.26556,0.015197839,0.0148324035,0.020464826
0,2792.0,34.86244,9.655066,10.0,36.0,17.0,22.0,486.48386,216.93097,0.14978094,0.42507318,648.9569,266.09326,79.50531,195.42265,0.082450226,0.05593856,0.032805227
0,2085.0,33.36805,10.254421,60.0,36.0,24.0,23.0,220.88966,49.809364,0.87743336,0.95992994,316.9776,0.0,2.628542,8.325278,0.025328089,0.046248045,0.025049312
0,4794.0,23.305319,10.482328,60.0,37.0,24.0,23.0,413.69354,185.53973,0.44676018,0.18141092,109.207245,0.0,35.49332,15.302899,0.01552671,0.0513638,0.0034241772
0,1681.0,4.877264,11.602881,40.0,20.0,28.0,15.0,684.71796,243.92207,0.7592441,0.9729313,77.536964,209.82729,65.67643,171.47292,0.22882146,0.3487757,0.12091533
0,257.0,1.6709821,12.651224,40.0,40.0,20.0,5.0,980.1905,743.01697,0.97746855,0.9977782,8.248052,313.04266,250.09378,183.42224,0.15059048,0.030046627,0.0950525
0,6009.0,20.149311,10.41054,60.0,36.0,24.0,23.0,131.0799,25.6091,0.27855745,0.06530886,337.27032,0.28792998,0.0,7.457658,0.0,0.0,0.0
0,5515.0,31.701977,9.658311,60.0,39.0,22.0,30.0,337.0811,119.50324,0.18943998,0.015553847,683.7418,7.006479,12.495311,43.518353,0.0016368119,0.0039081527,0.013511155
0,3162.0,33.79288,10.376811,60.0,36.0,24.0,23.0,272.72113,100.00922,0.3271959,0.4092956,120.319595,0.0,9.801546,20.432165,0.00080901565,0.0042571467,0.0062957504
0,3116.0,37.033524,9.531799,30.0,26.0,28.0,22.0,431.90802,129.7724,0.15809406,0.40391302,599.7526,121.80415,34.136436,89.844826,0.11774811,0.052577104,0.032025304
0,4058.0,31.744236,10.425264,60.0,41.0,19.0,26.0,206.15117,75.6694,0.41704628,0.5913265,700.33905,51.506805,2.8328056,28.666737,0.006597961,0.008225923,0.024324317
0,5574.0,32.930336,9.756526,60.0,36.0,24.0,23.0,135.21126,6.4355664,0.34913996,0.20716721,832.12506,2.9592648,0.0,5.2620325,0.0005476782,0.0003195174,0.010571138
0,5291.0,25.709208,10.19176,70.0,37.0,22.0,32.0,287.48248,93.68445,0.43262532,0.1377517,814.0777,42.92916,13.342065,42.92916,0.0020982358,0.043721866,0.01068766
0,4887.0,24.741022,10.296929,60.0,44.0,22.0,35.0,234.92798,53.648964,0.039605856,0.008064909,443.66144,5.5112753,0.0,16.963745,0.00066592515,0.00041825097,0.009260448
0,4474.0,21.326078,10.79349,60.0,42.0,20.0,26.0,215.85233,100.41541,0.3348077,0.24377853,140.16922,34.632828,22.371355,34.632828,0.0010534254,0.00082418293,0.01023983
0,769.0,18.210238,10.268726,10.0,30.0,26.0,16.0,1309.1671,881.4407,0.9601597,0.9960601,180.83998,118.28798,317.42065,173.59023,0.17417979,0.04785904,0.0638808
0,523.0,14.319825,10.568262,10.0,38.0,24.0,14.0,1281.9531,1020.3105,0.9796681,0.99193096,69.288284,609.1271,334.70328,316.45065,0.05083756,0.009248784,0.022630513
0,4252.0,28.081198,11.553608,60.0,36.0,24.0,23.0,341.41693,236.40613,0.5238915,0.5933692,540.2997,0.0,13.308204,29.747404,0.0,0.0,0.0
0,5342.0,21.137255,10.563201,60.0,29.0,33.0,28.0,138.19263,10.77473,0.5411399,0.19810759,99.2397,0.0,0.0,5.6400776,0.00042162245,0.00047276868,0.009522158
0,3933.0,30.343199,10.050884,30.0,41.0,21.0,34.0,449.414,35.51143,0.013503666,0.03073736,889.406,57.94799,0.8749417,44.413692,0.023455197,0.044984397,0.01951255
0,4725.0,9.495658,11.501939,60.0,46.0,20.0,29.0,305.48062,97.94376,0.21339847,0.024102231,44.460842,6.50809,9.158485,29.313616,0.0015634291,0.0011942894,0.016232302
0,5078.0,25.792797,9.663964,60.0,34.0,28.0,24.0,96.38914,5.6734166,0.78341806,0.76897466,139.87552,0.0,0.0,3.482577,0.00015970896,0.00021765787,0.00047754002
0,2644.0,29.808287,10.097497,60.0,38.0,22.0,25.0,163.69524,28.601206,0.67346835,0.937855,122.932304,0.0,0.0,13.962053,0.0007087699,0.0015281258,0.00022225757
0,5891.0,20.735685,10.427616,70.0,36.0,24.0,23.0,133.20114,34.6908,0.2798749,0.11810792,365.36774,1.0750105,0.0,21.61705,0.0,0.0,0.0
0,5699.0,16.476158,10.458797,60.0,36.0,24.0,23.0,107.13762,10.84186,0.42542136,0.3436217,226.77736,0.000107457956,0.0,5.679534,0.0,0.0,0.0
0,5162.0,18.046452,10.556318,60.0,28.0,31.0,27.0,112.5825,9.92972,0.7638372,0.43434784,130.36856,0.0,0.0,6.4346814,0.00013672639,0.00017894257,0.0017708376
0,3053.0,35.309723,9.371842,60.0,42.0,22.0,24.0,210.89418,37.23136,0.92292804,0.9681187,462.06506,0.0,0.22351713,10.49043,0.0023125622,0.0051459624,0.0007755908
0,3337.0,37.323288,9.5823145,30.0,40.0,21.0,22.0,203.61272,40.277058,0.5153491,0.7482425,678.8426,0.0,0.3044419,11.080618,0.0021738494,0.0050290823,0.00084068
0,5945.0,27.976225,9.561498,60.0,36.0,24.0,23.0,177.15613,84.884315,0.27565318,0.06389928,646.8588,8.168289,0.5817239,10.650205,0.007055969,0.01116959,0.004977171
0,5067.0,28.179697,9.738079,70.0,38.0,19.0,28.0,274.98755,95.75172,0.23493488,0.099792,538.0588,161.41176,9.618543,81.052246,0.021346517,0.017672861,0.02944844
0,5200.0,28.192406,10.120469,60.0,31.0,33.0,28.0,144.24747,27.363003,0.39337456,0.112841144,183.15721,0.0,0.0,6.577674,0.00031059972,0.00034035064,0.0048745237
0,972.0,26.91434,9.964509,10.0,36.0,24.0,23.0,1392.15,771.6888,0.9108879,0.9913609,333.9746,161.18027,320.4899,161.18027,0.1600369,0.048042454,0.07105362
0,4612.0,29.009062,9.635993,60.0,42.0,17.0,26.0,161.4058,43.464836,0.097708404,0.25999102,277.39224,57.17056,9.985269,38.612736,0.0021419479,0.0007030933,0.011095509
0,4638.0,6.9685745,11.648796,60.0,36.0,24.0,23.0,179.79356,42.161987,0.517594,0.7079655,58.02874,18.417877,0.0,18.161575,0.00039980403,0.00035195504,0.0053378753
0,4660.0,25.610613,10.167044,60.0,41.0,18.0,23.0,189.26395,61.190643,0.17944843,0.24911276,330.44534,56.939453,17.118393,29.243235,0.0028548595,0.0012652156,0.009777114
0,4017.0,28.59825,9.902866,30.0,36.0,24.0,23.0,540.7104,194.11003,0.03842493,0.03388186,439.54977,22.434391,59.984764,47.33536,0.1008119,0.11718446,0.04394004
0,4723.0,31.912655,9.512067,60.0,34.0,23.0,24.0,279.2296,82.36551,0.2824197,0.49138495,824.1927,0.0,3.195288,11.445292,0.0021815181,0.006452503,0.0010334788
0,3582.0,22.234314,11.364311,30.0,38.0,19.0,29.0,863.31506,540.6988,0.08927485,0.043504983,91.7629,374.41144,154.41702,235.87614,0.010066943,0.058983576,0.030163163
0,5135.0,32.268417,10.489936,60.0,31.0,29.0,25.0,114.337036,6.0486674,0.88614696,0.6400707,375.94638,0.0,1.3839937e-08,4.423911,0.0019366286,0.0022040005,0.00058369146
0,4022.0,32.752106,10.052317,100.0,36.0,24.0,23.0,1164.1205,441.62976,0.011734574,0.027261173,340.57166,0.0,100.45736,135.90308,0.073488235,0.100696005,0.03743196
0,5631.0,27.453909,9.849089,70.0,41.0,19.0,29.0,307.49356,137.5083,0.12011638,0.02269408,1169.4086,0.0,21.298397,16.061563,0.008751725,0.028443707,0.0048450306
0,1470.0,19.29231,10.177136,10.0,35.0,30.0,15.0,1378.6323,796.0242,0.8580902,0.9884176,191.45602,248.66753,224.91525,248.66753,0.26157436,0.034044623,0.09406132
0,3863.0,32.16503,9.786746,60.0,36.0,24.0,23.0,476.56973,157.54913,0.08085126,0.21110706,788.8034,0.0,55.932125,24.797445,0.011857549,0.021233086,0.0076129236
0,3546.0,25.543169,10.320357,60.0,43.0,23.0,24.0,186.2814,67.12228,0.7128063,0.8568005,333.85336,19.5255,9.736972,11.656232,0.006869613,0.007587085,0.015439162
0,5625.0,25.893322,10.087362,60.0,33.0,30.0,35.0,250.20996,130.02902,0.5399412,0.048105355,203.17741,2.9854457,12.350747,14.497104,0.00028267942,0.00026849407,0.0081612235
0,4899.0,9.441153,18.423435,60.0,36.0,24.0,23.0,98.38975,9.074663,0.9188208,0.88614976,2.7679145,0.0,0.0,4.5519423,0.00016076792,0.00018990156,0.0003195387
0,3031.0,34.270332,9.4159155,30.0,27.0,27.0,21.0,532.6696,190.62856,0.18359491,0.4307991,652.37897,160.15897,44.14964,144.1012,0.076148316,0.032183744,0.022838023
0,2972.0,31.907158,9.86861,60.0,36.0,23.0,25.0,178.9538,33.88948,0.663997,0.91437835,242.20761,0.0,0.0,12.463459,0.0012044968,0.0026996334,0.00033989354
0,3058.0,31.12237,9.573738,30.0,38.0,22.0,24.0,192.66524,37.26998,0.61041236,0.880069,641.245,0.0,0.0,7.919377,0.001052098,0.0025821112,0.00030924924
0,4719.0,20.043945,9.9686165,60.0,39.0,18.0,30.0,397.90274,177.01193,0.07085924,0.021759484,441.62927,71.72191,35.95377,71.72191,0.0106002735,0.04427238,0.01796216
0,4896.0,38.319973,9.421086,60.0,36.0,24.0,23.0,112.64401,21.96561,0.14490278,0.09503358,1233.7126,0.0,3.8898637,5.796947,0.0037509636,0.006175098,0.017991979
0,5350.0,18.806383,10.162833,100.0,36.0,24.0,23.0,240.48788,116.07545,0.27597415,0.048477367,516.0781,31.792336,12.049142,31.792336,0.00073017343,0.002133373,0.00823965
0,4816.0,31.29433,9.658425,60.0,36.0,24.0,23.0,365.6197,193.51096,0.07727326,0.024738856,1029.4285,0.0,28.184261,23.84731,0.0037024396,0.0080291,0.011358407
0,5257.0,38.541042,9.327532,60.0,40.0,20.0,29.0,558.49164,332.27255,0.047409322,0.0048768017,638.99927,109.26308,92.74253,109.26308,0.0011556067,0.004512749,0.009471418
0,258.0,2.5468698,12.303163,40.0,38.0,20.0,10.0,967.7394,726.2201,0.9931417,0.9935065,10.993308,320.24673,201.70763,244.38228,0.12962016,0.023762714,0.08477054
0,2269.0,30.454065,9.983747,30.0,33.0,31.0,16.0,805.2541,509.90332,0.37172425,0.8387498,607.31024,378.26453,191.34058,218.11374,0.08174329,0.03826806,0.048399206
0,5234.0,5.9370594,11.795743,60.0,36.0,24.0,23.0,115.540596,12.716966,0.3140559,0.5411087,27.298159,0.19852377,0.0,6.368683,0.0,0.0,0.0
0,3854.0,28.768251,9.321735,60.0,43.0,18.0,27.0,231.96185,67.872154,0.43067908,0.73517734,548.76843,85.65873,10.414836,50.831505,0.0039405534,0.0018813828,0.013880472
0,4308.0,30.711304,9.880141,30.0,40.0,18.0,32.0,416.66867,106.53362,0.08282084,0.03330557,709.60144,103.669106,0.056080014,56.232155,0.01608561,0.04464006,0.020691738
0,3142.0,18.385944,10.162857,30.0,36.0,24.0,23.0,231.92519,33.18889,0.6453871,0.887484,364.55045,0.0,0.0,10.578565,0.0009167229,0.0029345318,0.0003688356
0,3499.0,30.864311,9.516553,30.0,36.0,24.0,23.0,257.49164,62.075783,0.76520556,0.71774924,383.60178,0.0,0.0,12.151334,0.008364763,0.019591551,0.0017101926
0,4742.0,31.813686,9.797344,60.0,40.0,19.0,28.0,471.8095,245.29318,0.054309588,0.048550557,767.1675,301.4569,106.39758,166.85959,0.007245871,0.020425286,0.021348638
0,4874.0,13.501208,11.632001,60.0,48.0,19.0,23.0,171.70471,25.62601,0.46587336,0.48116523,67.06471,10.723612,0.0,18.689257,0.00067242765,0.00034328373,0.0063263285
0,2128.0,30.252872,10.135979,30.0,30.0,27.0,15.0,532.2665,185.79344,0.45849252,0.8949104,428.2866,154.88257,64.62547,93.204735,0.03706302,0.01656133,0.017381577
0,4878.0,2.6749187,12.847373,80.0,36.0,24.0,23.0,133.98581,40.404682,0.07486351,0.08477002,6.0393205,0.0,0.0,6.472536,0.0,0.0,0.0
0,5044.0,5.921319,11.728045,60.0,36.0,24.0,23.0,90.9289,5.9786267,0.69164354,0.8169212,105.18312,0.673623,0.0,4.3414397,0.00019293366,0.00033854946,0.00030791343
0,5547.0,30.817247,9.788807,60.0,25.0,39.0,29.0,139.41495,11.102344,0.20285133,0.018424375,409.2389,0.0,0.0,9.314334,0.00047590793,0.0006217251,0.00547926
0,5525.0,31.31593,10.08189,60.0,24.0,35.0,24.0,122.19377,21.515291,0.21960267,0.106725186,587.80914,0.0,0.0,6.8281503,0.00053927884,0.00062964833,0.00051261333
0,4776.0,30.314056,10.09111,60.0,38.0,23.0,25.0,415.7142,201.12611,0.48197627,0.24262771,551.704,0.0,25.136211,14.742197,0.010600066,0.032067545,0.002038213
0,4593.0,1.5171692,13.073969,60.0,36.0,25.0,28.0,138.49266,5.504611,0.28965098,0.27403253,10.224383,0.0,0.0,5.7171865,0.00044775943,0.00065323804,0.0057654246
0,4383.0,14.565073,11.07496,70.0,40.0,19.0,27.0,303.00586,94.45567,0.16589147,0.10249363,310.30362,43.542206,32.682076,43.542206,0.009998464,0.14865433,0.02353528
0,5538.0,26.166279,10.201609,60.0,36.0,24.0,23.0,106.46746,17.364058,0.32825494,0.21172377,105.14043,1.4863287,0.0,5.4631667,0.0,0.0,0.0
0,2933.0,35.0603,9.74339,30.0,36.0,23.0,23.0,174.64473,33.00669,0.510323,0.8770595,417.0881,0.0,0.0,8.299292,0.0011673877,0.0025832201,0.00031597077
0,2423.0,23.623539,9.923955,10.0,32.0,23.0,17.0,1456.8115,723.9162,0.28214827,0.79055065,764.8861,465.2983,204.1704,296.25247,0.23312426,0.06787859,0.07438659
0,5086.0,26.815296,10.386499,70.0,36.0,24.0,23.0,177.71834,31.139544,0.83102125,0.19331759,196.87607,0.0,0.70286,8.467774,0.0,2.1862452e-05,2.1862452e-05
0,619.0,8.19992,11.192025,10.0,39.0,27.0,13.0,1216.1481,921.909,0.97423095,0.9995989,70.548,606.539,297.59494,336.03418,0.007947515,0.004342045,0.002382462
0,5317.0,28.163671,9.630624,60.0,39.0,23.0,32.0,214.36311,53.131756,0.04910041,0.0007125211,388.66772,8.204671,0.04605783,19.085033,0.0004519907,0.00033282052,0.014026536
0,5242.0,37.70356,9.556255,60.0,36.0,24.0,23.0,377.79587,220.37325,0.077168174,0.04427466,970.263,7.4631443,76.20306,28.117048,0.004551012,0.004453578,0.01615525
0,5580.0,20.927958,10.552039,60.0,26.0,31.0,29.0,109.489555,9.420334,0.49645466,0.03876432,169.20688,0.0,0.0,6.8909554,0.000115131494,0.00013656597,0.0032461185
0,3488.0,27.04049,10.176719,30.0,37.0,19.0,26.0,420.65872,81.82292,0.07270289,0.040868323,237.74539,62.395718,20.11438,41.597145,0.045450598,0.06238894,0.02427215
0,4032.0,32.84615,9.468,30.0,34.0,27.0,22.0,249.31645,56.507957,0.5507424,0.5211748,809.511,0.0,1.8523462,9.070262,0.02152878,0.045463976,0.0040876735
0,4841.0,37.575428,9.774443,60.0,36.0,23.0,25.0,377.85062,200.38686,0.35981426,0.16068155,710.88324,6.8492007,28.702389,21.915197,0.0007912724,0.02030194,0.0063832104
0,5476.0,32.13056,9.773555,70.0,39.0,23.0,31.0,159.00215,10.424564,0.550595,0.09549094,741.11554,0.0,0.39621782,6.3965917,0.00085583277,0.0024989063,0.005212811
0,3863.0,35.97226,9.695172,30.0,35.0,22.0,22.0,277.98547,78.48676,0.2804315,0.4259643,675.95013,0.0,0.43833044,11.403595,0.011233662,0.031405732,0.0022777051
0,2128.0,43.07232,10.481098,10.0,36.0,22.0,19.0,633.96387,410.73935,0.38854873,0.63675356,209.52954,648.6848,87.44826,333.35284,0.048258517,0.038947593,0.022167882
0,4860.0,34.278282,9.7830515,70.0,42.0,18.0,27.0,273.23764,50.67481,0.5820687,0.24678528,361.75168,0.6599657,29.417694,12.142082,0.0013917661,0.032020494,0.0029219596
0,5257.0,27.438337,9.986748,60.0,41.0,20.0,35.0,441.4503,179.8385,0.088300504,0.0044217478,481.0688,50.576622,29.173374,65.05695,0.001868849,0.009786077,0.017914655
0,4557.0,20.371664,10.432601,30.0,32.0,25.0,22.0,345.48895,159.3399,0.22146979,0.17110729,143.15552,0.0,18.292263,21.69527,0.003849075,0.011531943,0.0013698251
0,4282.0,9.692994,12.307309,60.0,37.0,25.0,25.0,176.79195,45.72459,0.40270942,0.57583416,16.740204,0.0,0.0,6.8450346,0.0011732185,0.0012067433,0.011218918
0,5402.0,17.39451,10.520815,60.0,36.0,24.0,23.0,106.131,9.58898,0.5418184,0.57263416,117.48514,1.0463297,0.0,4.5543036,0.0,0.0,0.0
0,5576.0,26.437809,9.996579,60.0,36.0,24.0,23.0,138.21718,16.190498,0.37512612,0.06848359,603.38995,0.0,0.0,15.94822,0.00046655192,0.00035185213,0.015711833
0,5482.0,27.215551,9.744816,60.0,36.0,24.0,23.0,140.13057,27.572834,0.3380178,0.08569276,550.8783,0.0,0.0,7.246352,0.000369877,0.00032790058,0.0072723627
0,3479.0,21.74319,10.223002,30.0,37.0,24.0,21.0,1225.4237,475.89398,0.01135989,0.08770854,521.69104,173.40405,143.88681,173.40405,0.19717878,0.042990126,0.06857086
0,4215.0,27.687195,9.758412,60.0,35.0,22.0,24.0,273.70987,124.707886,0.7131491,0.71804917,1082.4443,0.0,21.265566,21.594208,0.036139347,0.07826147,0.009579215
0,4676.0,35.117893,9.682818,70.0,35.0,25.0,27.0,162.62424,16.516819,0.10555607,0.10709326,1118.574,0.0,3.0184183,6.2712007,0.0008073261,0.0020760167,0.010744859
0,5012.0,4.9681406,12.065732,60.0,36.0,24.0,23.0,107.24119,9.419583,0.863249,0.76476985,25.596542,2.0122387,0.0,4.5661764,0.00025074978,0.00046756392,0.0002328902
0,5018.0,33.523182,9.526503,60.0,38.0,25.0,24.0,385.01276,165.59853,0.4211018,0.27551255,879.3825,0.0,11.094034,13.617883,0.012715276,0.04287971,0.0037141205
0,330.0,2.205698,12.2317095,10.0,36.0,20.0,7.0,1085.0426,835.06256,0.98539424,0.9992474,28.231775,504.09583,286.5566,302.4575,0.121320724,0.021329137,0.054445267
0,4776.0,13.526093,10.653391,60.0,46.0,18.0,28.0,196.47743,53.747356,0.21525303,0.27699688,217.34001,17.82205,0.0,23.378777,0.0010953808,0.00042783827,0.0074089924
0,1338.0,17.5615,10.703725,10.0,36.0,24.0,23.0,1222.2354,668.6261,0.71322155,0.9728035,129.8214,174.01208,259.747,174.01208,0.13326262,0.03158126,0.051229376
0,4961.0,0.0,19.89448,80.0,36.0,24.0,23.0,143.29794,41.978737,0.9994598,0.9974033,0.077098794,4.0948744,1.0693147,12.641997,0.0,0.0,0.0
0,5157.0,39.045532,9.710782,70.0,40.0,20.0,31.0,727.9577,379.3157,0.11775904,0.064785235,678.95905,542.46936,102.903275,204.38472,0.028950928,0.09426616,0.028129108
0,5593.0,24.451796,9.831349,60.0,36.0,24.0,23.0,121.29672,25.255352,0.29026738,0.20947024,371.95694,0.0,0.0,6.3169885,0.0,0.0,0.0
0,950.0,35.359436,10.280739,10.0,34.0,29.0,17.0,1079.4109,473.1152,0.51976377,0.9595197,189.90521,356.2619,136.04741,220.97638,0.09835206,0.021474363,0.043417998
0,5351.0,6.847167,11.6582575,60.0,24.0,39.0,30.0,135.37502,16.319826,0.43040207,0.058830813,28.604776,0.0,0.0,9.2132635,0.000100301004,0.00013852198,0.006716328
0,5442.0,26.275778,9.875717,60.0,36.0,24.0,23.0,162.8627,71.17029,0.1814494,0.04772905,471.63065,0.77885044,0.0,21.510061,0.001859676,0.0071645784,0.0014204753
0,3599.0,33.35475,9.462207,30.0,36.0,24.0,23.0,799.8,314.1682,0.13089155,0.24141115,950.8489,0.0,16.78299,21.570463,0.008743736,0.026918435,0.0114991395
0,1295.0,15.952732,11.010299,10.0,31.0,29.0,16.0,1523.2208,927.1609,0.83360255,0.9763799,104.044174,392.547,212.1514,392.547,0.34058285,0.10075311,0.13036251
0,4938.0,29.334785,10.017867,60.0,39.0,24.0,30.0,186.10089,28.529072,0.10059323,0.00821525,409.35483,12.3708725,2.5818222,18.577658,0.0020950336,0.0008903669,0.009405648
0,4391.0,36.146618,9.694641,60.0,42.0,18.0,31.0,652.5834,326.6012,0.048330832,0.014583988,773.8656,147.7859,73.3636,99.361275,0.010241834,0.017574877,0.017629078
0,3930.0,30.760757,9.89843,30.0,35.0,28.0,21.0,339.1441,150.82259,0.5854514,0.47853115,746.3865,5.488683,23.657331,12.347345,0.02310758,0.059456732,0.004020401
0,5076.0,5.851577,11.304399,70.0,36.0,24.0,23.0,176.83386,33.419518,0.3160012,0.028084928,81.70442,0.12080747,0.5086249,11.394374,0.00011397524,0.0001483601,0.0034000783
0,5216.0,13.0881405,10.450961,60.0,39.0,23.0,38.0,272.49692,78.74353,0.04459781,0.0025173167,418.5743,9.035601,3.3800423,24.082352,0.000832988,0.001377438,0.0137497885
0,3038.0,39.67458,9.442456,30.0,36.0,24.0,23.0,361.33575,175.73128,0.39436492,0.7642263,1710.0887,24.949474,47.760674,17.570118,0.015178449,0.013977489,0.014660152
0,508.0,8.258086,11.591886,10.0,32.0,23.0,14.0,1141.2402,818.7893,0.97607076,0.9959221,30.694326,545.60114,209.63002,429.8257,0.105560936,0.017728634,0.034351893
0,5509.0,13.295675,10.767985,60.0,36.0,24.0,23.0,136.14612,39.528885,0.6555505,0.4279019,252.79054,3.539963,0.0,10.361806,0.0,0.0,0.0
0,2191.0,27.925716,9.708215,30.0,37.0,22.0,16.0,575.15814,299.0058,0.07376341,0.75721854,826.4658,279.8295,105.37816,167.89769,0.05515593,0.026451774,0.03608398
0,5930.0,25.281845,9.96398,60.0,29.0,34.0,35.0,130.6397,8.827413,0.5325007,0.067673825,501.60043,0.0,0.0,4.687653,0.0002087551,0.00028841454,0.0050737695
0,4389.0,11.819618,11.050714,60.0,36.0,24.0,23.0,155.5661,23.639112,0.6983539,0.9112893,178.98969,8.171484,0.0,9.755014,0.00082645845,0.0008061897,0.009264045
0,5344.0,27.75481,10.029025,60.0,42.0,19.0,31.0,328.06937,162.73477,0.12108985,0.035585467,572.4232,7.814306,50.466377,15.831187,3.9918814e-05,0.00031856852,0.0012590585
0,4142.0,20.67461,10.980345,60.0,39.0,25.0,25.0,271.57538,134.17282,0.5656691,0.60788316,60.783257,52.66216,10.099777,52.66216,0.0025828076,0.0057814033,0.015241115
0,4935.0,10.641196,15.922609,60.0,36.0,24.0,23.0,96.41137,11.121779,0.9031997,0.83505523,15.90747,1.6847616,0.0,4.0155106,0.00018781655,0.00022872907,0.00021007305
0,3337.0,35.24745,9.783904,100.0,36.0,24.0,23.0,670.0308,274.96176,0.10676181,0.29462463,455.4675,0.0,59.933495,83.02669,0.04129851,0.036666382,0.019395674
0,3648.0,38.324547,10.097655,60.0,35.0,22.0,25.0,333.66754,96.24964,0.7082459,0.80753076,252.65707,0.0,10.019876,32.10835,0.011194103,0.028708972,0.0019830947
0,5367.0,29.59992,9.734347,60.0,36.0,24.0,23.0,122.993286,25.364525,0.29960755,0.1040347,364.50317,0.5594999,0.0,11.029325,0.0,0.0,0.0
0,5187.0,6.060265,11.677195,60.0,36.0,24.0,23.0,94.09988,5.0849047,0.89590716,0.7506825,72.44373,0.0,0.0,5.5946856,0.00013190335,0.00025357623,0.00026281216
0,5036.0,30.496616,9.835211,60.0,36.0,24.0,23.0,115.28367,0.82577056,0.28860193,0.43813562,753.5735,0.0,0.0,6.8816924,0.0,0.0,0.0
0,5090.0,30.242458,9.994624,70.0,36.0,24.0,23.0,104.92887,28.413916,0.17864397,0.16353501,665.6554,0.0,11.962527,6.168714,0.0010481958,0.0024483528,0.008925877
0,1283.0,24.500591,10.376685,10.0,36.0,24.0,23.0,1362.2639,788.17566,0.89977396,0.97273064,177.86961,78.244415,387.7331,86.939224,0.1666299,0.044327386,0.07037902
0,2662.0,41.122402,9.598315,60.0,36.0,24.0,23.0,310.83667,170.17381,0.73006535,0.83851296,260.99875,0.0,64.90559,20.666025,0.0183865,0.03540849,0.016809719
0,4436.0,39.36152,9.40787,60.0,41.0,24.0,26.0,174.81036,26.898653,0.20671497,0.110008374,633.2039,18.157183,0.0,18.157183,0.0011118586,0.04307573,0.003931561
0,5184.0,20.51074,10.589743,60.0,36.0,24.0,23.0,146.95508,95.60393,0.49337393,0.7230672,501.58157,0.0,10.347565,10.235123,0.0,0.0,0.0
0,4444.0,10.196909,11.260401,60.0,36.0,24.0,23.0,160.90453,33.96201,0.57934684,0.8503678,156.59808,15.747615,0.18707897,14.968938,0.00025737466,0.0001780468,0.009910784
0,4684.0,10.638929,11.344629,60.0,36.0,24.0,23.0,115.759544,12.180916,0.64607936,0.8791039,132.21085,0.041243516,0.0,10.456466,0.0,0.0,0.0
0,3515.0,6.310745,11.698899,70.0,39.0,22.0,26.0,258.0945,81.28514,0.5083266,0.49535897,73.88912,52.50267,19.688221,52.50267,0.00226158,0.007903009,0.010869787
0,4955.0,8.235622,12.030659,80.0,36.0,24.0,23.0,116.13299,4.0434337,0.3552645,0.41183203,26.2779,0.0,0.0,4.9908223,0.0,0.0,0.0
0,5490.0,13.113444,11.233504,70.0,36.0,24.0,23.0,478.60617,284.56644,0.51834035,0.13357292,174.22992,3.1465852,55.456665,83.02892,0.0022883497,0.012488351,0.002634418
0,4817.0,35.678425,9.612,60.0,38.0,22.0,30.0,248.2053,79.07139,0.30609822,0.06774402,448.54083,0.0,22.928885,26.114017,0.0017341338,0.027198851,0.0053249104
0,4319.0,28.544035,9.533876,60.0,37.0,19.0,27.0,534.92584,229.50668,0.032285,0.008817455,517.9657,371.68076,61.71304,171.01477,0.08917104,0.09785856,0.03369678
0,4094.0,35.975536,9.230445,30.0,34.0,24.0,24.0,281.75787,62.10183,0.5736224,0.62288374,844.10345,0.0,0.18020815,10.116148,0.009247469,0.022309901,0.0020913011
0,3053.0,22.307407,9.942853,30.0,36.0,24.0,23.0,204.03806,22.74423,0.6852281,0.91957545,341.04285,0.0,0.0,8.768976,0.0007872767,0.002612453,0.0003980243
0,3290.0,32.52505,9.844098,10.0,36.0,24.0,23.0,365.1161,177.49644,0.31130013,0.67180127,1939.5677,25.068016,48.157413,17.609266,0.0151310805,0.0133163165,0.0147715155
0,4495.0,30.747105,9.626495,60.0,36.0,24.0,23.0,1180.6921,523.1203,0.06017745,0.05112018,1253.9598,3.781671,143.33862,241.90599,0.08705966,0.0806016,0.03264868
0,4057.0,23.078522,11.148503,30.0,44.0,19.0,31.0,591.1602,346.42664,0.08945462,0.023242768,79.305725,205.51369,122.03109,121.31341,0.029823909,0.039789625,0.018230444
0,5123.0,11.087797,11.462391,60.0,36.0,24.0,23.0,93.647415,5.721279,0.32308552,0.20627682,48.879223,0.0,0.0,4.1164074,0.0001366177,0.0002540734,0.0004292006
0,2990.0,27.981361,10.440985,30.0,34.0,23.0,23.0,412.14236,105.243706,0.2572977,0.6786189,119.05594,47.805508,30.942535,40.2794,0.04642976,0.04849624,0.02102767
0,4755.0,42.212322,9.197638,60.0,41.0,23.0,26.0,169.42662,27.479109,0.3728858,0.17041907,922.46265,1.0681087,0.23784404,6.9392385,0.0038235085,0.08822898,0.007732303
0,4527.0,25.733883,11.22427,60.0,43.0,19.0,23.0,156.00359,31.843832,0.26150283,0.5633008,395.3345,6.1372566,0.0,25.671047,0.0018337262,0.00096283533,0.011387571
0,4781.0,34.770977,9.479823,60.0,37.0,24.0,25.0,410.0055,272.19464,0.3499481,0.36248007,1218.3793,0.0,48.67142,45.124428,0.0023078346,0.011887801,0.0061043454
0,4554.0,22.544994,10.115964,60.0,36.0,24.0,23.0,127.65026,39.601913,0.81528115,0.9498229,156.45088,0.0,0.14149405,10.176504,0.0,0.0,0.0
0,5116.0,6.460921,11.6861105,60.0,36.0,29.0,28.0,109.81318,9.527184,0.70279914,0.47926334,23.054724,0.0,0.0,5.9287815,0.00015958857,0.00022432291,0.0007449691
0,3186.0,33.944817,9.976314,10.0,36.0,24.0,23.0,457.6802,170.56097,0.11464316,0.52831084,653.06506,0.26271254,68.8662,44.206276,0.10448787,0.105883256,0.036337677
0,4139.0,31.105581,10.05164,30.0,47.0,19.0,22.0,215.73488,80.81214,0.48054174,0.8194078,317.86804,32.24988,0.3584407,42.260326,0.0025561026,0.0010711479,0.012864488
0,3609.0,38.114685,9.401235,60.0,38.0,23.0,22.0,273.37164,94.25057,0.6151571,0.676177,382.3638,0.0,0.9442812,12.111293,0.011272154,0.029234538,0.0021620297
0,5338.0,2.6178477,12.242799,60.0,36.0,24.0,23.0,107.48172,10.013451,0.72910225,0.67150027,10.905115,0.0,0.0,7.6491833,0.0,0.0,0.0
0,2705.0,18.967281,10.790421,30.0,37.0,20.0,19.0,1006.87274,328.6166,0.09291866,0.42132577,410.23795,245.16296,91.582184,129.08296,0.2662364,0.16984503,0.08558544
0,4432.0,34.45619,9.589647,60.0,49.0,18.0,22.0,170.0699,58.17195,0.5141221,0.77835155,782.5868,32.963776,7.7867594,20.079334,0.0024906294,0.001071782,0.011402162
0,5780.0,43.69023,9.299646,70.0,41.0,18.0,31.0,226.12996,21.276186,0.35763845,0.17683254,535.9838,0.0,9.836206,9.046963,0.0,0.0,0.0
0,5453.0,30.537743,10.274111,70.0,43.0,16.0,30.0,276.67657,79.17908,0.20097917,0.12371806,566.91925,3.5209117,60.81934,16.272617,5.524057e-05,0.0019145994,0.00019766642
0,4653.0,32.96472,9.294122,60.0,38.0,25.0,27.0,270.92783,64.375565,0.21017759,0.21629378,1207.6399,0.0,0.27297142,30.48967,0.011672519,0.024367012,0.0028378086
0,1438.0,2.394248,12.252473,60.0,35.0,21.0,19.0,43.541164,10.6540165,0.916851,0.9998842,53.560104,0.0,0.0,5.756111,3.2558457e-06,1.6235135e-05,0.00022401394
0,4107.0,27.353088,10.104284,100.0,37.0,18.0,26.0,685.9037,365.94266,0.040484734,0.027852947,601.55884,592.15356,73.19155,335.58887,0.098249994,0.09146127,0.02386455
0,4735.0,20.184155,10.972561,60.0,35.0,23.0,28.0,307.58057,85.75423,0.23476271,0.06346694,102.200455,5.3730807,2.7152681,28.764582,0.00083309546,0.05995091,0.005941214
0,3629.0,15.7979355,11.303837,100.0,44.0,21.0,28.0,564.21185,306.30594,0.16621737,0.1557656,68.84442,215.4192,98.24986,215.4192,0.008610749,0.009899977,0.022654321
0,5354.0,21.553942,10.757625,70.0,36.0,24.0,23.0,411.61072,247.70392,0.09783639,0.089991525,704.47253,5.567792,51.284775,42.78719,0.00037995455,0.0008009436,0.0056625823
0,5665.0,31.422634,9.983092,60.0,36.0,24.0,23.0,225.48238,102.73631,0.15195562,0.027620833,634.0586,11.581564,2.000305,20.008575,0.014796403,0.040772002,0.0036413593
0,5081.0,41.70875,9.510138,60.0,39.0,19.0,29.0,189.13676,26.877071,0.124008246,0.13411355,776.723,17.441893,0.0,8.957418,0.004905184,0.009798085,0.020543568
0,4459.0,25.557802,10.559725,100.0,39.0,22.0,31.0,380.46722,208.46826,0.09367653,0.08040948,168.91676,15.022974,28.801184,67.73273,0.0018644286,0.0056908852,0.016295195
0,2200.0,29.90738,10.451494,60.0,36.0,24.0,23.0,226.49802,66.07967,0.6263424,0.776816,177.50462,1.0288935,22.093597,7.401835,0.008187898,0.037855104,0.023861896
0,5540.0,33.31283,9.409941,60.0,36.0,24.0,23.0,308.41193,123.05311,0.20246166,0.040965624,1195.6133,0.0,0.0,15.728397,0.011059457,0.033002935,0.0019192352
0,4707.0,15.768342,10.850998,60.0,36.0,24.0,23.0,228.26543,104.00791,0.8067206,0.9135064,133.05122,16.954638,16.852589,16.954638,0.0,0.0,0.0
0,5042.0,19.626339,10.151406,60.0,40.0,24.0,34.0,218.81624,53.215515,0.17070182,0.036776956,356.4496,15.924036,0.0,20.550074,0.0007449313,0.0006233593,0.014205158
0,1910.0,29.678562,10.151879,10.0,32.0,20.0,16.0,613.82367,285.25226,0.4597435,0.8256698,215.89198,319.49982,93.33486,191.69989,0.072960876,0.034383845,0.029619113
0,4890.0,21.746231,10.420492,60.0,47.0,17.0,23.0,177.06506,33.312542,0.53683513,0.53781635,187.89522,19.222895,0.0,12.496624,0.0008772277,0.00040155914,0.0068026884
0,5359.0,1.6996268,12.700324,60.0,29.0,38.0,25.0,136.28258,11.558609,0.295585,0.28655663,42.697124,0.0,0.0,6.157517,8.962635e-05,0.0001246034,0.0041002473
0,251.0,1.2330652,13.378916,40.0,35.0,23.0,4.0,1084.4655,827.66595,0.9818648,0.99357456,2.550506,390.1815,259.08527,200.50778,0.18544294,0.028982641,0.10076334
0,5580.0,27.568346,9.617595,60.0,39.0,24.0,29.0,195.08449,44.174267,0.16639474,0.019208498,1091.454,17.644697,0.0,27.636444,0.0012898986,0.00045410282,0.008964096
0,5696.0,36.5394,9.964902,70.0,36.0,24.0,23.0,205.09761,93.26511,0.18557028,0.019149214,1088.3652,10.128384,0.0,11.828046,0.01104886,0.029101713,0.0022253576
0,3799.0,28.755886,9.65502,30.0,35.0,16.0,26.0,476.26367,186.88802,0.038884263,0.029752525,477.72705,216.10123,31.019691,161.08713,0.13579653,0.08696302,0.034276277
0,5506.0,25.831919,10.180437,70.0,41.0,17.0,32.0,297.7466,130.39424,0.1581185,0.052063614,464.76993,8.23882,46.933285,15.352977,1.9260224e-06,4.068154e-06,6.364215e-05
0,5358.0,26.829617,10.308379,60.0,36.0,24.0,23.0,225.89764,114.59841,0.4806792,0.23052119,186.05067,0.0,10.156503,18.427488,0.0,0.0,0.0
0,5465.0,34.404762,10.154717,70.0,39.0,24.0,33.0,212.12135,75.22056,0.55594856,0.1519933,881.64465,36.32808,0.0,30.48894,0.0014544969,0.0041626967,0.007242364
0,5295.0,24.749882,10.512709,60.0,30.0,32.0,26.0,208.73932,77.55823,0.17935629,0.102403544,474.0559,0.0,0.0,14.897302,0.0023596494,0.006244763,0.0034797243
0,4401.0,37.7684,9.614265,60.0,35.0,25.0,24.0,340.88965,190.18158,0.3350448,0.4924046,979.82324,0.0,39.122288,34.412952,0.0223698,0.05102687,0.008698751
0,3237.0,35.815914,9.5959,10.0,31.0,19.0,19.0,608.5468,282.3689,0.17880715,0.37059456,1015.5783,352.26297,63.8237,288.78052,0.122433774,0.07084787,0.035302367
0,5435.0,29.336618,9.941067,60.0,36.0,24.0,23.0,186.03883,108.145996,0.7559286,0.81166726,579.17285,4.0403414,13.228552,14.204385,0.0,0.0,0.0
0,3974.0,37.54064,9.547821,30.0,35.0,23.0,24.0,282.77155,58.347973,0.5839757,0.46753067,667.90076,0.0,0.0,14.333271,0.005043491,0.01486565,0.0010117092
0,5116.0,27.700968,10.215331,70.0,41.0,23.0,31.0,221.47614,40.68037,0.039511517,0.0026128863,998.48883,11.737195,0.0,25.65768,0.0018666846,0.00065106363,0.0121125635
0,2585.0,36.068623,9.597791,30.0,36.0,24.0,23.0,377.38687,94.01686,0.20697106,0.791125,339.18304,0.0,39.79034,24.960331,0.08137499,0.086842515,0.034036778
0,3541.0,34.113922,10.249977,60.0,34.0,23.0,25.0,344.33438,105.3977,0.6348252,0.8471902,142.01355,0.0,12.291146,30.117847,0.00977971,0.027104964,0.0017892392
0,3490.0,17.206213,11.257511,100.0,36.0,24.0,23.0,738.7128,307.5629,0.07054491,0.108478844,54.782284,0.0,27.849531,36.565056,0.010417432,0.03761926,0.0126783475
0,3283.0,28.67506,11.769729,30.0,43.0,25.0,25.0,430.57562,215.51572,0.8219732,0.91848725,100.04851,0.0,21.823082,23.123562,0.0073725237,0.022060875,0.0015530469
0,1662.0,16.426163,10.322328,10.0,40.0,23.0,16.0,1245.6532,759.6658,0.7703923,0.9533982,294.2953,200.91508,299.29602,200.91508,0.181382,0.041322514,0.06618824
0,4783.0,17.45586,10.452385,70.0,39.0,17.0,29.0,582.4359,236.14967,0.102310374,0.04107316,462.4217,114.35582,51.823765,114.35582,0.0066338186,0.028580505,0.020881739
0,2689.0,33.205948,9.782646,10.0,36.0,24.0,23.0,787.52124,306.263,0.065570146,0.27045205,331.95273,134.87921,70.0409,173.50397,0.105618894,0.06605521,0.041248746
0,4164.0,28.469305,10.04954,60.0,41.0,20.0,33.0,297.62436,64.441895,0.12835243,0.11935525,193.52728,37.060097,0.0,32.127666,0.009895736,0.009892733,0.018162623
0,4248.0,2.5775683,19.033045,60.0,36.0,24.0,23.0,127.05894,33.378757,0.8655937,0.78544366,0.049866676,0.0,0.0,7.8206363,0.0,0.0,0.0
0,5738.0,28.44492,9.676505,60.0,36.0,24.0,23.0,135.27621,38.74029,0.16555402,0.026327297,584.21216,0.0,0.0,10.97461,0.0,0.0,0.0
0,3443.0,40.85895,9.459292,30.0,36.0,24.0,23.0,337.0755,182.52287,0.41726837,0.49815375,775.7617,1.204138,76.853264,22.287363,0.015387299,0.024680568,0.0144834155
0,4434.0,26.54787,9.966803,30.0,34.0,26.0,24.0,405.14825,235.50754,0.36851412,0.29103974,836.82184,10.694041,59.019722,37.87142,0.005903921,0.010408449,0.0032978076
0,1645.0,4.1599703,11.925022,60.0,17.0,29.0,13.0,695.3947,227.58847,0.620902,0.97419316,56.85825,135.53708,78.205215,94.523674,0.15671863,0.10560396,0.048363227
0,4760.0,16.171394,10.622332,60.0,36.0,24.0,23.0,173.36954,34.790417,0.6597497,0.80336225,362.6683,2.6083992,0.0,12.931365,0.00082560786,0.00068149413,0.007764325
0,4676.0,30.609156,10.073241,60.0,36.0,24.0,23.0,145.88293,4.312474,0.6278573,0.874052,308.08682,0.023474034,0.0,12.347179,0.0,0.0,0.0
0,5235.0,22.966461,9.862102,60.0,32.0,27.0,24.0,177.75517,19.595495,0.36618745,0.331238,212.77032,0.0,0.0,16.771189,0.00019349181,0.00038773962,0.0048472974
0,2346.0,32.632816,9.334236,30.0,36.0,24.0,23.0,1050.9402,570.1537,0.24718986,0.8396054,740.68933,106.59543,240.27586,120.2192,0.07094934,0.024462167,0.03317125
0,4165.0,15.585984,12.138408,60.0,36.0,24.0,23.0,255.99005,52.56327,0.42430303,0.2192739,72.56596,31.251965,0.2671452,21.62617,0.0,0.0,0.0
0,4503.0,21.193209,10.695397,60.0,36.0,24.0,23.0,114.454605,21.872004,0.8818482,0.94100654,135.98174,0.0,0.0,11.376435,0.0,0.0,0.0
0,4610.0,31.821943,9.825577,60.0,39.0,20.0,29.0,207.26039,10.513415,0.10398514,0.09778785,686.39264,0.0,0.10489679,28.863415,0.0031335433,0.0016860699,0.013987794
0,3865.0,35.199665,9.787082,60.0,35.0,24.0,23.0,334.56064,198.25551,0.85262156,0.89425355,605.5318,0.0,31.601528,42.51463,0.0035342537,0.007693326,0.0069068256
0,4692.0,28.601212,9.676002,60.0,37.0,19.0,30.0,304.6661,89.86974,0.3062993,0.22303312,1618.6473,57.151943,8.287251,57.151943,0.0063456055,0.057120215,0.020537892
0,4431.0,24.731077,10.869247,60.0,36.0,24.0,23.0,119.75494,4.4519114,0.40910465,0.637937,156.91814,1.6183609,0.0,9.774648,0.00019166365,7.357229e-05,0.002650781
0,5429.0,29.232199,9.592756,60.0,34.0,29.0,32.0,172.89616,30.920694,0.3788458,0.047791842,323.09198,0.0,0.0,9.456063,0.00012241318,0.00015801458,0.0033849617
0,3744.0,32.634304,9.6513815,30.0,34.0,28.0,23.0,207.07243,33.644493,0.44306666,0.64198583,1513.1622,0.0,0.0,11.766873,0.0028033725,0.0054624164,0.002002775
0,4470.0,32.476803,9.529971,60.0,35.0,24.0,25.0,277.99747,142.97003,0.50605655,0.55906785,1043.3994,0.0,16.31501,28.804491,0.0025552702,0.005968776,0.0058811596
0,4383.0,5.103067,12.102234,60.0,36.0,24.0,23.0,176.59802,95.15748,0.8937061,0.94837266,18.641146,0.1665829,13.250452,14.12038,0.0,0.0,0.0
0,4872.0,30.47872,9.970462,60.0,44.0,19.0,21.0,206.6234,68.866684,0.35879433,0.4060691,504.06122,24.472807,0.0,28.164566,0.002874193,0.0012943781,0.010997536
0,5279.0,20.626526,10.973368,100.0,36.0,24.0,23.0,204.37082,90.6806,0.40619975,0.38315254,273.46542,12.871601,13.417705,24.513113,0.0,0.0,0.0
0,5290.0,9.545812,11.254671,60.0,36.0,24.0,23.0,182.91545,52.629482,0.31030992,0.28850842,292.81024,17.070482,0.0,16.057276,0.0006783017,0.00044102577,0.00514622
0,3932.0,27.41991,10.702945,70.0,38.0,18.0,29.0,529.4499,180.56267,0.030350925,0.022504533,332.04935,252.38841,57.667805,167.92914,0.025308078,0.109467104,0.030259863
0,419.0,9.509971,12.517211,10.0,24.0,21.0,12.0,1222.602,834.4208,0.9565926,0.98910815,49.491226,163.23026,279.7942,163.23026,0.15489681,0.039694946,0.057070635
0,5158.0,23.374882,10.179158,60.0,36.0,24.0,23.0,199.32735,133.07014,0.65964687,0.8489696,406.6321,1.8735765,10.881412,14.850072,0.0,0.0,0.0
0,5422.0,22.909903,10.808195,60.0,36.0,24.0,23.0,236.89024,133.67636,0.52669424,0.19299845,117.654015,5.8427086,13.55236,29.987673,0.0,0.0,0.0
0,3701.0,35.35207,9.753487,30.0,37.0,19.0,25.0,559.0618,250.10146,0.0925793,0.08632569,790.01337,368.48166,83.70333,196.74634,0.09483672,0.08294952,0.031178884
0,4914.0,12.035264,10.495042,60.0,37.0,27.0,26.0,147.53523,12.862933,0.38649476,0.30810803,126.63813,0.0,0.0,12.069999,0.00049151905,0.0006734752,0.014234195
0,5069.0,37.411037,9.281349,70.0,36.0,24.0,23.0,298.68924,152.92024,0.34029397,0.1310923,1335.5608,0.0,52.102745,14.808943,0.0026948452,0.0051336237,0.018319044
0,5032.0,27.910984,9.996829,70.0,36.0,19.0,30.0,503.21207,246.20813,0.3336802,0.07223811,1022.35016,83.39237,158.49812,82.00136,0.012598992,0.025240738,0.020096729
0,4191.0,10.343561,11.338714,60.0,36.0,24.0,23.0,171.50195,40.759064,0.81223214,0.9555792,50.896206,25.187567,0.0,14.5319,0.0006619975,0.00048523943,0.009605324
0,2013.0,18.510912,10.792771,60.0,36.0,24.0,23.0,186.23041,41.699955,0.89001876,0.93881845,91.05336,0.0,0.0,9.107797,0.012402544,0.030126337,0.020355789
0,606.0,6.283042,11.236874,10.0,36.0,27.0,13.0,1247.6036,946.3809,0.9438741,1.0,87.50872,540.82556,309.41702,288.79224,0.061832983,0.011903123,0.019299328
0,4594.0,12.3411455,11.246876,70.0,43.0,18.0,26.0,288.4087,75.1679,0.34989855,0.18431589,86.32786,41.803036,14.337671,44.090034,0.0008042485,0.019027814,0.0035972635
0,3461.0,33.82683,9.775896,30.0,36.0,24.0,23.0,446.52933,139.9678,0.14366277,0.2717129,285.19586,0.0,45.405254,48.603718,0.11417738,0.1317498,0.05956534
0,5182.0,29.544712,10.049101,60.0,36.0,24.0,23.0,129.41153,44.811707,0.27095765,0.092600316,266.95813,5.599216,0.0,8.227972,0.006640302,0.018480064,0.001172428
0,4379.0,3.3535566,12.309025,60.0,36.0,24.0,23.0,133.09543,25.14051,0.8326713,0.96936435,31.773249,0.0,0.0,8.152344,0.0,0.0,0.0
0,1620.0,27.135464,9.929569,30.0,36.0,24.0,23.0,420.73505,88.32316,0.9415081,0.9904973,657.55493,2.4078648,22.868954,22.808163,0.006794925,0.00396015,0.003366209
0,4476.0,26.914204,10.484597,70.0,39.0,19.0,31.0,915.6644,580.5003,0.08712292,0.005636784,285.506,287.734,150.3325,209.31107,0.0108758705,0.03161662,0.025992366
0,4313.0,16.2452,10.231669,60.0,35.0,17.0,25.0,410.6957,118.19983,0.03730639,0.025887858,535.91833,114.37341,26.209208,71.82612,0.07665327,0.061223906,0.030903911
0,4891.0,34.243126,9.63704,60.0,36.0,25.0,24.0,297.23764,154.89319,0.22148141,0.1319397,1335.7509,0.0,15.766729,23.43694,0.002804217,0.009667784,0.0098866895
0,2993.0,44.691166,9.511498,60.0,34.0,25.0,26.0,362.72168,130.01898,0.30101013,0.63485414,931.2059,111.65391,25.697065,59.442173,0.023684574,0.029704206,0.018607033
0,5031.0,5.868268,11.397619,60.0,29.0,34.0,25.0,96.75381,4.0103955,0.8442128,0.8175345,90.578705,0.0,0.0,5.0284634,0.00015016842,0.00025745644,0.00052642473
0,669.0,5.6437597,11.437077,10.0,41.0,28.0,11.0,1380.041,972.2595,0.972609,0.9968978,91.19058,579.0008,361.59634,263.16727,0.026889011,0.056287363,0.00691015
0,1962.0,19.814867,10.368783,30.0,30.0,28.0,15.0,589.69086,198.17805,0.8307027,0.9876698,213.48961,199.0151,55.50652,186.21573,0.06616813,0.026825238,0.021378407
0,1482.0,33.226906,9.506581,10.0,28.0,33.0,15.0,1441.8667,935.5172,0.85435206,0.9811326,694.8608,621.8551,247.67361,461.79572,0.33518827,0.10419664,0.118905984
0,4155.0,36.934402,9.966466,60.0,47.0,19.0,23.0,176.65756,46.452866,0.75031924,0.9138539,569.8334,19.731863,0.0,17.346844,0.0025535072,0.0012274915,0.007910857
0,4496.0,36.046467,9.443976,60.0,45.0,19.0,24.0,132.13286,32.602013,0.048928034,0.21323259,835.42664,26.680532,13.809784,13.340266,0.0029025637,0.00075178046,0.011610299
0,4549.0,10.99046,11.258385,70.0,42.0,21.0,26.0,301.77737,96.63658,0.27044946,0.10897326,72.078445,35.15965,12.739981,22.715946,0.0,0.0,0.0
0,4168.0,35.92282,11.111512,60.0,36.0,24.0,23.0,360.29306,151.24031,0.5238915,0.5933692,2829.185,0.0,0.0,0.0,0.001237209,0.0026603169,0.01702065
0,2567.0,29.164581,10.002496,10.0,36.0,20.0,18.0,579.36395,345.14697,0.19207744,0.7382328,804.6416,394.89612,106.08237,257.53687,0.048661917,0.030429725,0.027353674
0,5390.0,29.224625,9.625894,60.0,36.0,24.0,23.0,203.07173,67.109245,0.028176352,0.005253721,741.55347,24.229332,0.33001405,24.229332,0.0004721022,0.0007529656,0.008635679
0,901.0,9.641408,10.665485,10.0,34.0,25.0,14.0,1235.6958,870.8943,0.97663033,0.99996275,92.14173,163.92862,251.51576,163.92862,0.15104045,0.030009253,0.065788716
0,4964.0,25.230158,10.475093,60.0,36.0,24.0,23.0,160.90706,52.63196,0.13330975,0.06542511,522.60486,0.0,31.057487,8.411003,0.00062238,0.0014186318,0.010085228
0,5243.0,25.184334,9.960104,60.0,30.0,30.0,26.0,111.01794,8.183371,0.552016,0.41210288,443.5696,0.0,0.0,5.838357,0.00055627164,0.0007274595,0.0006077046
0,5640.0,35.539257,9.498232,70.0,41.0,20.0,27.0,253.10706,52.926033,0.25556603,0.07144406,825.3695,6.6137376,3.242378,22.726202,6.671561e-05,0.036755536,0.0050397175
0,4206.0,33.22635,9.921976,60.0,40.0,26.0,24.0,301.50372,69.68491,0.4083934,0.25234956,501.75665,0.0,0.0,16.219717,0.0051494488,0.015215551,0.0010506951
0,5051.0,23.510202,10.267426,60.0,29.0,27.0,25.0,154.97491,18.376423,0.5015987,0.31659296,135.97557,0.0,0.0,9.971616,0.00055661344,0.00078583526,0.0012185784
0,5455.0,20.768856,10.483762,60.0,36.0,24.0,23.0,187.74449,38.83144,0.4768241,0.08893032,170.98373,0.0,0.0,12.178773,0.00075889035,0.00062676845,0.0054357904
0,2956.0,5.56265,11.439848,60.0,36.0,24.0,23.0,312.06512,74.00018,0.8048604,0.9441795,154.30875,7.7520065,0.0,29.439219,0.00063500187,0.0022160483,0.0006204602
0,5947.0,33.510212,9.395292,70.0,36.0,25.0,25.0,309.56653,150.8271,0.2269561,0.03982968,725.0634,0.0,3.169634,14.445613,0.0021714158,0.03465524,0.007269126
0,5107.0,30.367338,9.954517,60.0,36.0,24.0,23.0,116.155426,25.496138,0.3159231,0.5104702,571.36316,0.26610664,0.0,13.193585,0.0,0.0,0.0
0,5830.0,22.9488,9.905818,70.0,36.0,24.0,23.0,177.00471,25.887589,0.41216242,0.03111603,636.0146,5.537492,0.0,15.2252865,0.000864681,0.00092335,0.011069854
0,4573.0,36.767067,9.479573,60.0,36.0,28.0,26.0,515.6056,293.81522,0.42513487,0.24432327,1098.4921,0.8083877,32.133472,26.704784,0.009906835,0.028417483,0.0018404849
0,5778.0,30.508463,9.832736,60.0,36.0,24.0,23.0,145.29012,7.1203804,0.5359263,0.32776007,861.20825,1.2500898,0.0,12.6525955,0.0,0.0,0.0
0,5123.0,3.513026,11.964121,60.0,36.0,24.0,23.0,101.935326,10.322524,0.8313881,0.6771732,89.34189,0.4006034,0.0,5.6718483,0.0001605513,0.00024120719,0.00030904042
0,3958.0,27.223686,9.776903,100.0,36.0,24.0,23.0,890.7467,371.79233,0.015734129,0.036566753,558.7849,0.0,68.480225,99.528244,0.0709877,0.07957082,0.04103914
0,3805.0,11.739289,11.48312,70.0,36.0,24.0,23.0,375.54297,209.39812,0.06314471,0.023384744,49.756435,4.3658247,75.689735,19.88885,0.0036598507,0.0044246856,0.019272204
0,5811.0,23.770443,10.686466,60.0,36.0,24.0,23.0,134.71875,10.254614,0.4930148,0.1025008,632.3825,4.5436897,0.0,5.9490867,0.0010252207,0.00047002675,0.0099232085
0,3179.0,25.776539,11.003009,60.0,35.0,23.0,25.0,201.26419,72.5312,0.5940002,0.86780113,180.88182,0.0,10.615076,21.48447,0.0047373367,0.013132129,0.0072733313
0,4472.0,33.986866,9.71359,60.0,38.0,21.0,30.0,218.50774,27.297548,0.0887584,0.1396479,692.03064,2.046793,4.9066186,17.310854,0.0072796373,0.0140377,0.020255834
0,3856.0,21.7934,10.821035,100.0,36.0,24.0,23.0,642.43207,273.2684,0.039866522,0.035368063,90.915146,0.0,35.846825,41.445614,0.1035555,0.10557071,0.049740493
0,5300.0,10.999076,10.922347,60.0,36.0,24.0,23.0,130.79066,44.324677,0.40183794,0.3726407,124.065125,2.5571406,0.0,7.0209084,0.0,0.0,0.0
0,5145.0,22.063347,10.244364,60.0,27.0,27.0,25.0,155.69977,31.356907,0.7421312,0.520833,253.6306,0.0,0.0,8.994739,0.0005460939,0.0014824866,0.00072372815
0,5923.0,32.062195,9.404282,70.0,31.0,33.0,31.0,124.27504,11.043794,0.5109094,0.10134941,429.3715,0.0,0.0,5.2231717,0.000111215166,0.00018654799,0.001748447
0,5588.0,47.25903,9.163577,70.0,36.0,24.0,23.0,103.8444,24.658693,0.17583968,0.13431755,1310.3949,0.0,8.750855,5.809918,0.0011288498,0.0027480465,0.0109914495
0,4208.0,17.107346,10.8463745,100.0,33.0,27.0,24.0,352.52725,145.84416,0.34145677,0.396886,76.78245,0.0,27.224123,12.985671,0.0080867605,0.024984857,0.0037631618
0,2406.0,28.265577,9.9728,60.0,41.0,20.0,26.0,127.901566,25.989176,0.8331909,0.9831522,111.4509,0.0,0.0,8.624333,7.9654834e-05,0.00022662403,0.00022976001
0,5844.0,19.077135,10.336084,60.0,36.0,24.0,23.0,166.50319,25.045898,0.54836845,0.037271526,569.6901,3.1389368,0.0,14.3314495,0.00059234083,0.00035425316,0.004817338
0,5550.0,31.876856,9.937253,60.0,35.0,23.0,34.0,194.66835,9.884593,0.23994192,0.10106367,494.75247,0.0,0.0,6.267545,0.000948978,0.0021513833,0.0047498145
0,4675.0,37.51061,9.689334,60.0,40.0,18.0,28.0,616.9891,341.0995,0.03385053,0.013273501,562.803,280.77344,109.60724,205.76897,0.0070029404,0.018847704,0.01368577
0,5456.0,33.46647,9.498711,60.0,25.0,35.0,30.0,145.21577,16.250134,0.4005535,0.11201926,346.23615,0.0,0.0,16.512465,0.00016897096,0.000941497,0.00853115
0,2933.0,18.327457,11.384636,60.0,42.0,17.0,26.0,614.30664,221.00195,0.17994826,0.3958052,74.30077,55.293648,47.36054,44.684277,0.046748124,0.22557083,0.034786034
0,1871.0,26.170164,10.269044,30.0,25.0,32.0,18.0,1267.1483,520.1724,0.58737594,0.9358568,112.01674,274.57855,155.34117,274.57855,0.19129567,0.031577125,0.072099715
0,284.0,3.15606,12.038411,50.0,31.0,20.0,9.0,988.9504,685.45123,0.9807865,0.99324465,11.1944475,4.5954857,263.1734,105.5465,0.17059653,0.04572514,0.09560879
0,5426.0,19.864426,10.013531,60.0,36.0,24.0,23.0,116.401184,11.264354,0.33348984,0.09920819,173.34108,0.0,0.0,6.089257,0.0,0.0,0.0
0,1587.0,2.1775556,12.959569,50.0,20.0,24.0,13.0,531.6779,189.8787,0.6078394,0.9454537,2.7944067,94.11799,64.20013,65.30118,0.041983392,0.016468279,0.019969314
0,6201.0,7.3953066,11.711274,70.0,36.0,24.0,23.0,89.10142,5.564281,0.66595656,0.15416798,587.8377,1.1954381,0.0,6.737416,0.007851489,0.009704325,0.004641327
0,2575.0,32.233692,9.825315,30.0,25.0,20.0,18.0,612.7112,312.8996,0.102846645,0.4347668,530.4045,586.02344,92.424194,331.44,0.06507621,0.051614027,0.018715166
0,4643.0,29.675627,9.981815,60.0,47.0,17.0,26.0,190.98186,37.065372,0.2572935,0.3505881,287.1156,14.624136,0.0,23.947699,0.0013280329,0.00047013597,0.010092939
0,5287.0,3.2072744,11.921504,60.0,33.0,33.0,26.0,120.350685,2.0966475,0.40863878,0.23834527,71.80006,0.0,0.0,9.042433,0.00012989421,0.00014904769,0.009470636
0,3446.0,32.071793,9.739126,30.0,33.0,24.0,22.0,288.72217,106.6216,0.3125956,0.5519286,364.2426,2.6927588,10.328091,12.455043,0.022010945,0.07009414,0.0063648354
0,261.0,1.3087635,13.037186,40.0,36.0,24.0,7.0,1190.6696,931.4734,0.9642561,0.9986338,4.235244,477.75616,326.81738,275.1887,0.20025125,0.02844372,0.10036928
0,5573.0,7.7296805,10.958784,60.0,26.0,40.0,32.0,138.54884,13.83318,0.38327524,0.13100547,192.63644,0.0,0.0,5.912983,0.00015111122,0.00027548877,0.005846327
0,4662.0,41.399754,9.8551235,60.0,36.0,24.0,23.0,277.55966,108.31784,0.70718616,0.27671343,519.62555,0.0,56.022877,17.22055,0.011057519,0.026893305,0.014253099
0,3402.0,31.162697,9.6562805,30.0,35.0,22.0,23.0,191.35907,43.4366,0.6019365,0.8099758,443.5429,0.0,2.3474743,15.566884,0.0053002983,0.009862097,0.0012031664
0,4465.0,32.29955,9.503674,60.0,47.0,17.0,26.0,217.42935,84.69524,0.3133863,0.5183731,588.1283,19.44309,4.8239803,40.70034,0.001484314,0.00079307426,0.010216129
0,2394.0,32.258907,9.695187,10.0,29.0,29.0,16.0,1234.3257,564.2813,0.049697492,0.57779205,288.16394,266.57892,173.20636,266.57892,0.18838464,0.038098723,0.07002371
0,5203.0,28.346708,9.724573,60.0,38.0,24.0,30.0,204.65295,59.165813,0.019350769,0.003786205,580.11224,22.250149,0.0,33.971977,0.0011186949,0.0004821138,0.009204256
0,1854.0,37.7878,9.698456,10.0,29.0,28.0,19.0,1153.6841,532.3839,0.7735062,0.9401152,576.03204,206.58762,159.12433,206.58762,0.16635567,0.04587087,0.057192642
0,4960.0,33.45228,9.922464,70.0,42.0,20.0,28.0,300.27042,92.317314,0.24988502,0.20661655,627.5825,41.945293,34.09839,41.945293,0.011079149,0.19114956,0.018284691
0,5986.0,36.879574,9.39154,70.0,42.0,18.0,29.0,166.3522,26.58769,0.28144848,0.083788075,933.7749,0.0,0.0,6.472285,0.0027245062,0.007791984,0.011007732
0,4964.0,31.013502,9.775582,60.0,42.0,24.0,31.0,243.00731,60.356266,0.08415736,0.01366595,367.2506,24.751734,0.0,30.163065,0.0022254777,0.0005508144,0.015810965
0,4982.0,33.36101,9.567061,60.0,41.0,20.0,29.0,184.89308,55.405926,0.22993468,0.32560173,1261.8828,20.965021,6.189749,16.145687,0.0070549953,0.008197964,0.021042796
0,4593.0,35.339405,9.665541,60.0,40.0,20.0,28.0,223.97859,84.65344,0.31665614,0.38920262,795.87506,76.22002,3.688243,67.53233,0.005259736,0.0068655647,0.018545723
0,2555.0,32.733185,9.582482,10.0,36.0,24.0,23.0,1194.1604,483.26385,0.3852437,0.7933056,650.5407,118.98494,150.64513,118.98494,0.16128989,0.04788545,0.05486261
0,5000.0,23.891588,9.965147,60.0,41.0,17.0,28.0,474.47226,266.56824,0.034728684,0.026273696,1654.396,322.02365,119.359985,206.98524,0.041253302,0.04248806,0.021983637
0,5552.0,21.575062,10.581485,70.0,43.0,17.0,33.0,294.5214,119.9211,0.2817183,0.07240321,140.4798,0.0,20.922676,35.873745,0.0,0.0,0.0
0,5990.0,28.47123,9.994465,60.0,36.0,24.0,23.0,132.11754,10.650993,0.5695229,0.13629965,1115.7135,0.65849185,0.0,10.964106,0.001927474,0.0013624884,0.009483722
0,3276.0,34.49933,9.579954,30.0,37.0,24.0,21.0,1836.3058,780.1633,0.12031228,0.15803356,818.8764,369.17322,199.30801,364.7778,0.4060352,0.22740352,0.13889803
0,1487.0,28.506624,9.995844,10.0,36.0,24.0,15.0,828.27484,465.61087,0.68206084,0.9664495,426.76657,340.17465,178.63242,170.08733,0.13123657,0.048751485,0.052923985
0,5062.0,28.935709,10.156506,70.0,39.0,22.0,26.0,189.76576,12.717238,0.17662157,0.035938445,519.0946,0.0,1.4829388,7.1220117,0.0067636706,0.13648486,0.016698668
0,5198.0,20.180117,10.868442,60.0,36.0,24.0,23.0,168.57716,14.5441,0.37937015,0.3394726,126.74788,0.18851338,0.0,12.988456,0.00041186498,0.0004609304,0.0060570478
0,4787.0,27.842867,10.106579,60.0,35.0,27.0,25.0,266.26276,99.66572,0.13833047,0.06478053,427.4337,0.0,5.035824,14.470418,0.002205668,0.004471582,0.0017230288
0,285.0,1.4602699,12.648854,40.0,35.0,19.0,5.0,1045.1266,800.1589,0.97969294,1.0,9.474263,335.8576,270.01694,236.04247,0.17963073,0.03330395,0.1055001
0,4839.0,17.565159,10.1059065,60.0,36.0,24.0,23.0,164.1721,83.23684,0.50778127,0.80160785,545.2458,0.0,9.613792,26.293177,0.0,0.0,0.0
0,423.0,9.031708,10.551784,20.0,36.0,24.0,23.0,1009.23395,704.0,0.9779849,0.99105686,82.3326,58.28266,278.5741,100.24249,0.17615473,0.050132494,0.10045415
0,4918.0,38.89658,9.355014,60.0,36.0,24.0,23.0,282.77286,151.3075,0.07167008,0.025927776,1146.3837,0.12454645,29.173029,27.363476,0.014608238,0.10650092,0.008707596
0,847.0,34.972927,9.401754,10.0,35.0,28.0,18.0,1349.823,943.1933,0.9062123,0.968045,420.67505,509.2844,276.049,282.93576,0.2563188,0.06525829,0.08989727
0,3118.0,10.25838,11.240914,30.0,35.0,23.0,22.0,1431.957,530.2237,0.067538165,0.18715495,117.64449,312.0893,150.18806,223.07715,0.35631976,0.25163335,0.11285422
0,717.0,20.67348,10.119949,10.0,36.0,24.0,23.0,1492.4589,885.1629,0.8628439,0.9896329,237.54971,62.719776,433.99985,126.28016,0.17735206,0.04794252,0.072122544
0,4758.0,34.169228,9.804944,60.0,36.0,26.0,26.0,325.08286,168.84502,0.07640728,0.12031169,665.9947,3.1873405,36.438396,28.311907,0.028754018,0.044762313,0.0066493163
0,3911.0,34.348976,9.653694,30.0,36.0,24.0,23.0,1186.3005,455.4783,0.05566545,0.052136615,482.13446,26.445375,83.34345,175.4639,0.0923267,0.14012034,0.038659833
0,4586.0,40.374744,9.391463,60.0,40.0,20.0,26.0,202.02446,33.460243,0.41291264,0.3425493,1829.5907,20.886019,0.0,10.560063,0.0051303394,0.0077210735,0.021526491
0,4964.0,17.203712,10.754914,60.0,36.0,24.0,23.0,135.25862,23.730022,0.55941397,0.726092,175.32866,0.0,0.0,9.08895,0.0007098756,0.00052384427,0.013243877
0,5022.0,28.82315,9.860959,60.0,44.0,23.0,32.0,240.02414,54.050102,0.0842743,0.005194487,406.9656,5.3821306,4.826584,18.939728,0.0018831298,0.0008082118,0.013297472
0,4894.0,2.249229,12.48516,60.0,38.0,27.0,27.0,106.497025,8.518655,0.7008416,0.7152678,20.949234,0.0,0.0,5.014634,0.00022155125,0.00052965275,0.0007700772
0,5311.0,31.777388,9.5916395,60.0,28.0,29.0,25.0,133.72905,21.575237,0.5532784,0.43575084,554.26074,0.0,0.0,7.9804325,0.001460832,0.0019223632,0.0006394813
0,6091.0,28.1677,9.711955,70.0,36.0,24.0,23.0,132.0325,41.914024,0.27732736,0.083280385,888.37946,0.0,0.0,10.531762,0.0,0.0,0.0
0,5822.0,14.840002,11.057349,60.0,36.0,24.0,23.0,152.64214,10.228285,0.64452076,0.1017161,320.0963,1.2596878,0.0,11.249675,0.00083649607,0.0008899687,0.007660137
0,4783.0,19.891047,10.4875,60.0,50.0,18.0,28.0,221.20157,53.330864,0.19404481,0.16806357,144.4141,18.642279,0.0,23.091494,0.00065721385,0.0005483171,0.013188021
0,4789.0,28.723633,10.353764,60.0,34.0,25.0,27.0,284.77396,119.04444,0.046453275,0.03584989,302.4194,0.0,26.996246,17.338789,0.011743438,0.013007649,0.0059402697
0,4881.0,36.53336,9.456411,60.0,31.0,27.0,25.0,313.1453,150.32733,0.13551003,0.2608953,774.0851,0.0,15.080879,32.545868,0.0014698963,0.003991195,0.0007990792
0,5230.0,22.201857,10.258189,60.0,29.0,35.0,32.0,145.44724,13.555831,0.4019582,0.12399502,132.04146,0.0,0.0,11.462757,0.000422025,0.0005665299,0.0131033175
0,2703.0,18.736086,10.06661,60.0,45.0,20.0,23.0,231.46622,31.11159,0.9841214,0.99302745,351.10187,0.0,0.0,15.520098,0.00069913117,0.0014707227,0.0008266979
0,3826.0,35.566856,9.502804,30.0,38.0,16.0,28.0,482.06873,189.50888,0.041166592,0.02190699,366.98282,170.98091,27.494373,128.23569,0.035947315,0.10581148,0.031236717
0,4554.0,29.475815,10.701351,60.0,39.0,23.0,27.0,150.17398,32.05283,0.19605264,0.09878922,199.89622,7.584821,13.376666,6.349474,0.0011419805,0.00083204504,0.01207028
0,4669.0,35.49501,9.747845,60.0,41.0,22.0,32.0,459.22864,231.91006,0.15769456,0.026992552,678.19586,164.38425,63.89841,90.85672,0.0057075405,0.015522801,0.008531163
0,4208.0,8.754636,11.471961,60.0,36.0,24.0,23.0,165.14778,34.83208,0.76091594,0.9484576,35.316288,20.920517,0.0,13.2244625,0.00024365507,0.0001890008,0.011098595
0,2948.0,31.24617,9.961125,10.0,41.0,19.0,17.0,806.8501,380.60477,0.13593322,0.44318736,332.4018,305.63065,110.81433,158.45341,0.06399234,0.026123766,0.037962854
0,4802.0,30.633953,9.539252,60.0,43.0,17.0,29.0,150.56212,50.244205,0.052238863,0.13949047,791.8674,39.096893,16.181873,26.533411,0.0025982275,0.0008097838,0.010400392
0,4995.0,14.913527,10.801065,60.0,35.0,30.0,28.0,139.08817,10.190195,0.4428063,0.33500382,57.966026,0.0,0.0,5.826928,0.0005212232,0.0006802681,0.0072995885
0,5049.0,2.7661812,20.061548,60.0,36.0,24.0,23.0,141.23315,34.572964,0.62711805,0.82978094,0.04382091,3.785101,0.0,14.985338,0.0,0.0,0.0
0,4725.0,32.826836,10.067084,60.0,34.0,23.0,25.0,417.2842,264.39587,0.57384926,0.43487424,183.855,0.0,59.430515,43.651375,0.009611413,0.042179447,0.005455047
0,5152.0,32.10206,9.768614,60.0,36.0,24.0,23.0,311.28436,212.4905,0.18789959,0.13181168,1388.7487,0.5452451,25.416311,63.565876,0.00086417625,0.0028599137,0.0093365535
0,3750.0,31.993101,9.639726,100.0,35.0,17.0,26.0,540.8612,247.78201,0.10365532,0.14053513,877.6152,374.31696,86.459175,168.65472,0.092874184,0.056660715,0.030174213
0,2680.0,29.118061,9.972428,30.0,39.0,24.0,23.0,701.9867,432.89215,0.27004895,0.7253394,638.7554,367.22812,130.8616,197.12993,0.07588085,0.059723336,0.03648541
0,4667.0,19.921265,10.424447,60.0,48.0,14.0,21.0,194.1703,53.30625,0.5065097,0.5944098,236.0972,16.251879,0.0,18.88622,0.0009496846,0.0003538207,0.007316532
0,4753.0,15.425079,10.540751,60.0,50.0,15.0,22.0,162.14305,20.472015,0.5620781,0.69108427,109.17867,8.154556,0.0,15.11478,0.00040878728,0.0002907414,0.0071514286
0,5224.0,13.984783,10.890197,60.0,30.0,30.0,31.0,185.82785,33.934055,0.42513955,0.01662899,57.968384,0.040342424,0.0,8.251377,0.00012495951,0.07077731,0.007821457
0,3992.0,34.37309,10.03464,60.0,36.0,22.0,24.0,255.93,122.81597,0.6283831,0.84052545,1050.9507,0.0,15.622427,27.402523,0.005423357,0.015103864,0.008696094
0,4679.0,31.18897,9.570914,60.0,32.0,24.0,24.0,468.45013,250.57396,0.5600545,0.36687773,437.04514,0.105438344,48.308975,19.70796,0.011455981,0.041794684,0.0038858126
0,5491.0,24.639688,9.8796835,70.0,40.0,20.0,28.0,433.5892,220.50919,0.38914803,0.05258176,899.9171,207.61185,102.91265,204.3928,0.009380251,0.025768338,0.013516518
0,1578.0,2.1906934,12.575466,60.0,36.0,24.0,23.0,52.5436,8.651402,0.9158964,0.9942356,51.81539,0.0,0.0,6.02572,1.1371739e-05,3.7576752e-05,0.00012691192
0,5180.0,29.65665,9.828955,60.0,32.0,28.0,27.0,179.00714,57.240803,0.29037467,0.11224652,490.19525,11.741898,0.0,11.741898,0.00066430087,0.00042452055,0.01511344
0,537.0,19.668444,10.339069,10.0,36.0,24.0,23.0,1319.2863,856.5196,0.97440207,0.999185,101.43779,0.0,350.47925,157.76509,0.15801808,0.042331655,0.058799416
0,2188.0,37.587013,9.320026,30.0,35.0,28.0,16.0,1306.1434,967.644,0.32212225,0.8605554,1069.3041,462.1474,322.0237,270.60873,0.16434972,0.032313254,0.062276095
0,5252.0,9.419979,11.513663,70.0,38.0,21.0,32.0,428.66544,207.44113,0.22347851,0.01678844,266.82642,48.91556,47.865036,57.73933,0.0005840176,0.01324121,0.009239239
0,5249.0,7.781294,11.594094,60.0,27.0,36.0,31.0,150.74243,17.770319,0.49866718,0.11147158,39.158905,0.0,0.0,15.1876545,0.00038836285,0.00051007385,0.011290248
0,4247.0,3.3004408,19.375843,30.0,36.0,24.0,23.0,138.51448,42.745564,0.8933964,0.95029855,0.028920816,7.225716,8.589829,9.565986,0.0,0.0,0.0
0,2634.0,22.444328,10.996252,30.0,36.0,24.0,23.0,412.26614,104.05191,0.1775409,0.7047205,144.06247,0.0,31.054827,24.46009,0.06365181,0.05573769,0.02778297
0,5191.0,1.4385774,12.806007,60.0,36.0,24.0,23.0,133.18802,38.070263,0.7473612,0.762294,16.472277,1.2532866,0.0,8.431758,0.0,0.0,0.0
0,1633.0,29.005173,9.68436,10.0,36.0,24.0,23.0,1192.8589,640.7032,0.61090237,0.96293545,309.15784,132.0789,290.73416,132.0789,0.1635524,0.0356885,0.06275389
0,4457.0,36.539944,9.463701,30.0,43.0,19.0,29.0,184.01648,23.642323,0.10530784,0.120627135,729.47534,19.494019,0.0,14.517991,0.0053955293,0.017119879,0.015407975
0,4819.0,20.999773,10.352478,30.0,36.0,24.0,23.0,195.27599,45.304928,0.27670956,0.27883562,134.78426,19.905128,0.0,19.905128,0.0008996738,0.000802716,0.009450636
0,4239.0,0.0,19.365067,80.0,36.0,24.0,23.0,134.61499,44.164665,0.9999804,1.0,0.015058807,2.620367,3.0561285,7.0449233,0.0,0.0,0.0
0,0.0,0.0,23.16977,0.0,36.0,24.0,23.0,360.29306,151.24031,0.5238915,0.5933692,1.9396988,0.0,0.0,0.0,0.0,0.0,0.0
0,1673.0,2.2464414,12.414616,60.0,22.0,25.0,12.0,672.90936,280.4059,0.86317354,0.98639494,34.523224,220.73401,80.71346,168.47672,0.25038713,0.35755447,0.11838938
0,3157.0,36.33529,9.401542,60.0,45.0,18.0,22.0,188.90045,32.420784,0.5599535,0.89500886,517.7704,0.0,0.0,9.84694,0.00065606163,0.0016045426,0.0005854255
0,5045.0,24.424332,10.049643,60.0,37.0,23.0,32.0,400.43808,89.2786,0.03244973,0.014647636,839.93896,74.86792,0.0,42.92745,0.023204708,0.021896012,0.020556798
0,3340.0,5.180981,11.7459135,60.0,36.0,24.0,23.0,241.55977,44.7056,0.6495072,0.8011956,52.59413,0.0,0.0,11.220124,0.0027976471,0.0069610807,0.00067608815
0,1080.0,22.275002,10.251178,10.0,33.0,27.0,16.0,1231.5073,861.9461,0.94426703,0.9917378,328.41113,167.50174,272.137,167.50174,0.18049036,0.040836748,0.07162532
0,5166.0,27.207973,10.0506735,60.0,40.0,25.0,31.0,186.45578,30.353695,0.1468818,0.020425374,411.18832,14.863772,1.7323534,17.529644,0.0012639194,0.0007295834,0.011331841
0,4833.0,36.66436,9.651717,60.0,44.0,20.0,30.0,315.42313,106.47594,0.06616012,0.011550313,947.2462,62.505817,55.626293,62.505817,0.0040611625,0.004445631,0.020337403
0,2583.0,39.382404,9.787891,60.0,43.0,19.0,23.0,192.68336,30.818542,0.7546346,0.9695159,646.7953,0.0,0.0,9.324125,0.0002847025,0.00064607465,0.00047720375
0,4068.0,30.977839,9.639246,100.0,36.0,24.0,23.0,597.1514,215.64238,0.020169942,0.055884592,798.26154,0.0,70.58639,38.221874,0.017979316,0.019805457,0.009142159
0,3002.0,31.352512,9.41516,30.0,36.0,24.0,23.0,590.4644,179.07532,0.084080204,0.30480853,590.2101,80.83641,59.40724,78.05129,0.08852915,0.043141212,0.02972456
0,5106.0,24.907948,10.551652,60.0,36.0,24.0,23.0,124.26522,8.33468,0.82068986,0.7046822,264.7372,1.279363,0.0,8.286554,0.0014694335,0.0006931423,0.008761164
0,5081.0,29.264032,9.851103,60.0,36.0,24.0,23.0,138.44904,50.232727,0.7481476,0.8547701,497.9247,0.0,3.4163008,13.840685,0.0,0.0,0.0
0,4605.0,18.449293,11.263866,70.0,38.0,19.0,27.0,330.84433,137.27417,0.18761541,0.043230116,85.28432,35.736763,18.807491,50.031536,0.0007222745,0.032918684,0.002395106
0,4268.0,30.16091,9.5692,60.0,36.0,17.0,30.0,408.6175,98.809586,0.033605993,0.032758478,1143.1383,104.26355,22.982044,67.03354,0.08252991,0.05599889,0.031267095
0,1506.0,28.484718,9.999465,30.0,37.0,24.0,18.0,1169.2698,674.62006,0.92020285,0.984968,283.85422,201.19283,250.52176,201.19283,0.18428744,0.029857611,0.06892971
0,4486.0,3.9051008,12.299916,60.0,36.0,24.0,23.0,176.35175,75.460655,0.82086843,0.97243345,21.273006,0.0,9.588472,16.256708,0.0,0.0,0.0
0,5054.0,7.8079634,11.686867,60.0,36.0,24.0,23.0,96.31171,8.099854,0.933739,0.7249542,56.78645,0.0,0.0,4.478404,0.00010740798,0.00017562046,0.0003055401
0,5621.0,6.7650814,11.654997,70.0,36.0,24.0,23.0,218.28871,52.990177,0.25806823,0.0994902,122.011444,1.1870779,0.0,14.842815,0.0,0.00090768,0.00010282369
0,5709.0,33.94454,9.412227,70.0,37.0,29.0,29.0,386.4127,170.14932,0.24383308,0.060487382,1088.221,0.0,15.873109,13.742567,0.013313377,0.044283986,0.0036088633
0,5365.0,36.700474,9.87265,60.0,31.0,30.0,27.0,139.29391,11.434078,0.21436596,0.19037083,487.53513,0.0,0.0,6.317743,0.00077592296,0.0007552164,0.012359918
0,4415.0,29.457172,9.6481905,100.0,36.0,24.0,23.0,532.8773,169.50113,0.049268268,0.057869602,676.78253,0.0,63.56774,60.127266,0.02823009,0.023623735,0.013449812
0,4568.0,16.499817,11.071143,60.0,37.0,21.0,28.0,397.0625,144.06592,0.06301245,0.038512077,74.19163,12.780462,35.554115,60.204155,0.004298167,0.007972039,0.021526907
0,3163.0,3.5803971,12.32768,60.0,40.0,24.0,22.0,267.54422,141.6633,0.8817058,0.90695125,16.702898,61.47924,7.514119,46.17669,0.0052163275,0.0062362226,0.020226158
0,5731.0,40.430737,9.669878,70.0,36.0,24.0,23.0,277.06326,51.609093,0.49474388,0.25574374,1659.558,8.67997,22.716698,10.334572,0.0032278681,0.075932756,0.0091122985
0,4696.0,6.4021497,11.912144,60.0,36.0,24.0,23.0,158.43579,76.05886,0.84596795,0.9409157,28.67428,0.31691527,10.369474,16.318483,0.0,0.0,0.0
0,4200.0,25.744257,10.609497,60.0,36.0,24.0,23.0,159.27565,30.976631,0.11087103,0.19296174,1288.3616,0.0,0.0,7.4796963,0.023821753,0.04828242,0.0204164
0,5488.0,25.663116,10.273176,70.0,23.0,34.0,26.0,269.72638,126.2574,0.10462221,0.03624206,404.87677,0.0,0.0,12.911326,0.0032571126,0.006633723,0.0011921459
0,6237.0,44.988037,9.421597,70.0,36.0,24.0,23.0,180.85977,39.905422,0.17663181,0.07013537,1664.7731,0.0,2.7388372,7.6002965,0.0,1.727675e-05,1.727675e-05
0,5758.0,31.858833,9.9698,70.0,41.0,17.0,30.0,327.64993,101.96533,0.39568555,0.20233542,693.9175,13.521562,3.4342127,28.165504,0.0,0.0,0.0
0,5237.0,2.5416014,19.357536,60.0,36.0,24.0,23.0,103.42639,8.210234,0.91362536,0.7638553,0.026038492,0.0,0.0,3.7449195,0.0,0.0,0.0
0,5779.0,19.254631,10.060374,60.0,25.0,38.0,29.0,107.20052,5.573575,0.52422976,0.1692504,369.7974,0.0,0.0,5.143262,0.0002456485,0.00036933945,0.0021194995
0,4712.0,31.995249,10.021977,60.0,37.0,24.0,24.0,328.42896,169.44656,0.19572772,0.14936396,3232.0405,0.0,40.96135,24.935637,0.01980206,0.05103874,0.0044954866
0,591.0,7.1362786,11.10389,40.0,32.0,22.0,13.0,1149.7437,810.8914,0.97369236,0.99762285,44.55713,285.9801,198.35236,285.9801,0.09443031,0.0176289,0.043222055
0,5647.0,25.214172,10.240391,70.0,34.0,27.0,31.0,116.44688,9.545171,0.23935424,0.049862944,309.5275,0.0,0.0,5.992306,0.000108351196,0.00014306488,0.0031315526
0,4816.0,9.59368,11.211147,60.0,36.0,24.0,23.0,120.54561,4.813202,0.58458954,0.79505944,71.06311,0.0,0.0,10.725079,0.0,0.0,0.0
0,5868.0,24.777304,10.125061,70.0,36.0,24.0,23.0,297.73367,145.56412,0.46629798,0.048862055,313.4262,0.0,2.5748339,14.172935,0.002649342,0.027772931,0.0054317308
0,4388.0,35.753014,9.510514,60.0,38.0,25.0,24.0,386.6276,145.98576,0.1633512,0.119500615,560.69293,0.0,14.324695,19.827494,0.01459366,0.036265817,0.003045234
0,5205.0,31.580624,9.738656,60.0,38.0,25.0,33.0,172.7718,43.984753,0.06578497,0.019082082,729.90247,56.58632,9.80932,29.148272,0.002356473,0.00089332886,0.010635321
0,6516.0,41.91719,9.3298645,70.0,36.0,24.0,23.0,312.09338,104.77474,0.42542237,0.158242,1626.5304,24.21844,6.572321,34.40623,0.0,0.0,0.0
0,4888.0,9.447197,11.290863,70.0,36.0,24.0,23.0,342.90314,136.581,0.172831,0.044200007,642.4774,0.0,14.760237,12.721839,0.0077486346,0.024220703,0.0033497354
0,1380.0,23.24752,9.759455,30.0,27.0,31.0,15.0,1298.343,902.5892,0.98798555,0.9969076,534.40155,588.00903,232.21909,500.44537,0.30983645,0.10026351,0.10656226
0,5546.0,23.406868,9.860744,60.0,34.0,29.0,37.0,250.68286,125.98174,0.24524823,0.07733347,855.10815,22.54614,18.294357,45.211224,0.004793169,0.0020616576,0.0088242125
0,3706.0,27.86458,10.064948,30.0,40.0,19.0,31.0,558.97675,254.66539,0.057483703,0.10661533,384.41336,154.4232,56.600792,56.475315,0.015068046,0.032813184,0.022633573
0,5152.0,14.328599,11.369851,60.0,36.0,24.0,23.0,121.33405,9.448018,0.34858218,0.37557593,58.77124,0.0,0.0,5.256066,0.0,0.0,0.0
0,5148.0,24.858479,9.857098,60.0,31.0,28.0,27.0,112.491684,12.992642,0.60919654,0.41370678,461.0549,0.0,0.0,6.0076284,0.0007696176,0.0009600221,0.00064351177
0,4767.0,30.117907,9.9224205,60.0,41.0,22.0,30.0,194.48682,25.285334,0.032663073,0.036881376,695.5376,0.0,0.0,27.197048,0.00396938,0.001819416,0.0146875065
0,4272.0,35.98687,9.356723,60.0,34.0,24.0,23.0,341.621,60.864197,0.5440772,0.49807554,871.93097,0.0,0.0,13.88516,0.009758656,0.019654818,0.0022309783
0,4596.0,32.616047,9.661485,60.0,33.0,23.0,27.0,351.93146,193.8975,0.111773245,0.08632558,296.74026,2.7772286,49.035408,18.374418,0.000707864,0.0008176535,0.010004288
0,4495.0,32.26095,9.705657,60.0,36.0,24.0,23.0,612.1904,218.53485,0.048195288,0.06512014,709.9793,0.0,73.43359,62.912025,0.026575357,0.02288841,0.013027948
0,4452.0,34.505035,9.979647,100.0,36.0,24.0,23.0,317.8633,153.51581,0.40315804,0.33613977,1524.5098,12.479017,75.43108,22.100733,0.014439645,0.019382,0.012934482
0,4886.0,8.371575,11.776511,70.0,40.0,24.0,27.0,410.71127,232.50641,0.22748186,0.030501286,301.07397,10.047547,63.8325,16.518665,0.016667714,0.03866277,0.0054264553
0,3672.0,36.898582,11.172074,60.0,46.0,21.0,26.0,182.12904,19.693497,0.31436962,0.62708855,73.56957,2.7924237,0.095328264,24.579811,0.0026846593,0.0011214055,0.014738639
0,4741.0,22.248804,10.546301,70.0,36.0,24.0,23.0,154.08553,19.929527,0.25177276,0.23005085,1033.9153,0.0,1.4012531,8.183048,0.0061995545,0.013412499,0.018314473
0,2398.0,27.576134,9.8164835,30.0,39.0,29.0,18.0,788.1539,535.68866,0.38608962,0.872251,1118.7275,406.6333,182.84714,204.88254,0.072309524,0.0486385,0.03548722
0,4998.0,32.08624,10.040356,60.0,38.0,22.0,26.0,315.7777,168.90533,0.09251316,0.057383865,1235.5188,0.0,19.388298,30.616901,0.0022210886,0.007643887,0.016031193
0,5268.0,30.014189,10.244496,60.0,36.0,24.0,23.0,185.7758,36.91534,0.46222663,0.22076957,733.00037,5.615782,0.0,15.652348,0.0011286946,0.00077888306,0.0056000897
0,5110.0,4.9094086,11.683056,60.0,36.0,29.0,29.0,142.28128,11.16,0.33202025,0.25762463,35.194706,0.0,0.0,6.3254323,0.00035111638,0.00046757664,0.0047271075
0,5833.0,18.840908,10.4965105,60.0,36.0,24.0,23.0,171.24426,46.55421,0.43717736,0.13909854,946.05554,9.2401285,1.1141938,9.866127,0.0,0.0,0.0
0,6199.0,18.042444,10.220031,70.0,36.0,24.0,23.0,225.42122,154.81093,0.42406502,0.09875962,320.52887,14.2221155,44.120735,14.655395,0.008434684,0.0173572,0.003632572
0,4703.0,16.860771,10.876775,60.0,38.0,20.0,29.0,532.1124,145.09598,0.040866867,0.022777444,339.56387,30.003254,0.9879789,79.57134,0.011658421,0.016729124,0.021068158
0,3251.0,10.694316,11.959949,60.0,39.0,23.0,26.0,219.44629,86.35715,0.68167645,0.6950965,40.293827,54.207024,2.8737493,54.207024,0.0041562202,0.007424099,0.019250553
0,5123.0,18.439768,10.2348585,60.0,32.0,30.0,30.0,183.42212,17.145151,0.2020484,0.02418005,176.3954,0.0,0.0,6.3037043,0.0011722647,0.0031984628,0.0049440884
0,4322.0,40.097797,9.617792,60.0,36.0,24.0,22.0,197.72662,63.10456,0.75075585,0.73818976,1159.3938,0.0,8.834967,9.002871,0.011414831,0.029877264,0.011111553
0,4665.0,36.50462,9.636316,60.0,44.0,20.0,25.0,184.98769,31.133358,0.16972029,0.15895648,232.3432,13.951449,0.0,19.450716,0.0013112759,0.0006594696,0.011049932
0,4700.0,27.425846,10.877362,60.0,36.0,24.0,23.0,130.91321,7.684665,0.82223743,0.85204494,122.12847,2.8762522,0.0,9.870831,0.0003020942,0.0004327972,0.0062510828
0,5675.0,40.546616,9.266855,60.0,33.0,27.0,28.0,233.05888,31.673822,0.43667045,0.115064785,1207.976,1.3354158,0.0,21.2377,0.0003326583,0.037930865,0.010196104
0,3655.0,19.499866,10.962614,30.0,36.0,24.0,23.0,1057.5703,411.606,0.028166914,0.046819497,93.97717,0.0,79.84894,117.97072,0.078597635,0.09813842,0.041425034
0,3899.0,23.354221,10.520926,30.0,37.0,15.0,28.0,433.07413,79.19443,0.05444038,0.022687435,409.85287,51.29164,19.707329,35.89679,0.034990143,0.06235476,0.022403955
0,5116.0,40.01749,9.729016,70.0,36.0,24.0,23.0,309.81042,165.93091,0.24117473,0.09251843,1178.8356,2.2301626,46.45606,19.862442,0.0028235316,0.005433582,0.019461105
0,5322.0,24.951466,10.120157,60.0,36.0,24.0,23.0,120.488884,8.7620945,0.33109236,0.1459755,101.35702,0.0,0.0,5.1386433,0.00023004862,0.00023977424,0.0056899283
0,4903.0,2.808934,19.715872,80.0,36.0,24.0,23.0,87.69987,8.415723,0.09961258,0.046980303,0.007154049,2.501223,0.0,4.584575,0.00018869175,0.00032461202,0.00019799583
0,4790.0,27.709446,9.697655,70.0,38.0,18.0,27.0,390.13266,78.9113,0.08638473,0.09447988,1006.9031,68.42894,17.870567,58.408024,0.0242332,0.047837432,0.016219808
0,5326.0,33.0486,9.719684,70.0,36.0,24.0,23.0,509.09155,294.9865,0.26253048,0.021146197,971.41205,5.6519146,39.55024,18.419716,0.012943227,0.039102904,0.004153712
0,4995.0,3.3540995,12.123086,60.0,36.0,24.0,23.0,79.08937,3.2055304,0.8639089,0.87077266,23.104485,0.0,0.0,4.0192623,0.00016869535,0.00021255254,0.0002406189
0,5979.0,20.029106,10.479063,70.0,36.0,24.0,23.0,115.30289,9.828628,0.4817234,0.08102943,612.15625,0.0,0.0,5.661192,0.0002314077,0.00042773946,0.00204178
0,5059.0,19.396027,10.965731,70.0,43.0,20.0,28.0,268.10873,76.38278,0.2674436,0.04139528,128.4503,5.1833596,42.236362,12.969809,0.0014629944,0.05070636,0.005235008
0,3716.0,19.792253,10.176294,30.0,37.0,26.0,24.0,211.64418,34.51896,0.7644794,0.83194125,997.1984,0.0,0.0,11.213367,0.0021924349,0.0043346593,0.0017839888
0,2201.0,20.323755,11.0887165,60.0,40.0,20.0,22.0,184.92104,27.502165,0.89467233,0.9825267,203.30191,0.0,0.0,9.6987505,0.00024116662,0.0007140124,0.00036936658
0,4510.0,19.816656,10.450675,60.0,40.0,20.0,26.0,171.57283,51.0088,0.18007252,0.3126238,95.583595,62.34684,13.184752,46.11045,0.0018883225,0.0007182106,0.010898839
0,3397.0,31.646395,10.288007,60.0,38.0,24.0,33.0,233.8738,12.302632,0.24521323,0.5193544,284.74167,27.508726,0.0,33.97931,0.015063845,0.009661662,0.016228862
0,4156.0,35.171646,9.730301,100.0,36.0,24.0,23.0,728.0528,395.291,0.07306834,0.051563773,536.6228,60.702477,113.911354,62.816135,0.089964926,0.07919128,0.034693845
0,5252.0,20.544128,10.876093,60.0,36.0,24.0,23.0,128.70528,38.770542,0.35721475,0.2956456,344.8627,0.0,0.0,8.471492,0.0,0.0,0.0
0,5010.0,11.597549,10.633012,60.0,36.0,24.0,23.0,83.532524,3.447383,0.89883465,0.8506317,72.62945,0.0,0.0,3.862475,0.00015043144,0.00017194479,0.00020571687
0,4706.0,22.21281,10.501637,60.0,40.0,23.0,29.0,224.22375,35.537518,0.02783486,0.020845816,269.05466,14.104615,0.0,28.075386,0.003882591,0.00088787155,0.013754704
0,4990.0,30.435144,9.99815,60.0,42.0,21.0,29.0,253.61542,124.55274,0.35943988,0.23379378,974.5202,57.343338,26.043917,27.92029,0.0010254399,0.00087073346,0.00886032
0,5202.0,14.786794,10.467016,60.0,36.0,24.0,23.0,93.06291,6.6134076,0.8919287,0.73563015,241.95657,0.14580847,0.0,4.127857,0.0001635633,0.00022215233,0.00020053417
0,5218.0,33.77883,9.577306,60.0,36.0,24.0,23.0,150.24959,50.823692,0.46154317,0.5605965,942.5444,2.1130743,8.998138,10.305669,0.0,0.0,0.0
0,4871.0,8.711581,10.997429,60.0,36.0,24.0,23.0,171.96182,27.926968,0.60674506,0.62634426,275.7762,4.841344,0.0,16.462652,0.0011309562,0.0008368575,0.004846735
0,4454.0,30.811275,10.055921,60.0,35.0,18.0,29.0,497.28903,205.15059,0.04375416,0.020754177,445.6305,258.97586,45.233757,171.35867,0.0461705,0.13893278,0.03086439
0,4460.0,27.838062,9.563014,70.0,35.0,19.0,28.0,378.414,59.303482,0.040396906,0.032648314,577.0659,50.428078,20.388193,50.382664,0.024095027,0.05829527,0.021450419
0,4946.0,19.176765,10.569181,80.0,41.0,18.0,30.0,290.14954,81.16179,0.073239766,0.039167944,229.54858,20.348112,16.033295,34.917847,0.0035066996,0.004983276,0.016764598
0,3650.0,13.211495,10.231706,30.0,36.0,24.0,23.0,280.15387,61.06635,0.523091,0.6148707,348.68814,0.0,0.3244583,9.181695,0.0027712958,0.007962463,0.0006202538
0,5134.0,7.6486964,11.91549,60.0,36.0,24.0,23.0,126.37733,31.602846,0.32647946,0.39420116,34.68403,0.0,0.0,8.613528,0.0,0.0,0.0
0,4726.0,25.659613,10.034988,60.0,36.0,24.0,23.0,193.64052,45.438457,0.22328188,0.30574057,178.89992,21.694231,0.0,25.603683,0.00069920224,0.0011867803,0.0055815172
0,1681.0,33.469482,9.679023,10.0,35.0,23.0,16.0,1347.3428,729.1023,0.33424363,0.9149296,487.5816,507.85577,207.59102,338.33926,0.19316688,0.04845837,0.058814798
0,5419.0,23.97631,9.924763,60.0,28.0,37.0,31.0,136.43538,7.9846478,0.5840662,0.16364206,280.9264,0.0,0.0,14.91184,0.000103529754,0.000120790486,0.012442469
0,0.0,0.0,20.433416,0.0,39.0,29.0,14.0,1404.22,1059.505,0.5238915,0.5933692,0.047093306,601.1621,428.24707,298.5273,0.0151199745,0.030004645,0.0037232572
0,3217.0,35.501694,9.932158,10.0,36.0,24.0,23.0,506.16202,170.07388,0.051801726,0.3509813,210.134,0.0,60.751205,44.235947,0.015424449,0.018797047,0.009373716
0,2938.0,33.677975,9.602402,60.0,36.0,24.0,23.0,182.45236,28.983955,0.4710155,0.90338963,629.05505,0.0,0.0,8.369607,0.00017619935,0.0004824455,0.0004793354
0,4747.0,30.61426,9.444341,60.0,41.0,20.0,28.0,197.56947,25.372873,0.09070735,0.07027107,778.98315,0.0,0.0,29.57197,0.003550124,0.0018460045,0.014047476
0,4427.0,6.8137035,11.736739,60.0,36.0,24.0,23.0,137.09439,48.10433,0.5366329,0.74011326,18.295176,0.0,1.6609145,12.730455,0.0,0.0,0.0
0,3883.0,15.057262,10.284679,30.0,36.0,24.0,23.0,273.16174,62.328995,0.6473613,0.534129,237.04991,0.0,2.9544926,11.459008,0.0025949236,0.008039899,0.0005548717
0,1958.0,23.472715,10.20912,40.0,35.0,29.0,15.0,1476.8792,848.1689,0.74139845,0.98124564,830.905,499.42502,310.28787,289.4264,0.124062896,0.10561042,0.06008285
0,4579.0,30.689592,9.546401,60.0,44.0,19.0,29.0,198.16168,29.578638,0.17221193,0.16291302,347.291,13.732374,1.4840338,14.942648,0.0013116964,0.0004943433,0.012010308
0,5533.0,28.551937,10.110394,70.0,37.0,26.0,27.0,210.99068,24.684385,0.25574368,0.08313614,577.5333,0.0,0.0,12.173294,0.00041482213,0.0059311027,0.016814288
0,5247.0,28.094809,9.810153,60.0,36.0,24.0,23.0,234.95146,130.45114,0.78150403,0.85479456,453.1931,6.3132014,23.654951,18.742817,0.0,0.0,0.0
0,3779.0,33.607544,9.4253435,30.0,31.0,29.0,26.0,198.20847,45.818768,0.5833032,0.6888173,794.8942,0.0,1.3660715,16.120953,0.006105049,0.011456158,0.0013665778
0,5588.0,15.842526,10.320733,60.0,27.0,38.0,27.0,104.86235,7.7267985,0.5283771,0.188731,322.91504,0.0,0.0,6.507497,0.00012908873,0.00015008354,0.0030145322
0,4576.0,37.790913,9.611368,60.0,37.0,27.0,25.0,402.84464,169.21841,0.19649623,0.10663751,854.35876,0.0,17.386843,23.932322,0.014802583,0.044531737,0.0029770397
0,5031.0,17.00107,10.965742,70.0,36.0,32.0,31.0,299.2544,115.29681,0.1009468,0.033392053,429.64862,0.0,1.8078922,22.732586,0.012494268,0.033995546,0.002567714
0,4381.0,27.067625,10.223981,60.0,41.0,20.0,28.0,205.72485,12.501658,0.19972405,0.24543315,342.74667,0.0,0.12770988,29.912426,0.0030339465,0.0018708847,0.013843176
0,4074.0,28.070107,10.439575,100.0,36.0,24.0,23.0,1193.6528,541.68976,0.083909824,0.1029222,1216.5161,0.0,152.35294,255.86818,0.09168218,0.07486365,0.038838286
0,4494.0,33.769344,9.486167,60.0,34.0,28.0,26.0,320.984,73.741486,0.24980865,0.21030033,1023.6686,0.0,0.6674406,12.399967,0.012774507,0.02821625,0.002485639
0,5566.0,38.927704,9.390412,70.0,36.0,24.0,23.0,273.89578,62.78865,0.39946544,0.097583264,810.77313,0.0,10.514902,9.064204,0.0005547068,0.0017341218,0.008190425
0,4326.0,35.871395,9.854067,100.0,37.0,22.0,28.0,243.28242,49.218597,0.47596237,0.44921207,915.58765,4.9806757,0.0,24.363127,0.03130579,0.025197083,0.020938613
0,5568.0,14.154416,10.710207,60.0,36.0,24.0,23.0,109.42227,19.49682,0.58269495,0.45278773,239.14514,1.3808373,0.0,5.5447936,0.0,0.0,0.0
0,5326.0,33.43017,9.468424,70.0,37.0,27.0,27.0,290.21915,87.165596,0.067689076,0.02329818,1109.8472,1.2177839,5.212303,12.12797,0.011685664,0.04014468,0.0044007245
0,4618.0,21.336802,9.898415,60.0,34.0,26.0,22.0,408.87357,241.49855,0.32952258,0.23650396,491.9949,7.8971033,37.618965,17.129402,0.0071374094,0.031944145,0.00342066
0,4147.0,28.057758,10.717865,30.0,37.0,17.0,28.0,622.93976,303.94003,0.08064348,0.051510535,476.3463,497.2079,77.11678,279.67123,0.09942835,0.082840465,0.027738279
0,4006.0,35.893497,9.635422,30.0,33.0,24.0,23.0,368.049,143.93561,0.48614174,0.43440497,551.40765,0.0,21.808895,11.403767,0.017261159,0.044134505,0.0030613844
0,5231.0,1.6689973,19.377625,60.0,36.0,24.0,23.0,105.34099,5.4294715,0.8391109,0.76026756,0.035151124,0.0,0.0,6.1320634,0.00012602405,0.0002629434,0.00024577777
0,3025.0,31.329836,9.957691,10.0,36.0,24.0,23.0,639.54535,285.5396,0.063566536,0.30683076,351.60535,87.285286,103.38156,111.497086,0.112225726,0.042718872,0.0442723
0,5417.0,25.713043,9.918719,60.0,36.0,24.0,23.0,243.75946,137.06192,0.46380407,0.4450591,556.5039,9.292055,11.918459,20.93658,0.0,0.0,0.0
0,4924.0,21.878809,10.832612,80.0,38.0,23.0,30.0,182.63065,39.844322,0.20104848,0.033411402,83.44753,0.0,9.482032,7.760604,0.0012902274,0.0037596251,0.0068474067
0,5164.0,32.50804,9.958756,60.0,31.0,29.0,28.0,210.32472,13.598823,0.4745175,0.21375819,437.67087,0.0,0.0,6.5238466,0.0011529992,0.0024878425,0.0070222975
0,5306.0,29.425758,10.039169,70.0,43.0,19.0,29.0,365.16135,174.18509,0.34831598,0.08042502,803.74005,7.4368653,80.93872,20.391888,0.00085564173,0.02965592,0.0030617267
0,5133.0,5.980031,11.065675,60.0,36.0,24.0,23.0,110.1907,5.395494,0.82301813,0.83291054,142.67284,0.0,0.0,4.485275,0.00016602875,0.00018721832,0.00026864768
0,4415.0,39.15836,9.50854,60.0,38.0,24.0,24.0,244.17874,106.68015,0.49497917,0.46453625,1112.9521,51.030293,3.1419415,51.030293,0.0039384887,0.0128881745,0.01736358
0,4982.0,4.9477806,11.360697,60.0,45.0,21.0,29.0,194.82129,36.60234,0.14291123,0.223753,93.783424,13.187826,0.0,22.435717,0.0007122845,0.00074545556,0.012939428
0,4681.0,21.446646,10.339307,60.0,39.0,19.0,27.0,214.11273,25.358553,0.1201217,0.13060112,424.71988,3.8752599,4.398553,15.659037,0.02396996,0.027389223,0.0458182
0,5229.0,2.265719,18.703758,60.0,36.0,24.0,23.0,101.071754,6.1218367,0.8444201,0.77184236,0.05315922,0.0,0.0,4.510142,0.0,0.0,0.0
0,4751.0,14.209446,11.104618,70.0,36.0,25.0,28.0,438.13602,206.11772,0.057360116,0.009577446,319.84195,0.29817605,46.11957,15.869522,0.014453932,0.044900034,0.0032314677
0,4619.0,25.778954,9.774723,60.0,39.0,18.0,29.0,416.74487,108.92443,0.03499836,0.032485735,1249.4418,98.69806,0.123223916,52.20142,0.015412463,0.039477736,0.02087369
0,3950.0,37.159115,9.928015,60.0,34.0,25.0,24.0,228.3534,73.47459,0.31645086,0.48990577,236.20224,0.0,10.757544,14.293043,0.040508248,0.045660734,0.008808561
0,4175.0,2.3515832,12.2314825,60.0,36.0,24.0,23.0,224.72346,102.32584,0.7770215,0.96179473,18.698597,19.611286,7.6732173,19.611286,0.0,0.0,0.0
0,3383.0,36.22734,9.812968,10.0,34.0,26.0,23.0,233.333,47.346893,0.42714557,0.6459987,222.65836,0.0,0.11869935,30.366528,0.009789059,0.019796709,0.0024598613
0,5354.0,26.834679,9.90346,60.0,40.0,22.0,29.0,222.28168,87.423515,0.3052362,0.08767132,490.60547,43.37483,4.640751,42.716915,0.0032777104,0.006330176,0.016987972
0,4511.0,39.538513,9.163472,60.0,43.0,19.0,34.0,582.8188,332.90195,0.04649424,0.0406833,974.39954,171.59633,124.944046,93.5823,0.032844022,0.10194235,0.019956116
0,3114.0,35.83698,10.019574,10.0,43.0,17.0,24.0,576.15814,301.503,0.088413,0.3007623,422.81354,193.89862,108.74585,176.67181,0.027570823,0.09136653,0.02123078
0,4681.0,17.82527,10.973121,70.0,41.0,26.0,26.0,332.37088,145.65895,0.023300638,0.007273831,422.02606,0.0,3.3343022,23.951933,0.016391976,0.080397554,0.007769008
0,4815.0,1.8054748,18.992657,60.0,36.0,24.0,23.0,118.23082,7.8609204,0.9352707,0.9119511,0.026722178,0.26967552,0.0,6.188023,0.00016264428,0.00019044378,0.0002788424
0,683.0,11.673142,10.889164,50.0,28.0,23.0,14.0,1255.8021,870.0702,0.9806856,0.9936312,52.059772,199.3988,263.1179,199.3988,0.20058015,0.04291972,0.07138923
0,5739.0,27.170225,10.105654,60.0,36.0,24.0,23.0,212.24593,138.19563,0.5877086,0.10092491,233.89706,6.1486654,13.0638,11.546743,0.0,0.0,0.0
0,236.0,1.5741427,12.778398,40.0,38.0,22.0,5.0,952.2616,730.3694,0.97900444,0.99569494,2.1214507,316.08917,238.37073,162.19409,0.13675895,0.025643509,0.08696049
0,4169.0,23.30951,10.182686,100.0,36.0,24.0,23.0,255.36017,91.232254,0.087664805,0.124320135,1012.4713,5.480397,33.33526,14.226305,0.01584087,0.024293875,0.020926043
0,2724.0,37.11075,9.666552,10.0,32.0,18.0,20.0,521.82227,235.54582,0.34333262,0.7149255,570.4914,295.5463,79.601845,191.87444,0.08003073,0.058798395,0.031734653
0,3809.0,37.10264,10.186544,60.0,36.0,24.0,23.0,168.70325,75.910126,0.6075037,0.57775295,726.1839,0.0,3.0384142,17.3185,0.0026314235,0.007025369,0.018745113
0,4513.0,27.918268,9.763392,60.0,36.0,24.0,23.0,455.61066,213.1112,0.08306644,0.07892283,998.6709,2.7775006,34.205456,33.46447,0.012201765,0.03100005,0.02193859
0,1262.0,29.36279,9.999754,60.0,36.0,24.0,23.0,421.89908,108.65401,0.92757183,0.9680465,275.49524,4.2732286,19.28396,21.750294,0.008528108,0.008976438,0.0035369229
0,3781.0,31.50258,9.713751,30.0,36.0,18.0,27.0,635.19574,339.85245,0.04964321,0.026767217,504.54532,557.4186,73.15544,319.39185,0.10881203,0.07729873,0.030117994
0,4676.0,38.027607,9.76656,60.0,35.0,24.0,26.0,184.8898,20.174599,0.31927672,0.2526763,445.85812,0.0,0.0,6.263086,0.002324663,0.0055296854,0.01615388
0,5221.0,25.484982,10.542895,70.0,39.0,23.0,31.0,214.10147,66.15427,0.16629487,0.13246585,633.1621,34.49046,0.0,11.143605,0.00084663683,0.0021503808,0.007695217
0,4408.0,23.18067,10.465617,60.0,45.0,21.0,24.0,133.67262,8.513946,0.7687621,0.84265256,206.9018,7.018381,0.0,7.1872725,0.0020448568,0.0015015964,0.011432506
0,4699.0,18.77062,10.6980715,60.0,41.0,23.0,28.0,223.11536,34.835052,0.115810275,0.038627744,266.81216,12.754719,0.0,27.842194,0.0038884098,0.0009276153,0.013233896
0,5573.0,5.4018946,12.062799,70.0,36.0,24.0,23.0,252.68073,109.04369,0.27634904,0.0998817,70.80902,9.958214,14.386545,12.439861,0.0,0.0,0.0
0,4806.0,11.9400835,19.434248,60.0,31.0,32.0,28.0,102.72117,11.382736,0.86508995,0.76417536,0.024467157,0.0,0.0,4.564978,0.0003010934,0.00036235654,0.00037438396
0,4508.0,22.16931,11.217994,60.0,44.0,19.0,29.0,342.26706,128.42499,0.120506026,0.016476661,95.63969,80.74149,54.756454,80.74149,0.002880807,0.008646628,0.009090519
0,2752.0,21.804438,10.270398,10.0,36.0,24.0,23.0,634.5718,281.85306,0.092418246,0.38451284,130.61075,88.81796,102.593864,114.44341,0.10290654,0.041987967,0.040594522
0,5353.0,22.842093,10.322206,60.0,36.0,24.0,23.0,129.34447,8.309767,0.41242114,0.2064424,104.65311,0.0,0.0,6.2953334,0.00010616943,0.00011940028,0.0046058632
0,5544.0,21.459246,10.314732,60.0,32.0,31.0,27.0,187.06927,55.62112,0.22592913,0.040527254,909.81915,0.0,0.0,12.060362,0.0022127663,0.0069932016,0.0020910723
0,5318.0,16.415285,10.260487,60.0,36.0,24.0,23.0,120.78747,9.916361,0.8636441,0.8458853,303.20355,0.018134875,0.0,6.1756625,0.00017215512,0.00020955823,0.0002566618
0,5172.0,27.114822,9.8315115,70.0,38.0,28.0,28.0,414.84573,230.45663,0.21928582,0.022927586,881.85486,0.0,18.33878,21.98484,0.015265847,0.044666067,0.0044665355
0,5006.0,32.906437,9.853327,60.0,33.0,25.0,28.0,192.85542,19.62322,0.05242649,0.040566444,282.5404,0.0,0.0,6.5729604,0.0018204793,0.0047692303,0.005511443
0,2970.0,34.597847,9.594883,30.0,36.0,24.0,23.0,373.217,98.22665,0.17183964,0.5790343,949.16205,0.0,37.762386,37.06004,0.07705116,0.08103278,0.03132282
0,5205.0,13.8487215,11.481604,60.0,36.0,24.0,23.0,177.05002,26.238768,0.67540956,0.46395892,63.90752,4.701149,0.0,14.3655205,0.00063129974,0.0007286544,0.005543004
0,3343.0,30.633274,9.803974,10.0,36.0,18.0,24.0,473.69495,162.55309,0.06920321,0.12576163,242.3131,51.571896,29.737396,56.413956,0.032465056,0.047579255,0.024571417
0,1673.0,1.8827945,12.322828,40.0,28.0,26.0,15.0,623.5041,284.64343,0.69728696,0.9749859,43.991913,405.15643,83.28681,242.16664,0.05233206,0.042308092,0.014195536
0,4282.0,33.29597,9.611664,60.0,37.0,23.0,25.0,284.34766,62.196213,0.22803167,0.2069286,1060.8986,0.0,0.0,14.337186,0.0075180144,0.021174505,0.0014573177
0,4918.0,36.489826,9.420453,60.0,39.0,22.0,26.0,199.89978,20.129164,0.3249746,0.043852404,610.21265,0.0,5.26454,7.569326,0.0060729138,0.12323679,0.01512608
0,5693.0,31.970505,9.489987,70.0,36.0,24.0,23.0,152.88203,58.003223,0.14535347,0.027897963,949.4645,6.0748577,0.0,9.510039,0.00727476,0.021041432,0.001271311
0,5114.0,11.428362,10.8902235,60.0,32.0,28.0,24.0,138.61417,26.068289,0.62927455,0.47494966,99.08195,0.0,0.0,9.497445,0.0002628634,0.00056064466,0.0005966832
0,4938.0,16.857262,10.691964,60.0,44.0,21.0,29.0,207.86028,67.11965,0.21750121,0.19251442,179.29514,18.432777,0.0,27.263266,0.0010844803,0.0005271011,0.006959755
0,4422.0,26.23861,9.794283,60.0,36.0,24.0,23.0,910.44604,423.521,0.07761447,0.12186129,1467.4194,66.54323,138.21263,171.702,0.0763721,0.043374807,0.038966235
0,2641.0,33.574856,9.737099,10.0,39.0,19.0,17.0,659.4427,316.96335,0.19861634,0.57257074,390.645,307.11987,100.31252,162.42148,0.0627169,0.02765708,0.0378718
0,4695.0,6.7796535,12.387538,30.0,36.0,24.0,23.0,132.12357,40.088947,0.15317093,0.18030325,15.599038,0.0,3.6543837,7.668824,0.0,0.0,0.0
0,4629.0,28.964718,10.324221,60.0,36.0,24.0,23.0,319.60483,176.85596,0.07043777,0.032367017,386.66986,0.0,34.083836,19.669632,7.015632e-05,0.00014170777,0.00044793182
0,379.0,14.370288,11.583783,10.0,36.0,24.0,23.0,1284.449,859.36414,0.9476875,0.9979354,23.074535,0.0,319.55542,156.86472,0.17004372,0.053282302,0.07174544
0,2273.0,31.09667,10.053717,10.0,36.0,24.0,23.0,387.80698,91.03586,0.16972572,0.791619,589.6166,0.0,32.100117,26.630283,0.0355917,0.035694722,0.015871938
0,4992.0,22.443817,10.491386,60.0,36.0,24.0,23.0,136.5067,49.257607,0.6497032,0.8724344,403.0614,0.0,6.2519865,14.375152,0.0,0.0,0.0
0,5401.0,28.731125,9.900991,60.0,41.0,19.0,35.0,393.51675,152.9513,0.15167347,0.026803162,563.202,44.787025,29.831615,42.994473,0.0014413088,0.0084711565,0.015087863
0,6217.0,47.38003,9.158845,70.0,36.0,24.0,23.0,180.77965,25.4281,0.4131248,0.2177837,1874.1122,0.0,3.1769254,13.035152,0.00083499437,0.0049343877,0.0022349576
0,4698.0,14.389725,11.079658,60.0,36.0,24.0,23.0,105.84223,3.649438,0.6164277,0.8658333,139.84216,1.8010747,0.0,6.6963897,0.0,0.0,0.0
0,269.0,3.7023232,12.36227,30.0,33.0,22.0,7.0,973.0817,682.843,0.9699198,0.9998917,3.5837765,49.16169,264.99878,102.67736,0.15607563,0.03933912,0.08789458
0,5330.0,28.1184,10.487585,60.0,30.0,31.0,31.0,134.53694,22.80141,0.38140413,0.042027146,991.06757,13.3847685,1.1950554,11.85793,0.0010775573,0.0008696415,0.01605114
0,2466.0,20.328852,10.274879,30.0,28.0,22.0,15.0,595.0124,234.62204,0.5193682,0.935736,303.35535,291.92944,81.18322,179.23373,0.065314956,0.031674493,0.023179553
0,5075.0,8.948606,11.381319,60.0,29.0,34.0,26.0,97.32341,3.1142602,0.7173981,0.7125158,119.8956,0.0,0.0,3.8964944,0.00014881422,0.0002515772,0.0004963006
0,4218.0,30.426376,9.74803,30.0,39.0,20.0,29.0,307.5422,79.12672,0.018321384,0.15659966,1103.8907,115.06923,1.888812,49.420937,0.015664231,0.024450786,0.015637008
0,3008.0,37.99703,9.383183,60.0,43.0,19.0,25.0,206.20906,33.26664,0.63655263,0.90090686,606.6286,0.0,0.12505062,10.725777,0.0007798179,0.0018729718,0.00054848776
0,3832.0,24.499796,10.89012,30.0,36.0,24.0,23.0,315.34668,154.51938,0.13262306,0.096529454,215.55515,1.5275829,59.543125,15.482127,0.004510305,0.011592204,0.012997057
0,0.0,0.0,24.189901,0.0,34.0,23.0,26.0,360.29306,151.24031,0.5238915,0.5933692,0.1288494,0.0,0.0,0.0,0.0,0.0,0.0
0,4796.0,29.333916,9.6396265,60.0,44.0,22.0,31.0,282.61142,91.60072,0.07083448,0.019665997,800.858,37.067787,10.711739,37.55404,0.0046248715,0.001037143,0.013753419
0,4979.0,28.247875,9.631463,60.0,36.0,24.0,23.0,187.91661,67.12597,0.78453094,0.9136294,269.94907,10.92603,12.59539,17.518257,0.0,0.0,0.0
0,2793.0,32.69839,10.382857,60.0,40.0,21.0,26.0,353.90195,91.431625,0.30801368,0.80193585,168.7,48.864265,0.0,67.571106,0.00801088,0.008021727,0.012583971
0,4798.0,36.45364,10.100101,70.0,38.0,18.0,29.0,325.89056,106.78528,0.22819643,0.29920685,1954.6049,66.37251,30.185413,46.237206,0.020555163,0.030365529,0.016043048
0,3499.0,31.49828,10.527597,30.0,40.0,21.0,32.0,540.60516,240.53047,0.1460885,0.22328094,139.22523,153.84328,54.649582,52.364117,0.015374425,0.032648377,0.022715893
0,5217.0,3.943069,12.175497,60.0,26.0,33.0,25.0,94.20447,5.4292197,0.71062756,0.6590327,41.61504,0.0,0.0,4.081622,0.00016587753,0.00031613273,0.00045500728
0,4522.0,0.0,20.19904,80.0,36.0,24.0,23.0,181.79047,44.618618,0.8775344,0.6623821,0.010212894,18.63423,0.0,18.63423,0.00020943402,0.0001778054,0.0026005432
0,3583.0,31.82665,10.324684,60.0,49.0,18.0,23.0,118.54017,23.104652,0.26428872,0.6628412,119.26291,20.905926,10.454214,10.7805195,0.002287202,0.0005958641,0.011950385
0,5413.0,43.667156,9.734435,70.0,36.0,24.0,23.0,540.5789,334.58887,0.14873196,0.09320943,1429.804,17.483921,116.02746,31.42078,0.018929277,0.07556429,0.012502482
0,708.0,26.073826,10.065588,10.0,36.0,24.0,23.0,1442.3579,869.2942,0.8966228,0.98854953,145.13203,54.62201,438.62646,113.45602,0.16503553,0.046816595,0.06735211
0,5364.0,25.126238,10.499588,70.0,43.0,18.0,31.0,187.87096,40.46393,0.73401755,0.27020973,484.6238,10.999701,0.43564078,8.908938,0.00027405194,0.004674209,0.0019078702
0,6869.0,38.210564,9.400738,70.0,44.0,17.0,36.0,208.22379,41.245815,0.53068024,0.25042504,1586.4163,6.553351,0.0,17.103983,0.0,0.0,0.0
0,3811.0,27.265923,10.942813,60.0,42.0,21.0,29.0,211.16353,58.30071,0.29514882,0.49727872,170.67288,29.554388,0.0,14.100624,0.0015942608,0.0023237984,0.018325197
0,5192.0,4.8776293,11.970912,60.0,31.0,31.0,28.0,169.1932,17.103285,0.5668718,0.2967341,22.469812,0.0,9.454823e-09,6.0653486,0.0003210616,0.00057855237,0.0059225974
0,715.0,8.580161,11.387217,40.0,36.0,25.0,15.0,1210.3207,843.4591,0.9873387,0.99862206,22.254135,221.48163,208.18242,221.48163,0.14433548,0.027806723,0.06950403
0,5273.0,9.466901,11.382502,60.0,36.0,24.0,23.0,101.47131,7.1034107,0.60011256,0.6162795,71.98774,0.0,0.0,7.436832,0.00013607595,0.00027525602,0.00034616413
0,5261.0,3.25785,12.902109,60.0,36.0,24.0,23.0,134.68333,22.521997,0.6564762,0.7446813,15.354914,1.9772453,0.0,8.317215,0.00027601665,0.0005483165,0.00050768553
0,4421.0,2.7237883,12.213163,60.0,36.0,24.0,23.0,120.30681,33.405605,0.79674244,0.9250985,16.874125,0.30154094,0.0,14.262221,0.0,0.0,0.0
0,4302.0,23.760721,9.890075,60.0,47.0,19.0,23.0,200.49196,61.1686,0.6344344,0.779412,164.2443,12.900655,0.0,29.649046,0.002049475,0.001281156,0.008619176
0,4981.0,9.8797455,11.338491,60.0,33.0,25.0,24.0,179.83986,56.236492,0.78457814,0.63625085,59.250877,0.0,0.0,9.790375,0.0026214363,0.005637159,0.0007193738
0,5927.0,25.905449,10.037126,70.0,37.0,26.0,27.0,194.47206,67.30049,0.3119423,0.038272664,579.5073,0.0,0.0,12.099804,0.003869643,0.011032783,0.002419975
0,3909.0,33.860706,9.441878,30.0,35.0,17.0,26.0,456.709,155.56586,0.057939783,0.06485016,701.17523,149.92824,24.81871,107.49182,0.036078576,0.09851213,0.025437284
0,3642.0,30.576551,9.8650465,100.0,38.0,17.0,29.0,432.31128,100.63133,0.08911095,0.062574275,310.56625,78.238625,41.059822,79.09511,0.04647779,0.044270582,0.024674695
0,746.0,24.215248,10.141894,10.0,26.0,24.0,17.0,1275.5363,866.74915,0.9899957,0.99348956,369.32385,158.71921,296.0648,158.71921,0.18678993,0.0521708,0.07363117
0,4453.0,4.3491497,11.848996,60.0,36.0,24.0,23.0,137.23663,83.58595,0.6129877,0.90968996,39.22883,0.0,8.769236,13.087076,0.0,0.0,0.0
0,5200.0,25.311731,9.620919,60.0,36.0,24.0,23.0,193.09253,43.972595,0.26469687,0.3109088,360.59512,18.441246,0.0,23.792562,0.00025716168,0.00036259944,0.010878438
0,5407.0,40.259815,9.269635,60.0,38.0,20.0,30.0,448.95798,176.378,0.063880324,0.02427806,875.87933,74.62459,20.688135,62.82491,0.0061944053,0.0098905675,0.017887916
0,3962.0,26.920498,10.463938,60.0,35.0,24.0,23.0,236.7077,57.85398,0.73250306,0.87264585,123.18594,0.0,0.70482546,10.787955,0.004951433,0.013628337,0.0027685838
0,5239.0,15.72993,10.975722,60.0,26.0,36.0,24.0,94.63135,4.880183,0.62185484,0.51349777,92.46032,0.0,0.0,4.6044397,0.00015114977,0.00029149785,0.0005399558
0,5793.0,13.596261,11.237978,70.0,36.0,23.0,29.0,192.57973,23.033192,0.54644376,0.113521226,483.3992,0.0,0.0,7.710285,0.00037984378,0.0011711894,0.008620912
0,4859.0,29.10469,10.041445,70.0,35.0,19.0,28.0,407.4242,135.36624,0.14653471,0.09207165,1146.7538,59.366776,54.69391,39.57785,0.018268641,0.048459522,0.015636226
0,4866.0,29.345854,9.981884,60.0,33.0,29.0,24.0,128.01653,25.28832,0.24855289,0.30116537,293.0316,0.0,0.0,8.190296,0.0009736243,0.0012814548,0.0006083765
0,1587.0,2.0455134,13.124511,30.0,14.0,25.0,12.0,735.9031,211.51578,0.58912456,0.9547929,2.0515554,126.08723,83.79575,94.39664,0.18052293,0.1844962,0.062009923
0,392.0,2.8499327,12.045989,40.0,38.0,19.0,10.0,1246.095,980.438,0.9860222,0.99968934,97.7822,593.001,305.41318,296.59384,0.17653725,0.022941338,0.072883345
0,5247.0,5.912756,11.619431,100.0,35.0,29.0,29.0,147.61937,29.60847,0.6669266,0.11283234,69.03522,14.864376,0.0,14.864376,0.0023284922,0.001125056,0.008908159
0,4268.0,31.266588,12.516943,60.0,47.0,18.0,26.0,185.7218,34.48414,0.33546427,0.37195,62.797825,14.3764105,0.0,22.645105,0.0011363811,0.00047689385,0.010569894
0,3669.0,42.623333,9.246587,60.0,44.0,23.0,27.0,400.0451,188.52663,0.9278845,0.9517141,559.09186,0.0,12.951771,28.135351,0.0064022155,0.01833686,0.0011189872
0,2509.0,32.653824,9.729569,30.0,36.0,24.0,23.0,440.0337,114.57824,0.72983414,0.94005424,1055.8003,5.4188356,18.217987,23.372183,0.0054516573,0.005326368,0.0022705286
0,832.0,30.421831,11.508182,10.0,36.0,29.0,17.0,1073.3087,554.9997,0.63223493,0.9793043,100.54459,395.2901,154.37146,237.93484,0.120670736,0.02493506,0.039252292
0,4587.0,20.317713,10.210143,60.0,36.0,24.0,23.0,174.71135,36.78131,0.6928664,0.81353766,163.1776,3.6125169,0.0,12.765812,0.00080188573,0.0006823106,0.007849331
0,4471.0,36.51064,9.81806,60.0,36.0,24.0,23.0,318.32565,216.15938,0.1337114,0.062098954,767.6209,0.11986379,27.335154,64.17136,0.00061613147,0.0020390656,0.0066577783
0,6496.0,47.26588,9.118465,70.0,36.0,24.0,23.0,299.052,154.34837,0.37764633,0.10097359,1148.9636,6.4360847,9.930543,12.322265,1.0199667e-06,1.9450526e-06,2.5187248e-05
0,4707.0,30.942703,9.646895,60.0,41.0,16.0,29.0,580.9061,342.25143,0.041749638,0.019908424,1083.1008,454.12347,97.13308,227.06174,0.061856367,0.04436096,0.03014477
0,6125.0,19.939999,10.242078,60.0,36.0,24.0,23.0,182.84012,43.13171,0.42112055,0.06572251,1221.1127,17.49574,0.0,17.49574,0.0005540031,0.00040262684,0.006730224
0,4703.0,34.31943,9.583678,60.0,38.0,22.0,30.0,220.44945,40.311054,0.0968621,0.087757766,759.74396,37.76591,3.610513,25.89509,0.010896853,0.017180746,0.026333123
0,5538.0,17.28443,10.632331,60.0,28.0,37.0,34.0,133.44376,15.758283,0.5011986,0.056920726,140.74216,0.0,0.0,8.519925,0.00010624467,0.00014857508,0.0069932155
0,1931.0,30.395664,9.982534,60.0,38.0,19.0,23.0,104.34171,16.835371,0.6012441,0.9722418,142.8197,0.0,0.0,5.892896,0.00014190629,0.00042225356,0.00034916706
0,5469.0,30.627552,9.747411,60.0,36.0,24.0,23.0,209.76045,54.697388,0.17192888,0.0032787598,548.14923,0.0,0.0,19.069042,0.0005245259,0.0005894616,0.015401688
0,5760.0,33.05324,9.462939,60.0,31.0,26.0,30.0,189.4765,36.130287,0.2673622,0.048829313,824.5076,0.0,0.0,18.521759,0.0002344689,0.0004130354,0.006067017
0,1133.0,27.46424,10.235553,30.0,36.0,24.0,23.0,1059.2684,559.40704,0.5358733,0.96452117,205.29897,131.62257,228.0159,131.62257,0.10955573,0.03218689,0.042707797
0,4455.0,31.607973,9.544542,60.0,33.0,24.0,25.0,171.87656,42.97981,0.73098344,0.6112581,615.2317,0.0,0.27451736,10.614558,0.0015926494,0.00282726,0.0018762746
0,5465.0,20.400356,10.017371,60.0,36.0,26.0,38.0,110.321335,45.188896,0.08395007,0.103797056,1327.9133,26.43633,22.607433,16.934582,0.00204893,0.0006040793,0.010696861
0,5605.0,32.14097,9.925568,60.0,36.0,24.0,23.0,221.4727,116.00234,0.37213853,0.0703766,583.8806,0.0,9.995329,20.890934,0.0,0.0,0.0
0,5123.0,6.33259,11.507704,60.0,36.0,24.0,23.0,141.22658,52.182877,0.64477783,0.79251,40.94041,0.047719114,0.0,11.590196,0.0,0.0,0.0
0,4856.0,5.8538413,12.324147,60.0,37.0,27.0,27.0,112.17775,8.340029,0.68987817,0.63033426,15.476079,0.0,0.0,5.387352,0.00055476715,0.0007488483,0.0006210356
0,4846.0,18.440973,10.260089,60.0,36.0,24.0,23.0,143.44409,89.44073,0.46648332,0.7913819,158.12418,0.0,10.091532,16.148777,0.0,0.0,0.0
0,3857.0,31.090298,10.03224,60.0,36.0,24.0,23.0,206.61328,54.337616,0.36237553,0.28642833,492.84732,0.0,26.141687,9.348643,0.0049571716,0.014718624,0.009902635
0,4079.0,28.374588,9.980271,30.0,42.0,19.0,27.0,973.9145,689.1866,0.020135352,0.0069729513,321.725,299.42282,262.21774,166.00816,0.0827226,0.076881506,0.037982143
0,4556.0,9.147109,15.423374,80.0,36.0,24.0,23.0,184.51799,44.447666,0.8167453,0.81778747,29.074196,18.943432,0.0,19.627827,0.00046960427,0.00045933606,0.005614444
0,5722.0,28.880941,9.750532,60.0,33.0,34.0,36.0,172.92137,63.922203,0.5681726,0.09742346,864.5267,52.58149,5.4725227,51.98153,0.0028028986,0.0015535625,0.014453969
0,3582.0,36.82767,9.742933,30.0,36.0,24.0,23.0,1064.8419,428.89355,0.11064108,0.14514686,673.586,0.0,89.46757,254.28064,0.093251824,0.10129115,0.033839222
0,4186.0,31.377502,9.930256,30.0,40.0,19.0,31.0,507.517,186.59698,0.09137581,0.10001201,303.31076,73.41647,7.9143457,77.45451,0.014680342,0.03556471,0.019892992
0,4150.0,4.006335,12.262315,60.0,36.0,24.0,23.0,168.38943,23.523256,0.7417074,0.9351526,5.030159,9.322143,0.0,10.615321,0.000870421,0.0008088884,0.009626043
0,5579.0,17.423134,10.596902,60.0,36.0,24.0,23.0,235.16911,125.06563,0.43028182,0.08104804,175.86858,0.0,9.947748,16.755558,0.0,0.0,0.0
0,5920.0,47.042233,9.173761,70.0,36.0,24.0,23.0,277.05487,52.27844,0.40793452,0.20969403,1313.3579,12.106987,23.279577,12.106987,0.0027875842,0.062721364,0.007975141
0,3997.0,26.430597,10.32118,30.0,36.0,24.0,23.0,562.11505,163.85211,0.21726178,0.3230459,694.04504,19.947962,57.99465,28.819687,0.016788088,0.018374858,0.012433973
0,5227.0,19.361614,10.456742,70.0,42.0,18.0,33.0,735.76556,481.30835,0.14404455,0.050307527,336.77048,297.7107,161.09586,204.41397,0.009399476,0.017462896,0.0063423137
0,5356.0,14.1984215,11.051468,100.0,36.0,24.0,23.0,134.74805,7.715832,0.5156152,0.10998836,133.2773,1.9973851,0.0,8.313795,0.00030213036,0.0003372079,0.005949089
0,5172.0,32.44457,9.875323,70.0,42.0,19.0,27.0,259.3501,70.77499,0.15900257,0.114115685,864.2658,36.95488,17.451511,31.724964,0.0025607825,0.007147961,0.0039867307
0,0.0,0.31720996,20.510593,0.0,36.0,24.0,23.0,211.90956,58.44293,0.5238915,0.5933692,0.049151093,0.0,0.0,0.0,0.0007373958,0.0011164515,0.012262149
0,4023.0,38.53639,9.839122,30.0,36.0,25.0,24.0,269.53763,88.17748,0.21689215,0.27928624,655.44745,0.0,0.7288445,12.182814,0.012298809,0.033007715,0.0024186664
0,4755.0,23.581347,10.538295,70.0,36.0,24.0,23.0,336.30637,171.24594,0.111367166,0.041882433,466.04288,2.6476107,69.64501,17.404512,0.0028548257,0.004634322,0.015904129
0,4085.0,25.611723,9.810898,60.0,36.0,24.0,23.0,1089.8456,459.71185,0.06595245,0.08161851,1434.1774,94.24543,189.05125,94.24543,0.14372289,0.04503104,0.052055225
0,4250.0,28.178574,10.238728,100.0,40.0,19.0,27.0,361.25522,144.62277,0.3413161,0.13584279,232.73015,93.51022,13.021444,93.51022,0.0022694508,0.014652172,0.0087243905
0,5425.0,7.191555,11.142579,60.0,36.0,24.0,23.0,243.43448,148.90836,0.6467149,0.43864748,177.98009,0.0,18.320757,18.917976,0.0,0.0,0.0
0,3385.0,21.279821,10.362125,60.0,39.0,23.0,27.0,286.37827,57.195896,0.46681952,0.7534646,92.71559,73.15676,0.0,46.02407,0.003249366,0.002200907,0.013805921
0,228.0,2.014915,12.670431,10.0,32.0,27.0,12.0,822.6773,572.2252,0.99319017,0.9929496,4.1308303,0.0,180.17505,185.32806,0.1892586,0.024783049,0.09361338
0,4636.0,29.708466,9.673578,60.0,36.0,24.0,23.0,245.14998,129.04036,0.8998428,0.9674013,369.51038,15.970036,19.970959,26.684721,0.0,0.0,0.0
0,4635.0,47.943703,9.642225,60.0,44.0,15.0,29.0,752.3156,475.37466,0.04612438,0.0030420842,1211.9088,239.62183,192.97397,96.59781,0.064061955,0.0680467,0.026532738
0,3733.0,26.476023,10.086003,30.0,45.0,20.0,27.0,518.00494,312.1217,0.1068413,0.121019684,1258.0455,454.66083,84.641464,251.97397,0.044746954,0.038435422,0.019822154
0,5907.0,13.923663,11.225677,70.0,35.0,26.0,28.0,241.31622,123.45366,0.60010743,0.12931745,473.3312,0.0,1.6817133,19.062647,0.0006349268,0.00050162716,0.011379211
0,4987.0,39.438976,9.3111315,60.0,43.0,17.0,33.0,844.1025,583.2298,0.010165242,0.02065059,1321.936,269.68063,236.6063,123.539345,0.077764906,0.07460268,0.035029516
0,2195.0,34.599613,9.700825,10.0,36.0,24.0,23.0,983.61316,538.8232,0.16647394,0.7493014,773.50385,122.45132,173.38867,191.28192,0.07189356,0.029167924,0.035065874
0,5361.0,19.56736,10.680519,60.0,36.0,24.0,23.0,102.48377,9.914598,0.77323544,0.5331729,89.14347,0.47051254,0.0,5.2987723,0.00015858341,0.000255358,0.00035078768
0,3691.0,27.447636,10.01351,30.0,32.0,24.0,23.0,301.90073,62.830463,0.41579458,0.63812613,115.064705,0.0,0.012181478,10.205161,0.015193119,0.03391328,0.002833943
0,5103.0,5.8588996,11.900458,60.0,36.0,26.0,28.0,142.60721,11.921347,0.5711933,0.39396173,16.288588,0.0,0.0,7.2168455,0.00031182438,0.00043877686,0.0041023106
0,4892.0,28.594015,9.882865,60.0,40.0,24.0,28.0,192.58347,43.9345,0.18840735,0.036514845,257.48132,24.721272,0.0,21.677061,0.0010903364,0.0008080298,0.010901577
0,5139.0,29.455093,10.280009,60.0,39.0,24.0,36.0,243.08066,66.32231,0.05147478,0.0015013729,433.86435,16.320189,1.7354915,22.135061,0.0008870682,0.0007084392,0.01081752
0,1593.0,1.8144951,13.0634775,10.0,16.0,28.0,10.0,720.8658,214.03612,0.58784276,0.94326127,3.7391675,134.80948,80.20065,101.12468,0.1893427,0.22382478,0.065770075
0,4465.0,20.297323,10.431218,60.0,46.0,18.0,24.0,174.3949,31.843601,0.41920638,0.7101828,108.862206,11.286587,0.0,22.314821,0.0019624918,0.001221856,0.007582159
0,4453.0,36.874973,9.336415,60.0,33.0,25.0,23.0,395.66586,241.03708,0.3342935,0.3415856,506.07544,5.895022,51.80792,28.742205,0.003072333,0.0034400325,0.009455046
0,5611.0,21.546854,10.124953,60.0,29.0,37.0,32.0,118.74757,10.16092,0.33142707,0.056002945,248.1624,0.0,0.0,7.2944136,0.0001907537,0.00038224796,0.0020905768
0,5339.0,25.376513,10.30616,60.0,28.0,37.0,31.0,137.46523,9.27573,0.59844285,0.29256496,397.81183,0.0,0.0,4.6259503,0.00050882937,0.00063118094,0.008340077
0,1458.0,23.023586,10.35982,10.0,39.0,31.0,15.0,1388.7744,870.85895,0.90609074,0.988696,401.44415,514.95654,314.67065,261.47137,0.10525921,0.08846536,0.044029795
0,3442.0,17.03421,10.034079,30.0,36.0,24.0,23.0,225.4932,22.747698,0.67937666,0.80587244,336.83423,0.0,0.0,7.761205,0.0009029833,0.0029237047,0.00050798926
0,2794.0,29.680384,9.446615,30.0,30.0,27.0,19.0,1266.7146,572.67645,0.15865934,0.52970916,648.29663,266.0911,171.0809,266.0911,0.1894936,0.036916383,0.07129208
0,4829.0,38.806698,10.031247,60.0,41.0,19.0,29.0,449.7424,230.49983,0.27237955,0.018688407,380.03006,167.93445,97.008224,90.541084,0.007940731,0.024225537,0.009953321
0,5781.0,16.55871,10.589513,70.0,36.0,24.0,23.0,150.64645,78.03835,0.19103463,0.033862494,200.92311,8.425168,11.35748,13.233671,0.011576723,0.05498349,0.003156684
0,3682.0,35.481762,9.870728,60.0,36.0,24.0,23.0,267.55792,60.100414,0.711549,0.7735099,283.23547,2.148023,17.487516,10.927083,0.0033171754,0.055360228,0.0109277265
0,4991.0,39.23994,9.447034,60.0,37.0,21.0,26.0,165.65665,19.407022,0.1891946,0.06290989,594.2427,0.0,0.115751654,6.698533,0.00070369535,0.001900938,0.00500122
0,4554.0,25.769085,10.269926,60.0,36.0,23.0,25.0,285.78815,150.22595,0.11612776,0.18462144,910.40564,0.0,18.63678,35.52738,0.002974454,0.00701683,0.006006258
0,4476.0,23.183985,10.561479,70.0,37.0,19.0,30.0,418.4056,99.928825,0.020094145,0.010937804,761.7371,77.658905,2.2249987,45.59867,0.017049735,0.06935634,0.017084578
0,5435.0,24.89812,10.257339,60.0,36.0,24.0,23.0,192.13774,62.760006,0.36555657,0.30123785,609.1081,11.676351,5.610047,13.931312,0.00029945446,0.00050089345,0.0067092148
0,4504.0,19.089188,10.837995,60.0,40.0,17.0,29.0,327.4336,115.22955,0.03984101,0.041024894,527.1203,7.6263404,21.95745,52.213417,0.010949736,0.046068892,0.020275325
0,5064.0,26.880396,10.225205,60.0,40.0,23.0,33.0,187.51987,29.034672,0.057567276,0.0113416985,532.6273,12.581017,1.8775382,18.721981,0.0020008755,0.0008567788,0.009579343
0,5614.0,34.308456,9.626586,60.0,33.0,28.0,27.0,400.32947,261.98273,0.10971375,0.032682728,616.6956,18.141811,33.129513,18.141811,8.811971e-05,0.00015245476,0.0022377337
0,5221.0,5.273963,12.206111,80.0,28.0,34.0,27.0,111.84851,9.73908,0.16552927,0.07124115,8.534711,0.0,0.0,10.347986,0.00033936958,0.00062674825,0.0029794173
0,5873.0,29.83913,9.59103,60.0,36.0,24.0,23.0,208.1551,50.99766,0.22748375,0.013341555,804.2351,17.396612,0.0,19.39082,0.00053401926,0.00047450003,0.010645418
0,5462.0,20.869535,9.994495,70.0,30.0,32.0,29.0,238.40956,74.10783,0.029596837,0.017250035,533.8518,0.0,0.0,26.808823,0.001346438,0.0054726577,0.0015912345
0,5158.0,25.576752,10.410154,70.0,42.0,21.0,29.0,262.6747,36.978302,0.20210822,0.060572047,231.54507,0.6448038,0.0,10.560765,0.0009755902,0.010415625,0.008518653
0,5284.0,27.494484,9.723271,60.0,29.0,30.0,23.0,106.166794,8.576534,0.6338709,0.6375893,408.29907,0.0,0.0,4.9942966,0.0002226165,0.0005038826,0.0007296244
0,5322.0,10.254228,11.149355,60.0,36.0,24.0,23.0,114.09229,6.7676754,0.21376841,0.25861493,149.71042,0.0,0.0,11.163452,0.0,0.0,0.0
0,3530.0,19.94303,10.3791065,60.0,50.0,19.0,22.0,203.28358,86.675446,0.78752,0.93629384,112.84209,19.875248,9.312683,18.108692,0.0025912258,0.0009263763,0.012668563
0,3614.0,35.111366,9.933389,30.0,36.0,24.0,23.0,1042.7627,447.42615,0.044330757,0.10008345,785.45905,90.66747,183.23466,90.66747,0.14147507,0.043324605,0.052909058
0,5131.0,22.492273,10.328434,60.0,43.0,22.0,33.0,206.75578,66.48344,0.29753318,0.15188822,355.74335,18.234224,0.0,27.182291,0.0011172619,0.0005711628,0.006796825
0,4303.0,29.945736,10.755813,70.0,36.0,24.0,23.0,1084.8394,684.8152,0.20043848,0.10881353,393.4728,174.79324,257.3097,174.79324,0.058660347,0.12966163,0.01828439
0,4564.0,37.583702,9.596266,60.0,37.0,21.0,28.0,266.67355,80.16066,0.46486554,0.3134118,1437.6115,42.890068,8.200373,35.25978,0.003082434,0.008868342,0.018303338
0,5072.0,22.25405,9.848004,60.0,36.0,24.0,23.0,158.45647,101.25582,0.5406432,0.82858086,368.24722,0.0,12.148091,23.138721,0.0,0.0,0.0
0,5644.0,12.756618,10.931996,30.0,36.0,24.0,23.0,169.24625,26.884188,0.45697406,0.19508506,336.44623,12.018943,0.0,19.712584,0.0005326448,0.0004599398,0.0095895445
0,3529.0,28.156956,10.047769,30.0,41.0,19.0,23.0,542.44354,224.62766,0.041751,0.07872575,584.2512,314.39313,74.943954,172.60599,0.09574087,0.043204054,0.0344932
0,4366.0,38.11878,9.921156,60.0,44.0,19.0,27.0,183.54594,17.349304,0.12287675,0.1456127,151.91846,11.806953,0.0,26.339317,0.0036237105,0.0006210953,0.012196476
0,4253.0,36.152554,9.593792,30.0,38.0,23.0,29.0,319.08142,112.66076,0.240141,0.2891598,1179.31,55.3862,3.4582417,43.69277,0.004990623,0.0031299987,0.011424664
0,5257.0,20.441807,9.978878,60.0,36.0,24.0,23.0,98.828926,7.963473,0.8533966,0.7298506,197.43916,0.0,0.0,5.745695,0.00011220163,0.00021665067,0.00024919686
0,3959.0,24.732588,10.480429,60.0,42.0,23.0,25.0,103.22132,20.248562,0.6280911,0.8173329,102.901764,14.916538,6.587067,9.974541,0.0028569712,0.0014988986,0.01306601
0,5294.0,21.791624,10.81541,60.0,36.0,28.0,33.0,123.63717,32.748337,0.31920713,0.07958384,647.7858,5.9123564,5.9581676,7.3696303,0.00081490236,0.00029463455,0.0060192323
0,4207.0,13.4158,11.235547,30.0,37.0,19.0,29.0,793.80554,254.0319,0.026833355,0.022061473,138.38882,39.43115,8.504662,144.61993,0.0084461775,0.039507683,0.020375308
0,5667.0,48.77782,9.401514,70.0,40.0,19.0,33.0,303.78223,93.77053,0.3594507,0.30009305,1454.9329,43.51704,36.49264,43.51704,0.012826698,0.1918855,0.024998214
0,4880.0,29.604094,10.027076,60.0,36.0,24.0,23.0,187.17102,97.544754,0.33898133,0.48848912,360.74,0.0,12.39891,14.291036,0.0,0.0,0.0
0,5863.0,35.248005,10.049033,70.0,34.0,26.0,29.0,140.26248,12.640971,0.29483694,0.08909514,583.4136,0.0,0.0,6.6952305,0.00046102933,0.00050164125,0.011161791
0,1929.0,25.264011,10.157951,10.0,34.0,27.0,15.0,1021.9343,530.9479,0.18912715,0.8209145,171.4676,351.95102,203.35513,201.11487,0.11892074,0.05970938,0.051519413
0,4501.0,35.352814,11.264227,60.0,31.0,27.0,25.0,251.0056,36.372303,0.5350012,0.43206576,127.500656,0.0,0.0,14.952369,0.0013106822,0.0031811155,0.011025762
0,1920.0,11.799919,10.3078165,50.0,36.0,24.0,23.0,1342.0331,811.2118,0.777017,0.9825238,517.18005,138.50667,397.0985,138.50667,0.17529841,0.04031543,0.06752366
0,4565.0,21.538437,10.907257,60.0,36.0,24.0,23.0,161.83928,80.68273,0.76507777,0.9383617,143.9457,0.0,9.55654,11.229396,0.0,0.0,0.0
0,764.0,14.25504,10.335944,10.0,31.0,26.0,13.0,1231.0499,846.9112,0.9814334,0.9981691,111.32795,224.41774,247.51042,224.41774,0.18227398,0.032768812,0.065035984
0,2770.0,34.51894,9.562976,10.0,26.0,25.0,19.0,497.16113,154.91043,0.10573017,0.3485706,389.9047,89.66358,29.836708,111.71115,0.07128043,0.030087356,0.02548262
0,3780.0,32.01066,9.487614,60.0,43.0,20.0,24.0,830.562,341.2822,0.080331765,0.14061543,1147.732,312.32477,101.84086,208.2165,0.07576663,0.022578904,0.030507216
0,5572.0,5.801685,11.322962,60.0,26.0,40.0,31.0,132.05545,12.144905,0.51001304,0.111603715,57.74071,0.0,0.0,6.583266,0.00013022037,0.00023746002,0.0053910725
0,3907.0,28.306877,10.349626,60.0,36.0,24.0,23.0,269.8199,120.32997,0.1295663,0.06660192,581.13153,0.0,40.521435,12.268354,0.004768889,0.010439382,0.017486246
0,6027.0,11.672948,11.205732,70.0,36.0,24.0,23.0,104.78386,19.946177,0.47867742,0.112527005,442.5787,1.474831,0.04854329,6.663848,0.007042828,0.010871266,0.004126209
0,2646.0,31.385445,9.675869,10.0,36.0,24.0,23.0,909.5014,451.64044,0.052954774,0.35385984,871.403,49.802967,114.940125,177.78549,0.07001935,0.04072109,0.035878427
0,2601.0,12.540507,12.081329,40.0,42.0,22.0,25.0,199.46994,17.481285,0.67007756,0.8073578,33.269432,0.011858293,0.24143794,18.117447,0.008589094,0.016685957,0.030971354
0,2162.0,9.631036,10.728496,60.0,38.0,22.0,24.0,124.818855,15.987273,0.83513796,0.9952138,167.75783,0.0,4.292153e-09,5.675498,3.6917336e-05,8.942216e-05,4.88956e-05
0,32.0,7.719065,20.31874,0.0,41.0,25.0,14.0,1649.6774,1155.5266,0.5238915,0.5933692,25.3497,0.0,0.0,0.0,0.044802412,0.09059041,0.0116330795
0,4021.0,31.339334,9.282618,60.0,36.0,24.0,23.0,526.0764,153.50537,0.6496599,0.566487,631.05133,0.9034007,21.944906,49.38726,0.00060772273,0.0019861886,0.0011661105
0,4466.0,20.897451,10.909463,60.0,45.0,22.0,29.0,231.94794,62.336502,0.16583668,0.116424374,106.91699,5.3578267,1.8524325,18.959625,0.00047864133,0.00048298168,0.0121775605
0,5357.0,2.3179033,12.693409,60.0,33.0,31.0,27.0,125.913704,10.912784,0.54557323,0.48775402,7.5878043,0.0,0.0,6.0576267,0.000113248774,0.00018121803,0.0031816945
0,1998.0,26.906275,9.767396,10.0,31.0,30.0,14.0,1135.9441,747.3562,0.7999635,0.9851731,677.70056,442.7806,268.0066,233.76622,0.15813686,0.04644687,0.050750054
0,4236.0,40.03981,9.475528,100.0,36.0,24.0,23.0,1092.6267,498.84503,0.078084216,0.084685296,911.9679,110.747665,145.79314,122.97225,0.078940876,0.07832916,0.029538779
0,5654.0,20.586817,10.352691,60.0,36.0,24.0,23.0,122.82654,20.614584,0.4110824,0.2803233,343.50693,1.339854,0.0,6.5818267,0.0,0.0,0.0
0,247.0,2.1541047,12.761975,40.0,38.0,24.0,7.0,915.42017,687.43097,0.97544664,0.99644214,4.9294214,297.96722,189.36594,293.2162,0.12573451,0.021298213,0.08249487
0,5098.0,4.8902955,20.870817,60.0,36.0,24.0,23.0,112.846344,21.181543,0.75411147,0.70748186,0.0062975595,2.9571574,0.0,5.6823425,0.0,0.0,0.0
0,0.0,0.0,23.542938,0.0,36.0,24.0,23.0,360.29306,151.24031,0.5238915,0.5933692,1.0307609,0.0,0.0,0.0,0.0,0.0,0.0
0,3093.0,31.749712,9.535729,30.0,38.0,25.0,21.0,563.81976,192.13925,0.10297903,0.26295024,856.0488,112.541145,43.555584,135.62962,0.08236142,0.03968525,0.028786814
0,5429.0,15.5273905,10.290191,60.0,36.0,24.0,23.0,129.98648,43.574818,0.36777276,0.28134322,237.98938,2.5155396,0.0,7.073929,0.0,0.0,0.0
0,4141.0,33.381996,9.451825,60.0,37.0,25.0,28.0,342.57996,151.90054,0.23524798,0.27186415,863.7924,0.0,26.909779,12.824127,0.006204672,0.015551718,0.001252264
0,4740.0,31.28333,10.043358,60.0,35.0,23.0,30.0,327.26617,168.0653,0.38833952,0.12103049,258.99234,2.1416566,47.051163,13.968966,0.00080395356,0.0016818751,0.006521357
0,4233.0,26.585573,9.646926,60.0,36.0,24.0,23.0,461.4175,159.85907,0.049633723,0.15886056,1205.6598,0.0,36.140144,29.067734,0.08403922,0.08116712,0.03500153
0,749.0,13.036868,10.66473,30.0,30.0,22.0,16.0,1197.1174,828.9754,0.9830622,0.9998153,217.43185,140.28871,244.00793,140.28871,0.16343296,0.037280254,0.06509505
0,4819.0,29.256329,9.675237,60.0,40.0,23.0,32.0,248.6958,29.862324,0.017457873,0.008929248,488.50833,13.473473,0.0,26.353611,0.0024540946,0.0028766,0.017304495
0,1770.0,27.749811,10.118659,10.0,37.0,24.0,14.0,778.6696,462.67795,0.46049625,0.9336688,164.39392,333.20184,189.34729,185.11212,0.08560159,0.03267604,0.04144889
0,5175.0,33.4274,9.764672,60.0,39.0,23.0,32.0,202.31648,46.221832,0.12943813,0.030063223,373.49728,24.497383,9.66821,17.669268,0.0011773192,0.0017325259,0.017097525
0,5383.0,30.641993,9.435492,70.0,38.0,24.0,31.0,197.9197,34.073814,0.047974963,0.02521656,659.64185,13.705424,6.0878286,14.365519,0.0014533647,0.00063764234,0.011165278
0,5547.0,10.018463,11.241493,60.0,36.0,24.0,23.0,112.93165,13.417736,0.4374833,0.1451448,37.31233,0.0,0.0,8.049705,0.0,0.0,0.0
0,1668.0,31.607952,9.84432,30.0,36.0,24.0,23.0,512.5126,141.21492,0.89842117,0.9703838,475.66254,5.6581883,19.817245,27.61734,0.0038057382,0.0026617926,0.0017843132
0,3545.0,34.11209,11.341998,60.0,46.0,18.0,27.0,193.64066,20.529667,0.30745333,0.4963758,139.89424,17.120531,0.0,28.999876,0.0050853305,0.00085310737,0.013912928
0,5465.0,31.532112,9.951813,60.0,35.0,31.0,31.0,313.37363,109.10411,0.20087393,0.026272899,884.19696,0.0,9.152753,11.1207485,0.0043492075,0.014670539,0.0023198351
0,1064.0,24.759298,9.984673,10.0,38.0,28.0,15.0,1307.0127,885.24457,0.89536566,0.9916057,273.91913,569.6518,295.47858,298.79236,0.07673022,0.06559377,0.020962732
0,5604.0,36.628567,9.5643835,70.0,36.0,27.0,29.0,141.79395,11.164453,0.5036299,0.06763872,511.7313,0.0,0.0,5.6750965,0.0010980185,0.0015972458,0.014977039
0,462.0,13.612682,10.554109,10.0,34.0,22.0,13.0,1092.0182,811.2266,0.9785752,0.9924114,108.298706,425.66806,221.86758,330.22836,0.10187388,0.01828549,0.052221358
0,3178.0,21.789248,10.625935,30.0,30.0,21.0,22.0,498.9913,147.97629,0.14932771,0.36355796,462.26218,148.48528,40.57306,111.36352,0.08781928,0.03131403,0.02552486
0,4531.0,28.308052,10.245345,60.0,40.0,18.0,31.0,537.4549,157.42236,0.031249521,0.0054583005,217.87206,43.46574,0.29985082,78.46372,0.013758049,0.01895737,0.019461853
0,5543.0,36.70541,9.492238,70.0,36.0,24.0,23.0,526.3808,294.5559,0.69138163,0.24807963,1684.7378,25.549974,141.41411,36.66137,0.0063333362,0.024723275,0.0068548615
0,3408.0,16.184013,10.060593,30.0,36.0,24.0,23.0,236.38046,47.607132,0.6942549,0.77403986,184.5542,0.0,0.0,11.533974,0.0050460594,0.011348352,0.0011130373
0,4046.0,36.41052,10.024829,60.0,45.0,17.0,29.0,180.15996,14.478986,0.19802202,0.17543648,193.70961,8.525005,0.0,29.101336,0.0052305316,0.0010010895,0.012495036
0,1265.0,34.91021,9.545379,10.0,31.0,29.0,17.0,1645.7599,928.1424,0.73433065,0.97037226,604.52466,728.7424,244.8508,376.60333,0.33110914,0.13412824,0.12359277
0,5360.0,35.157776,9.821404,60.0,40.0,20.0,35.0,585.463,306.03043,0.05062182,0.012530003,824.2464,227.45273,119.55192,221.69292,0.015585201,0.016539965,0.021594606
0,4661.0,33.187836,9.945928,60.0,36.0,24.0,23.0,269.0079,125.34402,0.0491682,0.05730662,1109.9055,0.0,10.664243,18.955706,0.0014452933,0.0031485257,0.00655749
0,6446.0,25.713497,10.063611,70.0,41.0,19.0,31.0,223.36655,72.513336,0.4108856,0.08790501,573.2138,0.0,0.0,23.54779,9.3220835e-05,0.040895995,0.0045162565
0,1774.0,7.2764907,11.589668,10.0,23.0,32.0,13.0,699.377,277.30298,0.5990637,0.9498061,34.50708,207.20718,84.18329,167.95131,0.13387083,0.036152974,0.045125045
0,5002.0,12.917976,11.144623,60.0,36.0,24.0,23.0,118.03201,3.6006975,0.17430645,0.11941563,85.61142,0.0,0.0,5.007217,0.0,0.0,0.0
0,3413.0,20.507841,10.405234,60.0,45.0,20.0,22.0,222.5342,80.18552,0.7403321,0.9352439,414.22186,126.11306,9.874132,77.37407,0.0035928455,0.001865945,0.014095007
0,4806.0,16.219969,10.442543,60.0,50.0,16.0,26.0,196.4744,51.358437,0.2813109,0.4423358,308.94717,16.7399,0.0,18.212708,0.00087017386,0.0003167698,0.007190374
0,4331.0,3.4409578,19.975796,60.0,36.0,24.0,23.0,121.36942,35.058083,0.8500623,0.93606925,0.02235133,0.0,0.0,14.306155,0.0,0.0,0.0
0,6110.0,34.627678,9.401657,70.0,33.0,29.0,32.0,136.04814,10.693067,0.20262678,0.09163925,821.20874,0.0,0.0,5.673145,0.00060301495,0.0006916371,0.0084855715
0,4544.0,17.697626,10.33063,60.0,40.0,25.0,27.0,200.8569,19.030014,0.14912754,0.1309654,383.55182,0.0,0.02315482,31.307785,0.0041378774,0.0011043064,0.01409384
0,3194.0,35.60333,9.740797,60.0,27.0,21.0,26.0,438.20602,147.50294,0.07479475,0.29365528,207.0701,136.4417,29.911243,102.05765,0.123393744,0.068094544,0.03563768
0,2176.0,26.837547,10.158228,30.0,31.0,25.0,16.0,716.1998,290.228,0.64145005,0.9605348,443.31595,307.04443,85.83054,241.20024,0.098365486,0.075159,0.02471984
0,266.0,1.6259935,13.003697,40.0,39.0,20.0,4.0,1014.47046,767.7705,0.9789111,0.98975205,17.051609,332.09814,255.59143,207.26508,0.1494605,0.031493343,0.09495997
0,3649.0,41.590023,9.624251,60.0,38.0,22.0,26.0,184.02783,24.514263,0.6325282,0.7486477,952.39197,9.744934,0.0,16.553091,0.006672322,0.019650305,0.016752118
0,1100.0,13.9618435,12.949019,60.0,36.0,24.0,23.0,469.8124,202.11693,0.9234066,0.99273175,37.28314,0.0,50.36851,90.05949,0.02421509,0.030127738,0.012150063
0,1849.0,10.086633,11.181639,30.0,26.0,24.0,13.0,602.47736,221.20018,0.6310999,0.9758011,61.539654,245.45518,68.52285,159.67973,0.065817095,0.036098666,0.031910513
0,3804.0,35.63232,9.422344,60.0,44.0,19.0,29.0,253.8909,57.399277,0.5929891,0.7948109,1006.41504,73.3052,0.35311818,30.680882,0.0058424785,0.0031643633,0.013252155
0,3299.0,20.989948,10.294238,30.0,36.0,24.0,23.0,262.31622,39.306664,0.7117544,0.83495724,141.8363,0.102442496,0.0,7.633845,0.0021571482,0.005614909,0.0005874809
0,5503.0,25.807848,10.440101,60.0,27.0,31.0,27.0,169.0877,54.728725,0.5704954,0.3365835,665.8925,0.0,0.0,8.291582,0.0022301036,0.0036001448,0.0007535633
0,5604.0,19.231852,11.198746,60.0,36.0,24.0,23.0,212.60588,127.886284,0.55338126,0.16400012,87.98627,0.0,13.4201145,25.7749,0.0,0.0,0.0
0,4907.0,16.050646,10.714244,70.0,42.0,17.0,29.0,641.4114,339.57562,0.027443884,0.01194919,1072.3331,132.69734,66.78714,96.974205,0.0063099847,0.016305553,0.015287028
0,5468.0,23.701962,10.014336,60.0,21.0,39.0,24.0,109.02996,6.025101,0.44357324,0.3580275,465.06726,0.0,0.0,3.9940414,0.0003638052,0.0005722612,0.0006231777
0,5192.0,38.62953,9.661882,70.0,42.0,19.0,29.0,268.01987,83.073105,0.18707709,0.14755456,1240.299,85.715164,20.781933,85.715164,0.0076785474,0.015991759,0.006591586
0,2017.0,39.968033,9.433952,60.0,36.0,24.0,23.0,134.20123,56.417114,0.8376624,0.95070535,577.29083,4.130524,23.54143,10.764005,0.024064103,0.047552917,0.024957763
0,2999.0,34.263546,9.974702,60.0,39.0,22.0,25.0,197.38042,29.56235,0.64039075,0.7847064,274.7552,26.435297,0.0,16.27085,0.0055626146,0.006879116,0.020949563
0,4570.0,11.821102,10.799797,60.0,36.0,24.0,23.0,163.90126,67.192245,0.8440333,0.97237396,154.06137,0.0,9.379993,17.568468,0.0,0.0,0.0
0,5367.0,32.307106,9.451301,60.0,29.0,31.0,28.0,211.90204,76.92323,0.39562622,0.15124126,1164.4703,0.0,0.0,13.470297,0.003128987,0.008152944,0.0040761847
0,1591.0,1.6712828,13.169706,10.0,19.0,29.0,12.0,652.4353,228.049,0.6890075,0.9457766,1.7127966,189.32759,64.862465,152.0181,0.20682009,0.32608834,0.11199278
0,5172.0,23.944923,10.140185,60.0,30.0,29.0,25.0,161.81584,14.446108,0.5674739,0.35682583,153.19243,0.0,1.2404419e-09,7.071992,0.0005070063,0.0010837192,0.003923189
0,3449.0,33.306175,9.527839,60.0,36.0,24.0,23.0,268.50012,45.445927,0.7686234,0.8676873,803.1581,0.37299842,1.5730331,13.100918,0.0005649943,0.0018716695,0.0010678839
0,4263.0,33.824493,9.5377,30.0,36.0,24.0,23.0,331.23566,85.47657,0.26159564,0.23354545,945.96204,19.54811,25.359177,20.673908,0.040660318,0.0452207,0.014754756
0,4030.0,28.915821,9.522832,30.0,39.0,22.0,35.0,251.20067,33.50586,0.090268746,0.28911427,411.8923,36.97398,0.0,29.156775,0.005442143,0.003597714,0.015535071
0,4629.0,20.828344,10.919219,60.0,38.0,22.0,29.0,346.02408,112.03191,0.049814384,0.028933138,208.57195,44.202694,9.638775,60.808914,0.019051468,0.036430024,0.01095342
0,5405.0,16.502474,10.576998,70.0,27.0,37.0,31.0,227.3995,105.70572,0.27451858,0.025716906,103.68033,2.6961203,10.154248,13.634402,0.00024842142,0.00024716792,0.011116372
0,3878.0,33.53101,10.087746,60.0,34.0,27.0,25.0,293.86096,84.86686,0.66430724,0.61473125,210.7447,1.7795948,3.7173245,10.586641,0.013182961,0.04325923,0.0039879302
0,5477.0,26.397852,9.798094,60.0,36.0,24.0,23.0,127.7923,13.398823,0.2715812,0.20715168,545.53125,0.018582845,0.0,5.788277,0.0,0.0,0.0
0,4472.0,30.47032,9.604106,60.0,39.0,17.0,32.0,300.26874,93.45913,0.05736448,0.08947615,912.21576,2.6901407,13.450451,43.474064,0.007944726,0.015108733,0.019427054
0,330.0,6.9821467,10.915956,10.0,33.0,19.0,9.0,1055.1229,767.2933,0.98008627,0.99559164,40.45255,118.606895,288.4783,138.30603,0.08720058,0.01674025,0.05276299
0,5149.0,20.1282,10.496545,70.0,36.0,24.0,23.0,368.01794,255.90529,0.1964034,0.09905733,446.53085,4.4719353,47.233856,55.921932,1.3376231e-05,6.608241e-05,0.0016406694
0,5804.0,28.222834,9.76925,70.0,35.0,26.0,31.0,180.44797,36.825397,0.16734715,0.021708278,737.1226,0.06314674,2.2150006,21.178423,0.00012470769,0.00017180083,0.005031033
0,5266.0,41.601265,9.827779,70.0,36.0,24.0,23.0,247.55493,32.39888,0.28504246,0.19585605,1079.292,1.3666247,18.95089,10.985915,0.00070207287,0.01862485,0.0022523587
0,4778.0,35.50923,9.469788,60.0,42.0,18.0,27.0,255.49467,65.06629,0.22734863,0.120862305,417.7812,54.636223,6.9925494,54.248158,0.00052823685,0.037055235,0.0040602973
0,4955.0,30.447859,9.93366,60.0,37.0,21.0,27.0,406.16324,245.4062,0.16407762,0.058541838,632.83594,0.0,55.088516,38.423717,0.013985988,0.03639114,0.0052077407
0,5174.0,37.31327,9.702916,60.0,37.0,25.0,34.0,167.94836,25.345337,0.3193834,0.107327595,1312.3292,12.378646,0.0,10.3335085,0.0018452497,0.071488686,0.006524839
0,4192.0,30.51795,9.668293,100.0,35.0,18.0,31.0,465.43027,116.278275,0.059740897,0.040462468,673.04565,103.51604,36.742554,90.901306,0.067890026,0.044215262,0.024067868
0,6071.0,34.498398,9.434691,60.0,36.0,24.0,23.0,184.72408,52.88634,0.5367643,0.08887924,637.3187,16.368567,0.0,17.470678,0.0007446871,0.00052033714,0.0057577323
0,5991.0,37.870686,9.633164,70.0,35.0,25.0,37.0,151.91917,22.357964,0.4356233,0.18886659,1160.0927,0.0,0.0,5.125766,0.0010817681,0.0011383115,0.0133096045
0,5147.0,30.383808,10.081334,60.0,39.0,25.0,34.0,333.6946,104.40672,0.035232622,0.018581426,457.75366,13.727294,1.355844,47.306835,0.0023255676,0.0012991144,0.015875403
0,1206.0,29.595724,10.033995,10.0,29.0,32.0,15.0,1455.7621,942.12555,0.6881792,0.9892689,479.42413,637.0211,252.60735,435.16168,0.33444035,0.10167031,0.12031617
0,5108.0,12.504461,11.010904,60.0,36.0,24.0,23.0,202.97516,49.0597,0.18124478,0.08988512,78.59538,23.133738,0.0,20.77045,0.00039651612,0.00039310087,0.008736106
0,1673.0,13.798974,11.0405035,40.0,25.0,32.0,15.0,545.6096,202.46878,0.54182184,0.96637386,36.71638,7.362311,52.47251,110.68935,0.055226598,0.024609858,0.021404004
0,4469.0,30.114994,10.070903,100.0,36.0,27.0,25.0,363.45407,180.59618,0.39465484,0.13066563,712.1567,5.063683,28.502562,20.683737,0.020239726,0.058259252,0.0053354655
0,1293.0,21.334337,10.465602,10.0,32.0,31.0,13.0,1168.2605,772.2204,0.7204624,0.96559143,113.4038,431.03693,266.57245,284.97644,0.13703817,0.0326008,0.044580236
0,2423.0,28.77285,10.115902,10.0,36.0,24.0,23.0,651.2309,229.93678,0.09911514,0.5369983,130.17064,105.35638,49.162384,133.22046,0.09612434,0.058518242,0.03380895
0,5668.0,31.050106,9.833738,70.0,36.0,24.0,23.0,270.5764,45.56363,0.21115078,0.09661779,438.02975,0.0,0.0,12.593334,0.00049089827,0.00757622,0.004873513
0,3024.0,33.329346,9.554402,10.0,36.0,24.0,23.0,747.34064,299.96725,0.09057994,0.2766762,568.92114,185.60634,63.36301,227.06331,0.08396893,0.048179615,0.026616147
0,3670.0,25.520628,10.349895,60.0,42.0,19.0,26.0,583.5507,265.91534,0.23307481,0.35570866,928.80054,161.21631,85.88231,161.21631,0.032839,0.07293572,0.028346296
0,4860.0,32.525753,9.824855,60.0,39.0,21.0,32.0,763.90967,406.7962,0.058857024,0.017744731,945.0972,264.25677,95.21283,118.05522,0.028130397,0.062944375,0.019870767
0,3171.0,31.261833,9.864136,30.0,36.0,24.0,23.0,194.25314,66.32172,0.43578786,0.51606727,706.95496,4.1630673,0.09582263,9.603588,0.0069239684,0.020343246,0.019486805
0,4895.0,22.170036,10.375767,70.0,36.0,24.0,23.0,208.83249,90.57706,0.037778012,0.019368704,622.838,0.0,9.139761,30.6154,0.0010686307,0.0042105718,0.008551699
0,1998.0,6.103254,11.342619,60.0,37.0,21.0,24.0,89.49081,14.056148,0.8317235,0.99799836,334.87274,0.0,0.0,5.9524255,2.2480832e-05,6.886887e-05,5.5417182e-05
0,4533.0,32.375008,9.627429,60.0,31.0,23.0,23.0,404.23874,192.32913,0.21666592,0.2585177,457.71313,0.0,24.700432,14.128054,0.011491163,0.04148847,0.004354436
0,2413.0,29.5929,10.066307,30.0,33.0,27.0,17.0,437.32797,110.33409,0.1558762,0.57466394,225.06842,45.185642,24.655626,53.52647,0.060962968,0.024755534,0.021258662
0,5686.0,27.18885,9.747932,60.0,31.0,32.0,29.0,131.43613,11.111096,0.3938683,0.17425103,319.08835,0.0,0.0,5.884789,8.992366e-05,0.00014339923,0.0042619356
0,4463.0,23.317743,10.328492,60.0,43.0,17.0,27.0,225.62094,89.92449,0.2151513,0.21056081,148.65155,32.455933,12.281547,35.40021,0.0033453295,0.0019793066,0.00842372
0,4324.0,4.2968326,16.41293,60.0,36.0,24.0,23.0,153.03471,6.8176727,0.6332442,0.751704,4.873271,0.38264516,0.0,12.334099,0.0005805197,0.0005958692,0.005410335
0,2767.0,33.614616,9.84031,30.0,37.0,19.0,17.0,843.09503,383.0443,0.1194702,0.51617235,366.07184,331.69537,102.226395,221.13025,0.07480561,0.020680519,0.029483734
0,5108.0,7.5408897,10.923935,60.0,36.0,24.0,23.0,83.6142,3.078234,0.817655,0.8541064,73.07923,0.0,0.0,3.731864,0.000165616,0.00019738171,0.0002250426
0,4628.0,35.432865,9.636978,60.0,36.0,24.0,23.0,279.4349,97.17081,0.76085645,0.45445988,1026.7526,0.0,6.4169226,11.1134205,0.0067543574,0.01757565,0.0012477409
0,3469.0,41.05642,9.338679,10.0,43.0,18.0,23.0,493.309,283.88232,0.1049866,0.18006189,1047.3665,233.26962,89.58389,153.95316,0.0472181,0.06352586,0.024633387
0,694.0,9.925072,11.155469,10.0,37.0,29.0,14.0,1321.6055,1029.2188,0.95306283,0.9961919,77.09784,479.27783,332.62424,261.42426,0.11194818,0.020140711,0.047295287
0,4412.0,24.772186,10.267421,60.0,37.0,18.0,27.0,213.58061,43.967747,0.066323526,0.10143983,587.41864,12.986173,19.796518,14.746892,0.019271638,0.06117079,0.02009833
0,4860.0,14.6610365,11.353274,70.0,42.0,17.0,35.0,732.3369,466.97992,0.062484432,0.004883598,473.99872,232.97295,252.92703,232.97295,0.008877028,0.01240368,0.021493388
0,4409.0,34.8933,9.711281,60.0,36.0,24.0,23.0,225.9144,77.304695,0.2790519,0.2560587,1400.4287,1.7584093,11.329131,8.961914,0.007834741,0.021122256,0.02068689
0,3895.0,37.54913,9.734201,100.0,36.0,22.0,27.0,231.82996,43.533432,0.5142848,0.5498233,439.19095,9.546774,0.0,13.189933,0.01967312,0.026014911,0.019580662
0,5217.0,25.501019,10.756639,60.0,36.0,24.0,23.0,117.41781,13.952924,0.1424142,0.08604707,154.35104,0.78852224,0.0,10.36761,0.0,0.0,0.0
0,4713.0,26.448544,10.511265,70.0,41.0,19.0,28.0,602.2296,379.11462,0.063389905,0.013853964,619.0909,527.07684,151.54407,263.53842,0.031539515,0.03510779,0.014418641
0,4472.0,20.535324,10.748723,60.0,36.0,24.0,23.0,121.37151,3.9287329,0.845169,0.91758066,165.5505,1.1549423,0.0,9.783703,0.00066632096,0.00027591948,0.0055715227
0,5296.0,26.788813,9.878762,60.0,39.0,22.0,29.0,231.40733,58.32094,0.09309563,0.0445058,538.8612,54.187946,10.754101,36.735676,0.0016495058,0.0033453975,0.0058798916
0,5157.0,22.515665,10.295284,60.0,34.0,28.0,31.0,175.20903,32.472218,0.5032618,0.026117321,114.922935,0.015576885,0.066128775,11.478129,0.00012315917,0.00015980958,0.003572643
0,1744.0,3.5816615,12.4889965,40.0,26.0,30.0,14.0,454.67584,125.87358,0.5026907,0.92662454,10.586277,52.999672,26.52064,61.981552,0.043874074,0.01811772,0.015188839
0,4971.0,19.582357,10.862253,60.0,36.0,24.0,23.0,284.9379,167.17024,0.78980136,0.88403934,135.64012,6.0477405,25.953661,25.120573,0.0,0.0,0.0
0,613.0,13.416449,10.242523,10.0,39.0,25.0,12.0,1278.2981,982.6245,0.9838173,0.9990943,550.4977,608.0294,319.1896,312.38406,0.010204695,0.0059838723,0.0036401942
0,3698.0,22.746735,10.830812,60.0,36.0,24.0,23.0,506.68402,311.91135,0.084064156,0.11347266,198.72746,32.348583,108.414314,28.248423,0.012493673,0.019443726,0.011205971
0,3681.0,15.305916,11.383418,30.0,36.0,24.0,23.0,499.6736,191.02765,0.06153526,0.09779653,62.50123,0.7772876,24.393707,19.878922,0.008721497,0.032325827,0.024764478
0,4455.0,27.271282,10.215422,60.0,39.0,19.0,32.0,318.00845,89.32015,0.031321574,0.03640228,1132.9363,3.4953825,8.73221,43.407867,0.013586961,0.021964453,0.021177948
0,4296.0,27.593897,9.917125,100.0,37.0,21.0,28.0,244.2679,55.911545,0.28376633,0.38694528,1287.7196,8.557682,0.0,21.44582,0.030333126,0.029791143,0.019491646
0,5210.0,1.9165833,19.66295,60.0,36.0,24.0,23.0,106.40684,10.585813,0.83725256,0.6957558,0.025223065,0.34601998,0.0,5.7869434,0.0,0.0,0.0
0,2029.0,27.985561,10.094557,10.0,33.0,25.0,15.0,691.94525,260.7864,0.24555668,0.8297347,181.30643,262.02502,82.49043,208.2791,0.09147994,0.06300274,0.022865504
0,5000.0,15.973229,11.363395,60.0,35.0,26.0,24.0,98.57389,4.462585,0.7404798,0.69003564,63.726715,0.0,0.0,3.7372332,0.00019614534,0.00025060642,0.00040135087
0,3960.0,26.847042,9.66315,30.0,39.0,22.0,32.0,265.01947,29.614586,0.30122787,0.40134075,846.6537,26.044865,0.0,28.233423,0.015554167,0.008252415,0.015575433
0,4516.0,4.522059,12.422451,60.0,37.0,23.0,27.0,141.51758,17.236782,0.26395458,0.14224312,13.088589,0.0,0.0,8.7447405,0.00045777802,0.000747606,0.0007807712
0,4664.0,19.652613,10.401932,60.0,31.0,26.0,22.0,421.30408,245.79146,0.75907975,0.6010684,150.17876,0.0,36.15236,27.676441,0.0015854021,0.009521365,0.0022869438
0,3053.0,33.332092,9.651727,30.0,32.0,27.0,23.0,1799.2898,944.5842,0.18040606,0.44789332,1362.7604,532.6672,223.74258,532.6672,0.42091414,0.12708609,0.13859214
0,2937.0,35.586838,9.878346,30.0,36.0,24.0,23.0,998.0541,400.5976,0.09925985,0.21754527,574.54065,124.04364,90.6954,159.80411,0.08526636,0.092923924,0.024803547
0,3889.0,29.974173,10.217076,60.0,36.0,24.0,23.0,808.4019,322.30975,0.14728174,0.1588904,981.95874,0.0,17.062885,48.43765,0.008631785,0.028572995,0.014136759
0,4635.0,14.668623,10.510407,60.0,36.0,24.0,23.0,156.75533,65.52295,0.70940113,0.934882,200.53131,0.0,7.91951,18.692186,0.0,0.0,0.0
0,541.0,15.601384,10.657396,20.0,38.0,25.0,17.0,1245.8107,987.51263,0.9776913,0.98663884,62.79597,605.6705,328.96222,346.16437,0.03302004,0.0058165975,0.014028322
0,4967.0,29.944157,10.003675,60.0,37.0,20.0,25.0,372.13565,216.27516,0.37999454,0.12583476,430.07782,0.40125507,41.062252,41.062252,0.0060122423,0.01326243,0.008175348
0,4849.0,31.786537,9.892402,60.0,32.0,26.0,26.0,146.25107,13.061675,0.30059293,0.24125308,237.32547,0.0,9.94186e-10,7.0436335,0.0008694745,0.0017716385,0.0011764747
0,2207.0,25.590029,10.503902,60.0,36.0,24.0,23.0,624.18567,245.63239,0.85527986,0.9684355,813.5244,15.6806965,64.32792,23.031279,0.030680152,0.037218913,0.014876308
0,6114.0,34.80531,9.441564,70.0,36.0,24.0,23.0,379.28677,181.90294,0.4977187,0.14692119,722.5333,0.18295313,36.22659,43.442966,0.0,0.0,0.0
0,5858.0,28.159338,9.712562,70.0,33.0,27.0,32.0,142.24991,15.803129,0.3916955,0.09195571,583.82745,0.0,0.0,13.195437,0.00016092583,0.00021405223,0.009825483
0,3449.0,8.096629,11.925412,60.0,50.0,17.0,21.0,205.77573,78.94989,0.7293633,0.95660913,36.803402,37.089653,2.8539,35.946194,0.0025571922,0.0010697024,0.012841185
0,4768.0,21.154198,10.163502,60.0,36.0,24.0,23.0,208.84575,63.53117,0.6536158,0.815327,278.27042,13.452009,0.0,19.498158,0.0008979076,0.00065116904,0.006057224
0,2496.0,25.214602,9.738221,10.0,35.0,25.0,17.0,986.5412,573.7757,0.17526577,0.7286676,1236.0964,347.6679,208.8362,207.44037,0.1286486,0.040196072,0.047637586
0,4391.0,20.656942,10.604462,100.0,36.0,24.0,23.0,189.62114,60.806534,0.11526273,0.08871177,669.8554,0.35278612,7.725198,9.238046,0.007424144,0.01935569,0.019576585
0,2324.0,28.518042,9.624772,30.0,24.0,29.0,16.0,1188.0482,631.765,0.38704717,0.86039543,826.5553,268.75928,208.41942,268.75928,0.19173637,0.03589682,0.07209927
0,4901.0,23.580294,10.280571,70.0,37.0,18.0,30.0,544.3769,226.21407,0.112245746,0.03772708,605.3957,102.56343,53.56662,89.17458,0.011455327,0.049640983,0.018464822
0,4862.0,2.5731637,13.496492,60.0,35.0,27.0,23.0,105.55279,7.141796,0.83404195,0.7464437,2.4702253,0.0,0.0,4.4697165,0.0004292026,0.00075933355,0.0006972182
0,3678.0,35.292522,10.008783,30.0,36.0,24.0,23.0,309.44894,108.12871,0.3718374,0.5552898,809.51294,14.3864975,27.56567,14.45888,0.036659718,0.033219945,0.016544394
0,5342.0,7.2952857,11.2114525,60.0,36.0,24.0,23.0,105.2004,7.570971,0.8150199,0.69296587,66.64724,0.0,0.0,4.856005,0.0,0.0,0.0
0,3721.0,41.383053,9.517008,30.0,36.0,23.0,25.0,312.15665,89.70873,0.15398318,0.16826266,503.9253,34.47904,41.880844,49.734535,0.013626261,0.28575286,0.020646047
0,5006.0,19.129387,10.328083,70.0,37.0,28.0,28.0,356.1653,119.71136,0.11420279,0.020946858,941.10565,0.0,9.352383,12.376596,0.015066578,0.036608435,0.0032330088
0,4822.0,34.292225,9.721993,60.0,38.0,23.0,28.0,221.47624,87.79893,0.18868518,0.13916853,1640.0682,37.86345,11.472803,37.86345,0.0051515494,0.007937313,0.020377008
0,5191.0,26.014727,10.381542,100.0,38.0,26.0,27.0,133.03981,26.668848,0.30380023,0.14471048,219.9096,9.775077,3.9530916,9.775077,0.0010223119,0.00047248852,0.0085888505
0,3282.0,34.425808,10.0387,30.0,45.0,17.0,24.0,535.132,330.12424,0.10712263,0.17447962,1439.5079,522.6869,93.852425,307.8556,0.054180723,0.04421715,0.023921473
0,3270.0,16.903828,10.313421,60.0,43.0,21.0,23.0,209.41405,58.277996,0.5996084,0.88215667,283.65436,88.83757,5.0059395,54.4785,0.0036102647,0.0017274552,0.014447416
0,4266.0,10.912158,16.82935,80.0,36.0,24.0,23.0,114.28868,0.40412346,0.14080352,0.4792055,15.220514,0.0,0.0,8.286143,0.0,0.0,0.0
0,4861.0,26.822073,10.318583,60.0,40.0,23.0,29.0,236.97017,112.68989,0.34522828,0.1314449,196.27951,63.882553,22.444088,40.271534,0.0007669317,0.00071561814,0.010627731
0,3150.0,30.63523,10.311732,30.0,36.0,24.0,23.0,224.6364,75.5834,0.22730243,0.36543992,207.6644,1.2945342,18.828056,7.9826264,0.009563675,0.023915455,0.020724675
0,301.0,4.0662327,11.484712,20.0,31.0,23.0,9.0,1045.0364,727.34094,0.9808472,0.999755,55.859436,99.43718,220.2063,99.43718,0.07992664,0.016823918,0.040619668
0,5225.0,24.344418,10.275249,60.0,29.0,26.0,26.0,177.78098,17.783056,0.44079944,0.2971697,136.30907,0.0,0.0,10.360892,0.0003494151,0.00063851586,0.0051866504
0,3422.0,37.04569,9.571568,60.0,35.0,19.0,25.0,241.39285,90.43236,0.8193109,0.9470607,721.75165,0.0,13.717102,20.024372,0.030425182,0.06378308,0.006374808
0,5556.0,22.670034,10.264164,60.0,36.0,24.0,23.0,127.88056,24.607416,0.33402735,0.31253827,273.84586,0.019309286,0.0,12.760259,0.0,0.0,0.0
0,5249.0,35.103554,9.829224,60.0,36.0,24.0,23.0,198.14856,51.167995,0.09699051,0.0014274511,332.0234,19.543056,0.0,21.555395,0.0005453479,0.0021348184,0.00505921
0,4626.0,23.4241,10.584143,70.0,41.0,17.0,26.0,1082.0869,679.2724,0.13383602,0.046699632,519.618,270.53638,253.30145,270.53638,0.0420646,0.11125013,0.01879488
0,3716.0,37.31003,9.768809,60.0,39.0,22.0,28.0,309.0701,81.702896,0.5201163,0.5435988,1744.8386,47.69754,16.999279,25.936565,0.024359208,0.04374788,0.018150551
0,5258.0,19.39099,10.543554,30.0,36.0,24.0,23.0,124.426186,18.717993,0.29366907,0.1841517,259.47958,0.40499985,0.0,6.1003103,0.0,0.0,0.0
0,2167.0,18.21537,9.978229,60.0,37.0,21.0,23.0,117.0765,15.347532,0.75996757,0.98861027,256.08835,0.0,0.0,5.808205,6.9089394e-05,0.00021506079,0.000121243844
0,5693.0,19.47831,9.919425,60.0,36.0,24.0,23.0,179.16058,83.5858,0.162378,0.030969378,488.12744,10.859037,0.30878067,12.353618,0.006876029,0.02316294,0.0028546872
0,2369.0,19.028498,10.26492,30.0,32.0,28.0,16.0,1115.066,709.8623,0.57873446,0.9154336,1383.3903,438.82867,250.4792,276.09354,0.13625117,0.034517903,0.046241086
0,4482.0,8.25012,11.297167,60.0,36.0,24.0,23.0,118.27348,31.458221,0.85550874,0.93944407,46.013924,1.1129771,0.0,11.941084,0.0,0.0,0.0
0,3674.0,37.485348,9.423921,60.0,36.0,24.0,23.0,342.22223,180.71042,0.41509038,0.5024908,1137.2223,14.673673,42.338684,14.849824,0.014305668,0.06771945,0.016255701
0,3459.0,38.759914,9.642408,30.0,36.0,24.0,23.0,923.3524,434.55923,0.10900936,0.21964675,885.05334,83.16047,122.390434,219.42757,0.07976702,0.046036657,0.04028201
0,4742.0,15.243767,11.415298,60.0,31.0,30.0,23.0,284.0299,124.0002,0.5393347,0.40490347,76.09486,0.0,5.744588,15.564655,0.0039800056,0.021001132,0.002087169
0,4954.0,22.339586,10.120998,70.0,39.0,23.0,26.0,435.41016,287.7506,0.06769083,0.03365853,648.94196,15.675903,80.377426,26.931492,0.0031453264,0.0136857,0.0035945394
0,5619.0,2.9547305,11.962886,70.0,40.0,21.0,28.0,225.94441,80.47638,0.30451015,0.06378801,62.169716,0.0,1.4311571,10.190555,0.0,0.01608942,0.0019195233
0,5280.0,27.960804,9.752997,70.0,39.0,19.0,30.0,281.8558,60.86823,0.22384873,0.16442098,867.9453,10.721791,26.727673,11.594851,0.0044074096,0.106730394,0.012412024
0,2396.0,29.84276,9.883416,30.0,30.0,25.0,15.0,1054.0397,499.44818,0.1066263,0.6679144,585.3857,262.13495,153.53568,262.13495,0.17580265,0.041373797,0.061655987
0,5163.0,26.297194,9.7016535,60.0,39.0,25.0,24.0,314.45844,134.8988,0.5066186,0.14761372,634.37994,0.0,18.66697,18.66697,0.008916299,0.024707146,0.0076447087
0,3129.0,18.386757,11.36564,30.0,45.0,20.0,23.0,176.23468,60.547916,0.4946612,0.8443676,67.68649,62.06124,0.0,40.77372,0.0036578781,0.0015336565,0.01255281
0,730.0,17.377207,10.204819,10.0,39.0,28.0,14.0,1209.6769,919.4597,0.96000916,0.99366283,166.63472,613.10535,295.7135,344.36038,0.0073650028,0.0038352998,0.0023014874
0,5157.0,4.6972003,11.971684,60.0,36.0,24.0,23.0,121.03331,8.712649,0.77612275,0.8499695,17.227222,0.00977261,0.0,5.470375,0.00018004891,0.00023177391,0.00026592036
0,5785.0,21.34043,10.634259,70.0,36.0,24.0,23.0,208.4903,64.26639,0.44704333,0.029648399,185.29178,0.0,0.0,27.397106,0.00010636192,0.004806703,0.0020423236
0,3432.0,31.49914,9.896798,100.0,36.0,24.0,23.0,366.98422,110.389145,0.13165747,0.42680025,552.9657,0.0,32.18122,23.10503,0.07809897,0.075878404,0.033504535
0,3128.0,28.435179,10.1248665,40.0,26.0,22.0,23.0,412.61765,127.84144,0.06672909,0.20320557,107.26055,116.45397,28.60044,80.983635,0.12918471,0.05763989,0.037343092
0,4043.0,34.784985,9.627868,60.0,33.0,22.0,22.0,313.31802,155.99936,0.8341863,0.8568208,472.63437,0.0,34.69835,22.123878,0.025620315,0.060570065,0.006235993
0,3472.0,36.85008,9.5745325,30.0,36.0,24.0,23.0,218.6653,82.55511,0.12920317,0.501378,1229.7584,7.848422,26.160381,12.004022,0.01707002,0.025954861,0.022109075
0,4381.0,34.409874,9.386377,60.0,37.0,25.0,24.0,306.3122,157.63641,0.44667104,0.4337132,990.0627,0.0,16.007442,30.484297,0.0031428516,0.008473588,0.008142055
0,5555.0,27.945305,9.627859,60.0,26.0,38.0,32.0,139.64386,14.789756,0.17137226,0.01280824,500.9258,0.0,0.0,8.004301,0.0005976002,0.0007241569,0.0049523944
0,4140.0,2.0943742,13.447511,60.0,36.0,24.0,23.0,178.50453,43.567883,0.6827977,0.8693575,4.13091,24.004272,0.0,14.507557,0.000736509,0.00050726556,0.008290818
0,4177.0,25.639408,10.545036,70.0,38.0,18.0,23.0,251.93614,50.72827,0.5116915,0.20942627,151.68059,28.800438,0.0,26.895554,2.0660254e-05,9.423278e-05,0.0002333537
0,4688.0,21.406708,10.335306,60.0,36.0,24.0,23.0,130.57082,8.670344,0.6993874,0.8091107,151.36525,6.928935,0.0,5.284778,0.0004932296,0.00027450582,0.008526908
0,5660.0,16.623476,10.819007,70.0,41.0,22.0,29.0,213.00711,69.62372,0.67027116,0.07956878,115.87631,0.0017589341,0.0,8.451845,0.00013169016,0.039307434,0.0040509147
0,2511.0,18.755428,10.461339,10.0,36.0,24.0,23.0,298.60602,107.81854,0.9337695,0.9312394,369.35287,4.243883,29.237951,13.27054,0.011622146,0.030409185,0.017770387
0,4609.0,27.080614,10.118044,70.0,39.0,16.0,27.0,622.6062,301.74362,0.067714036,0.024590684,772.07166,430.1667,88.21345,283.26166,0.07572369,0.09906474,0.030349005
0,4890.0,6.153766,11.93167,60.0,35.0,30.0,27.0,106.88481,5.5490456,0.7688669,0.7765305,21.587093,0.0,0.0,3.3045373,0.00062461116,0.0010008423,0.00044915942
0,5770.0,37.99222,9.235007,70.0,39.0,21.0,31.0,184.59947,8.337013,0.22578262,0.06340216,1073.7639,0.0,0.0,8.333608,0.004677059,0.090893835,0.012540908
0,3392.0,5.266083,11.683151,60.0,48.0,21.0,24.0,128.07909,58.579594,0.7059803,0.9413247,124.993744,35.236065,11.040296,35.185207,0.0011847172,0.00035328665,0.0132662915
0,5046.0,24.321463,10.388215,70.0,41.0,19.0,27.0,203.65395,26.434393,0.12008561,0.042573687,556.16614,0.0,3.0271795,13.354926,0.0030604126,0.055054363,0.008377236
0,5193.0,9.864629,11.394019,60.0,36.0,24.0,23.0,103.5209,4.788028,0.6755969,0.76939374,150.91832,1.0210176,0.0,7.5835276,0.00019372665,0.0003293507,0.00036239548
0,3796.0,30.12514,9.680029,30.0,37.0,26.0,24.0,221.55606,36.75831,0.43416262,0.48073262,540.5181,0.0,0.0,12.091736,0.0030203606,0.00853324,0.0007515636
0,1758.0,31.76097,9.6672735,10.0,36.0,24.0,23.0,1128.431,553.37756,0.3194379,0.9282063,332.22238,138.25677,200.09798,138.25677,0.1649212,0.042859428,0.058642883
0,5381.0,29.490566,9.80927,60.0,36.0,24.0,23.0,139.77768,51.868977,0.64568543,0.7129817,862.59503,0.0,5.8613663,8.725608,0.0,0.0,0.0
0,5227.0,32.45802,9.6142235,60.0,39.0,24.0,21.0,184.71143,45.829002,0.71214765,0.7053036,1347.9657,2.3251572,0.0,14.52658,0.0016186043,0.0007843972,0.0076982784
0,4324.0,18.872866,10.29087,60.0,37.0,26.0,25.0,318.06714,151.54019,0.9195163,0.8348657,298.6992,0.0,6.1529875,15.875442,0.010566894,0.026440496,0.003956897
0,5363.0,15.245818,10.545592,60.0,36.0,24.0,23.0,105.0367,9.683113,0.60985774,0.5482126,170.37001,0.99486655,0.0,4.7229333,0.0,0.0,0.0
0,3337.0,19.656887,10.602033,60.0,37.0,25.0,23.0,242.1653,113.432526,0.8812354,0.94617236,156.88669,62.180767,4.5566425,62.180767,0.0050168065,0.00770529,0.019243142
0,2563.0,26.44354,10.016466,10.0,35.0,21.0,19.0,1361.0623,754.17834,0.28508955,0.7651194,313.6313,482.40765,292.31433,289.94983,0.16600953,0.086705364,0.08057713
0,4476.0,17.034697,10.820277,60.0,43.0,17.0,25.0,190.20772,60.262302,0.20622629,0.22483294,73.484406,46.570747,16.846857,23.285374,0.0032742016,0.0015015898,0.0094548
0,3066.0,37.67068,9.339421,30.0,44.0,18.0,23.0,210.4744,43.76268,0.62004864,0.8835653,560.8957,0.0,0.0,11.26198,0.000881281,0.0022157272,0.00055095064
0,2499.0,11.778652,10.815814,10.0,36.0,24.0,23.0,819.25696,384.33896,0.07260505,0.28810647,482.3567,204.12405,80.6846,261.8121,0.07978805,0.043408986,0.024127163
0,5275.0,27.665031,9.708448,60.0,36.0,24.0,23.0,177.0941,68.07499,0.7524584,0.8771132,864.0731,7.259202,13.375726,14.911736,0.0,0.0,0.0
0,4798.0,33.041634,9.8554125,60.0,39.0,22.0,22.0,142.54654,30.048447,0.25722787,0.17766437,871.25586,21.073662,0.8227297,20.485651,0.0015290653,0.0011821771,0.01555023
0,4306.0,34.797237,9.977192,30.0,38.0,19.0,31.0,412.59232,91.05237,0.23490599,0.15039669,941.5575,57.69689,22.29778,57.471725,0.027558513,0.05214613,0.017651144
0,5152.0,12.344843,11.445863,70.0,40.0,20.0,34.0,495.5194,271.13702,0.13675888,0.0009959488,212.26659,13.859568,27.35688,90.000534,0.0006348355,0.015355253,0.011183212
0,2928.0,36.412224,9.650187,60.0,43.0,19.0,28.0,142.72536,28.559362,0.67692375,0.91287875,665.49603,0.0,0.0,9.013269,9.324287e-05,0.0002636354,0.00025955922
0,475.0,7.2902584,11.156232,40.0,36.0,26.0,12.0,1280.1174,1016.50226,0.97775984,0.99586654,54.681244,613.32074,323.94196,337.46136,0.023541518,0.006478157,0.010173048
0,1877.0,30.469318,10.245031,30.0,36.0,24.0,23.0,934.5027,469.12634,0.11311856,0.76164645,115.09281,133.7617,200.61295,133.7617,0.10516893,0.031651273,0.042713124
0,4794.0,12.755596,10.742513,60.0,36.0,24.0,23.0,165.01598,80.15507,0.47620127,0.73876464,245.04225,0.0,8.503929,17.745367,0.0,0.0,0.0
0,260.0,2.156587,12.8967085,40.0,37.0,21.0,5.0,1013.58545,769.8425,0.9800211,0.99531937,3.7427018,315.43073,270.88303,239.83464,0.14116697,0.029609663,0.09069745
0,3801.0,21.318521,10.708191,30.0,36.0,24.0,23.0,357.42172,76.88912,0.056079637,0.044822805,112.9232,0.0,23.23913,14.010384,0.010795957,0.03695607,0.022642186
0,4635.0,37.719913,9.706055,60.0,37.0,25.0,24.0,413.2254,273.4004,0.3998001,0.4053221,820.227,0.0,48.825584,44.454834,0.0022754786,0.013018632,0.005996375
0,3494.0,38.43673,9.537089,30.0,35.0,22.0,22.0,212.17113,43.532944,0.5799493,0.6300107,768.18665,0.0,0.016257565,12.041022,0.011101866,0.026907813,0.0024727916
0,4817.0,5.176832,19.48603,80.0,36.0,24.0,23.0,117.01493,7.1648145,0.36899343,0.3985442,0.1637216,0.0,0.0,8.4409685,0.00015825847,0.00018405875,0.000286552
0,4179.0,29.15597,9.71798,100.0,36.0,18.0,30.0,382.41794,60.146126,0.049806565,0.02959009,429.11243,49.56186,20.176678,49.308064,0.027968155,0.060501244,0.022314845
0,4947.0,27.379704,9.772449,60.0,36.0,25.0,27.0,182.0607,63.05118,0.1882186,0.26589084,522.34503,4.593936,0.0,11.697986,0.00067916035,0.00042711524,0.015354183
0,4362.0,32.000923,10.030848,70.0,36.0,24.0,23.0,179.056,27.464703,0.19107117,0.096401274,864.87634,0.27130187,12.414988,7.9953694,0.0021763842,0.0075238673,0.008171243
0,4932.0,9.754813,11.2792,60.0,39.0,19.0,28.0,293.8192,88.98532,0.080532335,0.040963374,172.60048,44.056534,18.137726,35.01835,0.0031394758,0.0043235775,0.0130710285
0,4817.0,36.003006,9.768237,70.0,34.0,26.0,26.0,286.65628,94.095856,0.19001967,0.23426878,723.056,0.0,3.3016903,11.3280735,0.001656462,0.004382521,0.00082581124
0,5111.0,32.39528,10.034079,60.0,31.0,30.0,30.0,199.23947,11.233731,0.05933254,0.015610878,182.05666,0.0,0.0,12.482953,0.00081332104,0.0018685436,0.006063025
0,4707.0,46.47974,9.266871,60.0,36.0,24.0,23.0,290.21378,119.07238,0.6725353,0.32154343,1507.4375,3.3886259,43.63874,12.814026,0.011360739,0.030314926,0.01752446
0,4338.0,4.58423,12.167276,60.0,36.0,24.0,23.0,159.49048,97.32153,0.74592805,0.9267399,16.130852,0.0,13.4597435,13.751998,0.0,0.0,0.0
0,4331.0,32.338623,9.62457,60.0,37.0,16.0,32.0,482.90927,123.81442,0.08488037,0.07259847,984.2274,78.8774,50.338444,78.8774,0.023720961,0.05419565,0.021743525
0,5765.0,17.763716,10.868044,60.0,36.0,24.0,23.0,202.19,46.963577,0.5994482,0.055885572,313.2883,0.21344952,0.0,11.849355,0.00088042434,0.0006841974,0.0060812836
0,1989.0,23.894098,10.122686,30.0,32.0,22.0,15.0,580.5638,339.7716,0.5914213,0.9525589,942.68024,347.44855,115.20575,198.54204,0.053471304,0.026518108,0.040771827
0,0.0,0.0,24.522875,0.0,32.0,30.0,23.0,360.29306,151.24031,0.5238915,0.5933692,0.15236622,0.0,0.0,0.0,0.0,0.0,0.0
0,383.0,12.10523,10.336497,10.0,33.0,20.0,9.0,1112.5334,817.29126,0.9725875,0.9926487,36.76726,314.21594,212.96284,221.06691,0.08401404,0.016817018,0.048749354
0,3599.0,40.061523,9.76092,30.0,40.0,22.0,24.0,253.65277,38.08765,0.6144637,0.7166873,538.0028,0.0,0.0,11.049868,0.00531291,0.011302346,0.0023930082
0,4056.0,32.858845,9.827552,30.0,39.0,19.0,24.0,282.11624,90.3741,0.350342,0.34347188,510.07056,45.23131,9.621129,45.23131,0.003316898,0.051787023,0.015456565
0,4582.0,35.732826,9.993373,60.0,36.0,24.0,25.0,259.9493,67.26773,0.4764507,0.29199788,347.7916,0.0,2.4642653,8.579357,0.00032503586,0.0011153048,0.005846206
0,4260.0,24.922886,10.564965,70.0,36.0,24.0,23.0,1096.4556,531.32715,0.11683349,0.08882673,816.4059,208.8538,156.33357,223.64955,0.07498793,0.05849585,0.019992225
0,4488.0,35.747295,9.651664,60.0,40.0,24.0,28.0,222.88159,70.37598,0.08081,0.06713233,516.8015,43.801003,0.0,16.102587,0.004131718,0.12757495,0.012029224
0,5696.0,33.418777,9.848192,70.0,36.0,24.0,23.0,214.1986,88.587746,0.11009378,0.0140870465,691.34796,0.0,0.0,14.228066,0.009690322,0.03277602,0.0016825281
0,2330.0,13.477023,10.758554,10.0,33.0,25.0,12.0,967.16003,384.457,0.25201222,0.7922766,70.82216,218.46758,128.4829,174.9328,0.30217624,0.22524616,0.08057951
0,3806.0,41.63857,9.509655,30.0,36.0,24.0,23.0,398.22623,248.3471,0.2992349,0.27067462,487.0636,6.1741824,82.001686,18.20286,0.0033850558,0.009423802,0.009945164
0,5435.0,13.184063,11.293914,70.0,43.0,16.0,31.0,471.44943,315.2517,0.5360788,0.07333657,373.33655,0.0,74.36441,39.423832,0.0009932219,0.0034302701,0.004734086
0,3088.0,39.68195,9.543064,60.0,36.0,24.0,23.0,310.6007,145.53506,0.6789022,0.9011674,1773.4751,16.22461,47.076603,16.24719,0.014826743,0.018777424,0.013701762
0,5597.0,31.830267,10.019292,60.0,36.0,24.0,23.0,177.79077,35.273594,0.40920678,0.18440174,1101.3685,14.277931,0.0,19.753008,0.0005293923,0.00043165986,0.0078728385
0,3995.0,38.944565,10.00347,60.0,42.0,17.0,27.0,269.71875,81.51589,0.14792785,0.1905278,259.04953,52.61416,9.239597,52.61416,0.0043352395,0.009428643,0.019655379
0,4423.0,5.7972426,11.471039,60.0,36.0,24.0,23.0,68.0459,49.780174,0.8164103,0.9820227,4365.3276,0.0,6.8301544,9.847376,0.0,0.0,0.0
0,3215.0,39.580624,9.815715,30.0,36.0,24.0,23.0,227.27597,65.783714,0.49076653,0.5622341,1071.9607,0.024241054,21.715391,7.6021457,0.009777967,0.034428637,0.023045998
0,5271.0,17.954603,10.231465,60.0,36.0,24.0,23.0,153.84773,72.11183,0.69062525,0.76195544,418.90378,8.237425,10.865685,12.732215,0.0,0.0,0.0
0,4051.0,35.839893,10.33455,60.0,45.0,20.0,25.0,194.1273,26.960762,0.29437077,0.31590378,198.71686,10.968147,0.0,23.34549,0.004112265,0.00075722556,0.013556433
0,5493.0,29.578197,10.111921,60.0,34.0,29.0,32.0,149.8397,32.12685,0.57286334,0.055950776,356.71326,18.46499,11.164062,12.481128,0.0019563402,0.0009202769,0.009124709
0,5834.0,25.11955,10.005074,60.0,36.0,24.0,23.0,281.9922,164.53047,0.62089354,0.48738638,726.8994,6.3457785,25.5775,25.444271,0.0,0.0,0.0
0,4266.0,30.694706,9.741835,60.0,48.0,15.0,29.0,204.86125,37.74972,0.114019364,0.29459018,305.4485,9.907586,0.0,25.244305,0.0012884036,0.0004432442,0.01033367
0,4835.0,31.835026,9.773715,70.0,36.0,24.0,23.0,304.6798,134.6077,0.35361406,0.29145205,1323.3356,10.146418,44.87054,12.659371,0.012090382,0.0422141,0.018417174
0,5197.0,20.800554,10.22204,70.0,42.0,18.0,28.0,203.06334,14.6855545,0.3443501,0.285919,1315.4098,5.9107175,0.019726586,10.397131,0.024365608,0.020418184,0.021525405
0,5121.0,13.954986,10.82804,60.0,36.0,24.0,23.0,93.28623,4.1248765,0.6975774,0.7782262,88.54834,0.0,0.0,4.7609186,0.00019530197,0.00025926455,0.00033093427
0,3661.0,11.580604,11.883523,60.0,35.0,25.0,27.0,167.0682,27.399834,0.8140744,0.80782,43.6767,0.0,0.0,6.7688217,0.0023289244,0.0062140687,0.010628182
0,0.0,0.0,21.109537,0.0,36.0,24.0,23.0,360.29306,151.24031,0.5238915,0.5933692,0.11202342,0.0,0.0,0.0,0.0,0.0,0.0
0,3068.0,38.853695,10.128432,60.0,36.0,24.0,23.0,93.86988,13.451937,0.35217693,0.6167041,148.11363,0.0,0.0020274257,8.501615,0.0039989986,0.00740101,0.019488417
0,3436.0,11.466224,11.467876,60.0,49.0,20.0,22.0,162.4749,95.89129,0.81366736,0.9567269,57.366302,39.527794,20.249804,39.50387,0.0009431123,0.00030497913,0.012355271
0,3354.0,35.266247,10.144596,30.0,41.0,22.0,27.0,176.37582,35.92185,0.22475322,0.56514275,178.2222,19.133284,0.0,10.680504,0.0031978071,0.004843539,0.018028429
0,3631.0,28.424324,10.075564,30.0,45.0,18.0,27.0,657.2324,400.94147,0.06667363,0.09548908,583.9461,358.92023,136.80931,205.50905,0.080844775,0.061211333,0.037859663
0,1992.0,24.407084,10.200343,60.0,42.0,22.0,21.0,121.210976,18.146755,0.8139811,0.9825018,95.58295,0.0,0.0,8.12953,8.1037055e-05,0.00024418035,0.00026025518
0,5172.0,20.1878,10.413119,100.0,43.0,19.0,27.0,161.65265,21.29667,0.33808294,0.37694743,439.7832,3.314717,0.0,15.16695,0.0005587429,0.00040106478,0.0074621616
0,4088.0,6.505462,11.154245,30.0,36.0,21.0,28.0,787.2893,306.1666,0.03479309,0.03193974,103.54612,56.325623,11.963619,162.6213,0.008924607,0.047251258,0.01916369
0,4703.0,27.277328,10.06399,30.0,44.0,22.0,31.0,265.52457,66.97467,0.08869269,0.051835176,431.02713,13.295755,11.690281,21.444195,0.0016490865,0.0009664493,0.015130096
0,2559.0,23.017864,10.941518,30.0,36.0,24.0,23.0,600.75366,232.09332,0.7278243,0.8179999,357.37338,13.835455,58.52561,22.515602,0.026554428,0.033006966,0.017135004
0,4633.0,31.625986,9.991134,70.0,36.0,24.0,23.0,274.28793,126.61208,0.16195823,0.18115771,1352.5942,0.71987206,37.68171,13.639385,0.009308827,0.01984314,0.016671585
0,5790.0,47.09501,9.811953,70.0,39.0,17.0,33.0,269.98642,107.039185,0.26819184,0.11723742,722.9413,0.0,21.60493,18.927258,1.9161509e-07,5.8536756e-07,1.0012719e-06
0,5197.0,29.246658,10.172518,60.0,33.0,31.0,29.0,137.61098,26.098537,0.20772791,0.050875843,365.2558,16.98888,5.348443,16.657335,0.0011837862,0.00091824203,0.017450752
0,5326.0,15.573983,10.824412,60.0,25.0,38.0,32.0,131.82588,5.470775,0.36415112,0.1302112,407.37585,0.0,0.0,10.476395,0.00041757076,0.0004927194,0.011392025
0,5607.0,12.69674,10.5920725,60.0,36.0,24.0,23.0,113.756615,13.166776,0.46233588,0.107343294,107.469604,0.0,0.0,7.8431854,0.0,0.0,0.0
0,3518.0,25.47205,11.099583,60.0,36.0,24.0,23.0,279.4945,153.26201,0.35522923,0.3863562,113.02861,0.0,28.017635,30.229805,0.024722978,0.1794639,0.014661634
0,3567.0,20.013302,11.102983,70.0,36.0,24.0,23.0,252.32104,71.13547,0.056152754,0.035021808,83.634445,0.0,8.638952,14.3224535,0.00039283204,0.0020671336,0.0030570144
0,5041.0,37.26638,9.402608,70.0,42.0,18.0,34.0,604.658,355.3026,0.029721411,0.016567938,1168.7413,156.68504,135.05254,86.56673,0.038254846,0.08492169,0.020610925
0,5819.0,35.259003,9.524347,60.0,36.0,28.0,34.0,168.14218,53.297943,0.30141434,0.07007205,738.7965,3.5294423,23.694107,7.7414002,0.0010653187,0.0008414049,0.012578893
0,3209.0,37.739037,10.270208,30.0,43.0,19.0,23.0,209.26814,41.87936,0.71791106,0.7910818,480.78485,0.0,0.0469867,11.562178,0.010663371,0.02598694,0.002357595
0,4639.0,30.06374,9.54806,60.0,39.0,22.0,31.0,249.9241,27.431223,0.0151599245,0.013197298,757.9655,20.559837,0.0,26.093372,0.0029697553,0.0033998175,0.018589854
0,5116.0,21.769876,10.090431,60.0,32.0,26.0,25.0,131.41885,12.439963,0.8280918,0.5274545,175.19327,0.0,0.0,6.7503605,0.0002253181,0.00030041958,0.0026399263
0,4815.0,37.207302,10.505414,70.0,36.0,24.0,23.0,553.824,310.61697,0.20913918,0.11690895,1291.4198,27.104744,130.99663,32.862274,0.009290113,0.031413645,0.008848708
0,5272.0,2.131114,16.866905,60.0,36.0,24.0,23.0,104.29578,8.454265,0.7909416,0.687239,1.3838801,0.0,0.0,6.9813833,0.0001305539,0.00027335153,0.00022346171
0,4639.0,14.219695,11.458689,70.0,36.0,24.0,23.0,196.39035,58.095722,0.19804698,0.08357875,136.26263,0.0,8.492242,9.932344,0.0,3.4868863e-05,3.4868863e-05
0,3655.0,30.563536,9.364474,30.0,33.0,25.0,23.0,257.68045,83.0267,0.71583366,0.7547613,710.2798,0.0,14.24259,9.665153,0.008798331,0.018460646,0.0018803342
0,2917.0,37.795067,9.769267,60.0,38.0,23.0,25.0,194.57916,14.047099,0.41860026,0.67769676,398.68515,3.5194278,0.6059927,13.879802,0.0149126835,0.026131164,0.07212025
0,5697.0,33.503662,9.517645,70.0,31.0,31.0,27.0,142.13249,12.654775,0.3161753,0.1047413,844.24554,0.0,0.0,6.798085,0.00073354476,0.000729151,0.011910392
0,5098.0,29.40472,9.812166,60.0,38.0,23.0,29.0,259.2447,65.77802,0.087900124,0.053882364,1184.1792,31.76668,14.122303,19.387848,0.0035977198,0.004299508,0.012624188
0,5157.0,34.886948,9.721243,60.0,38.0,24.0,32.0,183.05708,42.782963,0.38273683,0.20773901,455.54938,16.243616,0.0,19.184835,0.0009747856,0.00047224935,0.007712692
0,5079.0,28.293524,10.015301,60.0,37.0,24.0,32.0,243.89015,77.22592,0.35855883,0.025592279,410.72903,0.0,24.114574,24.85257,0.0011824555,0.012209263,0.007724944
0,4218.0,10.792794,11.163967,60.0,36.0,24.0,23.0,199.82782,78.601204,0.8322233,0.9751301,54.41845,10.238136,9.797796,12.610899,0.0,0.0,0.0
0,317.0,9.268235,10.726031,20.0,32.0,21.0,11.0,1050.4957,727.8808,0.97545236,0.99877393,65.5183,62.99145,228.30437,100.38104,0.10855845,0.025239239,0.056996882
0,4563.0,30.069132,10.118807,70.0,43.0,20.0,31.0,320.00504,80.58081,0.0301302,0.017109884,195.30862,30.46844,6.2888765,30.661255,0.00090270623,0.014304183,0.008805368
0,6305.0,42.38615,9.300218,70.0,36.0,24.0,23.0,245.45099,72.61475,0.46142492,0.2858043,1880.5491,2.4846115,26.315046,9.137465,0.008904066,0.0299572,0.014621526
0,5197.0,13.631018,10.554559,60.0,36.0,24.0,23.0,292.13797,176.57953,0.8276084,0.8895744,211.78922,7.026762,28.375137,22.598366,0.0,0.0,0.0
0,6116.0,37.337963,9.3903055,70.0,40.0,23.0,35.0,156.35791,46.211094,0.82188207,0.27266988,806.9682,18.535881,8.900979,18.535881,0.0034459024,0.002377545,0.014948941
0,570.0,9.04891,10.732475,10.0,32.0,22.0,13.0,1128.4834,810.35895,0.9820421,0.99386567,90.64849,540.31116,209.8176,425.7175,0.10074938,0.016898846,0.03248781
0,4954.0,31.049517,9.86841,60.0,37.0,25.0,33.0,183.45589,13.444616,0.062794186,0.019211369,693.90265,0.0,0.0,25.972298,0.0038098677,0.0016765053,0.012554673
0,3815.0,32.86955,10.285559,40.0,37.0,20.0,26.0,291.81714,71.682175,0.3355344,0.17089307,244.19994,0.0,44.977493,43.137238,0.009618755,0.20360044,0.015177464
0,5027.0,31.422585,10.624321,60.0,36.0,24.0,23.0,146.03851,4.8758554,0.5055166,0.750485,555.4385,0.52563816,0.0,11.801916,0.0,0.0,0.0
0,3827.0,26.803867,11.158635,70.0,36.0,24.0,23.0,413.64438,206.11057,0.07188455,0.055692174,451.80164,10.157397,61.135483,20.825987,0.017142085,0.0909368,0.01139043
0,5232.0,3.616994,19.448204,60.0,36.0,24.0,23.0,140.49208,29.65255,0.35995558,0.59063405,0.021929882,2.042629,0.0,17.20715,0.0,0.0,0.0
0,2762.0,30.126923,9.958656,30.0,36.0,17.0,16.0,676.295,262.49265,0.17637113,0.5753554,209.75047,271.393,90.55603,149.27716,0.090366386,0.029217755,0.037264284
0,4978.0,30.421827,9.888297,60.0,40.0,22.0,28.0,279.1699,185.36092,0.25352427,0.117514506,475.69,46.10469,32.41801,40.91999,0.00075082906,0.0004741806,0.006919156
0,5662.0,29.533287,9.529744,60.0,26.0,36.0,28.0,116.34495,3.4854627,0.60030377,0.29543963,350.01968,0.0,0.0,8.324398,0.00018864076,0.00022139591,0.0054796548
0,4719.0,29.12505,9.823908,60.0,36.0,24.0,23.0,170.13115,75.08363,0.48156208,0.67002714,290.74896,0.0,10.086179,9.723605,0.0,0.0,0.0
0,4648.0,32.84729,9.272051,30.0,43.0,17.0,26.0,212.6593,84.24149,0.18999198,0.32276282,839.5249,27.241226,8.072354,36.27225,0.002238887,0.0008917947,0.012375007
0,5801.0,36.739227,9.598616,70.0,44.0,17.0,27.0,239.55269,48.94188,0.38945213,0.19593868,834.3152,26.63824,18.322496,18.39676,0.00017441572,0.0011077353,0.0016790028
0,4783.0,15.300846,11.299924,60.0,46.0,17.0,30.0,451.31476,234.18526,0.048157785,0.0044393945,44.63634,7.950602,18.064112,79.69909,0.0007763403,0.00848484,0.014682857
0,5298.0,21.177202,10.203904,60.0,36.0,24.0,23.0,102.16834,9.961614,0.77620316,0.63181555,282.0213,0.0,0.0,5.3687134,0.0001916725,0.00028593652,0.00029292924
0,323.0,2.8169262,12.328139,40.0,32.0,21.0,8.0,1084.8586,784.24646,0.99548274,0.9933946,8.160402,175.96904,283.1189,175.96904,0.058294952,0.010723435,0.033886116
0,4342.0,30.561663,10.167146,100.0,37.0,18.0,30.0,415.9043,111.39931,0.026296694,0.042591725,954.26105,91.36013,1.2661861,49.18614,0.015053033,0.038990933,0.020840552
0,5203.0,18.53045,10.887673,70.0,36.0,24.0,23.0,210.72327,37.99825,0.2250156,0.039034788,123.56419,0.13376224,7.0108852,14.808387,0.0,0.00018176486,2.0590664e-05
0,288.0,2.2299392,12.436364,40.0,37.0,20.0,7.0,975.6812,707.40027,0.9860596,0.9980218,6.148476,106.918755,252.71106,106.918755,0.12955959,0.021825496,0.08003313
0,0.0,0.0,20.91151,0.0,40.0,19.0,27.0,360.29306,151.24031,0.5238915,0.5933692,0.028211279,0.0,0.0,0.0,0.07125126,0.43748364,0.035354637
0,4683.0,18.201385,10.571477,70.0,36.0,24.0,23.0,338.84006,186.71893,0.06960348,0.020017888,135.21747,0.12599716,33.909294,19.84323,0.00013288147,0.00027969282,0.0011224264
0,4561.0,36.254528,9.849474,60.0,40.0,20.0,30.0,483.3998,252.65233,0.052611317,0.021678502,734.46643,434.06165,100.452675,262.37842,0.019637426,0.0174528,0.017332194
0,3830.0,38.80051,9.39831,10.0,44.0,19.0,27.0,487.70242,275.145,0.07439182,0.07038065,758.7721,252.25148,100.59827,161.9479,0.043323535,0.053294823,0.027380662
0,3656.0,14.656325,12.783579,60.0,38.0,18.0,28.0,700.245,438.05383,0.10699703,0.03851532,15.735606,444.69955,196.45139,222.34978,0.026198683,0.035291858,0.019672917
0,5115.0,32.492004,9.970912,70.0,42.0,18.0,28.0,234.27802,40.816257,0.36041513,0.23872417,1088.0842,4.933039,0.0,12.374589,0.017587228,0.017608684,0.021051642
0,4614.0,8.35851,11.117127,60.0,36.0,24.0,23.0,105.21158,68.758606,0.58076453,0.92645323,65.20717,0.0,8.357187,7.913284,0.0,0.0,0.0
0,5416.0,28.269924,10.355598,60.0,36.0,26.0,26.0,231.57738,111.24459,0.34361613,0.08698168,481.31512,0.0,3.0518436,16.230732,0.0021904814,0.0036981255,0.0018796722
0,4616.0,21.042862,10.097999,60.0,39.0,19.0,30.0,500.5735,95.14797,0.029498719,0.025920257,657.78033,51.192924,2.7997088,36.152355,0.014179492,0.06575818,0.019493496
0,5293.0,1.7787569,12.833884,60.0,28.0,34.0,26.0,115.25743,8.743142,0.6429434,0.68146497,3.960139,0.0,0.0,8.435528,0.00011361089,0.00021087978,0.001028265
0,5737.0,26.163757,10.525294,60.0,36.0,24.0,23.0,341.60788,232.45726,0.5127182,0.04417913,374.54608,0.37403345,19.157928,23.303211,0.0,0.0,0.0
0,272.0,1.3827041,12.889338,40.0,37.0,22.0,8.0,1204.457,945.1961,0.9885591,1.0,9.465186,560.1027,292.2448,363.10693,0.18809891,0.025049292,0.088206686
0,4290.0,24.297632,10.551595,100.0,36.0,24.0,23.0,315.34708,176.70752,0.2335176,0.050823133,151.05345,0.6173467,43.23792,22.781363,0.0007647355,0.005483524,0.0004727481
0,3671.0,39.470085,9.3682995,60.0,47.0,18.0,23.0,215.5686,27.604853,0.87685204,0.87469155,1197.5078,0.0,0.0,12.810763,0.0038293893,0.010318168,0.0012885246
0,2995.0,32.414177,10.32059,60.0,37.0,22.0,25.0,306.49426,121.08825,0.73033386,0.9183155,133.96666,0.0,25.790543,16.00902,0.009956088,0.02212386,0.0020804133
0,4444.0,32.204193,9.496494,60.0,37.0,17.0,33.0,510.95865,156.39995,0.09382958,0.09659882,1342.3036,66.49701,38.811935,66.49701,0.028042573,0.05382653,0.021639606
0,1658.0,18.237232,10.260118,10.0,36.0,24.0,23.0,1131.6896,625.4716,0.74353343,0.94647336,198.27281,135.99106,245.48503,135.99106,0.08988735,0.029233927,0.038407438
0,3482.0,32.67136,9.796094,30.0,37.0,22.0,21.0,1343.1057,514.2252,0.08400736,0.19459228,880.7373,171.47256,152.5209,171.47256,0.20834813,0.04115679,0.07371645
0,1708.0,2.7892578,12.091479,10.0,25.0,27.0,14.0,635.81744,265.8598,0.6859834,0.9644404,98.56108,253.66884,82.56383,186.42609,0.23354486,0.27006742,0.06867629
0,5781.0,19.429586,10.595177,60.0,36.0,24.0,23.0,180.04378,40.39408,0.46339557,0.038772702,394.86536,0.0,0.0,11.137453,0.0005865877,0.00046489894,0.004882141
0,4528.0,31.752224,9.615811,60.0,36.0,24.0,23.0,254.3367,105.6353,0.17643549,0.048323855,364.9764,1.3238524,34.316837,12.399973,0.0055289515,0.013535536,0.012288099
0,4417.0,4.6971164,12.60414,60.0,36.0,24.0,23.0,149.59825,72.16774,0.7752731,0.92172134,10.438359,0.0,11.634542,11.897316,0.0,0.0,0.0
0,4584.0,27.625628,9.79763,60.0,34.0,27.0,27.0,229.45267,25.452055,0.6838373,0.53036934,446.08527,0.0,0.0,8.393977,0.0016535999,0.0036304886,0.012607671
0,2352.0,30.084978,10.386356,60.0,36.0,24.0,23.0,315.4671,123.396355,0.47593644,0.88750774,286.94666,7.798859,30.020256,14.290264,0.012449069,0.03766547,0.019189076
0,4487.0,34.258045,9.825806,60.0,38.0,26.0,24.0,386.44855,165.28986,0.17563464,0.1484714,949.5406,0.0,18.745918,39.445114,0.013154222,0.03893884,0.0023860924
0,2670.0,36.603287,9.934998,60.0,35.0,19.0,25.0,199.56482,28.72345,0.36751044,0.8243816,318.3416,44.72908,0.0,44.72908,0.037767395,0.035038147,0.022380298
0,3892.0,19.456621,11.480308,30.0,37.0,22.0,28.0,612.3279,267.9006,0.16438964,0.04824424,91.8106,206.88281,77.66854,78.531364,0.018174153,0.03502126,0.028445493
0,266.0,1.2939055,12.856536,40.0,34.0,22.0,8.0,1040.1959,788.8151,0.9799717,1.0,6.453611,358.28748,272.02182,241.41158,0.17703822,0.030220376,0.098545775
0,5288.0,28.756445,10.289111,60.0,36.0,24.0,23.0,121.32808,0.16321313,0.38296887,0.24108525,172.49615,0.0,0.0,8.295458,0.0,0.0,0.0
0,5341.0,32.82595,9.460579,60.0,36.0,24.0,23.0,113.52615,1.2409267,0.37278363,0.29315588,908.0579,0.0,0.0,5.2734184,0.0,0.0,0.0
0,5139.0,15.316545,10.962122,100.0,36.0,24.0,23.0,134.70836,46.742233,0.41818058,0.42873582,59.702316,0.0,0.0,18.440363,0.0,0.0,0.0
0,5753.0,33.802628,10.101591,60.0,36.0,24.0,23.0,175.74554,75.92681,0.4966849,0.2839993,1058.4722,0.0,9.318756,8.650758,0.0,0.0,0.0
0,4645.0,31.336275,10.024979,60.0,44.0,20.0,28.0,229.54578,56.728573,0.13764805,0.09464785,176.19531,5.2885814,0.45869297,19.411572,0.0009022285,0.0006516231,0.013754985
0,4367.0,5.7154465,12.000504,60.0,36.0,24.0,23.0,121.115326,5.0017304,0.7849848,0.89955384,74.082466,1.8505354,0.0,8.6696825,0.0011629115,0.00048696948,0.0052894694
0,5684.0,28.939732,9.778304,60.0,36.0,24.0,23.0,117.46926,2.213572,0.22697423,0.11842296,596.5509,0.0,0.0,14.055806,0.0,0.0,0.0
0,4830.0,4.6292877,12.006919,60.0,32.0,31.0,26.0,106.45271,8.484036,0.7407692,0.7920461,20.963903,0.0,0.0,9.131137,0.00035962567,0.000572071,0.0008328743
0,4514.0,35.31417,9.427691,60.0,39.0,22.0,28.0,200.42618,8.679064,0.112667456,0.16943163,718.49243,0.0,0.038877573,27.243998,0.003419221,0.0015608659,0.013575986
0,3881.0,35.104286,10.056042,60.0,35.0,22.0,23.0,347.77606,204.85493,0.7701967,0.79758745,757.4758,0.0,33.591663,39.394077,0.0028516848,0.0059744255,0.00664327
0,5759.0,40.034702,9.445351,70.0,30.0,29.0,29.0,209.15712,25.288372,0.16840717,0.058467943,1066.7611,0.0,0.0,12.946823,7.356405e-05,0.04302233,0.0073423237
0,5576.0,25.600338,10.025583,60.0,28.0,29.0,33.0,116.33375,8.158691,0.30403814,0.08343926,286.03223,0.0,0.0,10.46974,0.00010225141,0.00012865185,0.0033622826
0,5427.0,12.428656,11.649248,60.0,26.0,31.0,27.0,194.58528,66.29836,0.6175714,0.16217445,83.7516,0.0,0.0,10.882204,0.0042942353,0.012567627,0.0016568319
0,5482.0,38.243904,9.541876,70.0,38.0,22.0,35.0,410.17676,207.1229,0.6777243,0.08056415,941.65027,73.54493,50.378536,73.54493,0.001075633,0.007795964,0.011999934
0,5627.0,29.42675,9.909116,60.0,24.0,35.0,28.0,119.15625,10.318132,0.2970175,0.09526052,272.11295,0.0,0.0,10.015068,0.00023669073,0.00038202273,0.0040575415
0,3541.0,36.75484,10.215248,30.0,40.0,19.0,28.0,580.27014,299.29416,0.082787484,0.053390026,230.2495,389.09622,130.00845,269.0679,0.049763035,0.10319321,0.026683867
0,826.0,18.972807,10.074383,10.0,38.0,25.0,16.0,1301.8611,1015.8446,0.96453947,0.9995216,231.14363,594.5518,337.57883,321.6664,0.06812564,0.01226427,0.025497071
0,3909.0,29.263905,9.787524,30.0,36.0,24.0,23.0,303.1911,65.78678,0.4868647,0.5398068,296.01685,0.0,5.3234305,24.817625,0.00022156889,0.00065919553,0.00054684276
0,5556.0,32.378067,9.822065,60.0,36.0,24.0,23.0,164.76248,40.92726,0.5285031,0.31793767,786.5315,0.0,0.0,27.616425,0.0006130895,0.00042859942,0.007819363
0,5420.0,18.114025,10.432095,60.0,36.0,24.0,23.0,137.1404,50.889194,0.51137584,0.41067305,270.95984,0.2617306,0.0,7.664872,0.0,0.0,0.0
0,4526.0,37.29891,9.421583,60.0,33.0,23.0,23.0,248.39432,90.85197,0.19336283,0.34223098,835.5336,0.0,17.842012,15.835604,0.027164023,0.025259377,0.006263345
0,3357.0,23.56928,10.636713,100.0,39.0,23.0,29.0,331.03296,117.5556,0.20730032,0.31932193,131.35547,40.918358,42.559135,30.333925,0.0075291665,0.15464541,0.02556736
0,4499.0,35.422447,9.918646,60.0,43.0,19.0,29.0,183.4521,22.579622,0.21668921,0.09903332,287.81836,7.6518865,0.5771713,22.666246,0.003152298,0.0005936989,0.010990522
0,2944.0,27.824797,9.754794,60.0,34.0,25.0,25.0,171.90378,20.057852,0.65490526,0.8902984,702.4065,2.3848612,0.7888067,11.379068,0.028674684,0.057869144,0.021837736
0,270.0,1.3591231,12.901543,40.0,34.0,22.0,9.0,1165.6635,908.9846,0.97880816,0.9995635,3.5492215,528.5939,301.51782,349.56738,0.1552816,0.02131182,0.07225778
0,2287.0,22.766584,10.50503,10.0,34.0,21.0,16.0,691.35614,350.8576,0.5350414,0.9020712,606.0384,273.96185,122.1216,156.54964,0.0736731,0.027203098,0.040744692
0,4082.0,31.182484,9.807896,60.0,36.0,24.0,23.0,282.24026,116.51462,0.03793104,0.037806988,2710.8137,0.0,23.115734,12.990978,0.0026657106,0.006013207,0.010619694
0,5875.0,32.783264,9.549568,60.0,31.0,36.0,34.0,209.78896,90.796364,0.3136742,0.04249089,763.5814,1.7032093,6.6787806,12.658996,0.00022778941,0.00022435715,0.008128695
0,5416.0,20.42638,9.935332,60.0,30.0,31.0,29.0,168.4569,17.703308,0.2361291,0.06314653,276.6138,0.0,0.0,6.438244,0.000645302,0.0011667426,0.0050524394
0,4592.0,32.496983,9.61955,100.0,37.0,18.0,29.0,303.53885,82.863525,0.39412677,0.37349787,1554.7894,51.729076,12.900877,35.221035,0.025265655,0.06268623,0.0219701
0,3463.0,36.780506,10.216571,100.0,44.0,19.0,26.0,463.33722,256.21854,0.09588284,0.13660094,291.01736,406.6803,88.22146,285.12274,0.024418116,0.094604395,0.01429011
0,4873.0,26.703571,10.177436,60.0,36.0,24.0,23.0,406.75714,243.43834,0.049670096,0.034946397,431.6084,4.025864,44.499004,41.600513,0.00089738565,0.0019191315,0.009532866
0,3953.0,34.78801,9.85853,30.0,39.0,20.0,33.0,253.75504,21.140148,0.31044456,0.2958133,649.4453,35.84884,0.0,33.927654,0.021983026,0.011889764,0.015328987
0,1648.0,2.2974968,12.844254,40.0,23.0,28.0,14.0,540.787,204.03127,0.6003664,0.9624003,24.513407,58.31587,60.871616,83.38529,0.052504044,0.022407105,0.019484673
0,4860.0,21.303753,10.66902,70.0,41.0,21.0,28.0,735.5463,469.3042,0.09037397,0.039391305,482.3292,410.44473,182.0721,228.23605,0.02612252,0.033125155,0.0132640675
0,4902.0,5.8671393,20.342728,60.0,34.0,26.0,22.0,117.36627,15.617993,0.72876,0.5579904,1.0319092,0.0,2.8916458e-10,14.38198,0.0011369775,0.0015880784,0.0005615252
0,6104.0,42.726696,9.444235,70.0,36.0,24.0,23.0,480.86154,257.6676,0.33379787,0.21337439,1362.3773,22.508608,118.17457,32.53551,0.0065095434,0.026470616,0.0066670566
0,5404.0,27.000496,10.091929,60.0,23.0,39.0,24.0,111.270935,11.082945,0.42381507,0.28915057,187.07059,0.0,0.0,5.9462857,0.00022122228,0.0004300188,0.00061797746
0,4795.0,14.453431,11.208879,70.0,37.0,27.0,25.0,253.54198,74.80114,0.090329394,0.010641445,172.05028,0.0,0.0,16.531557,0.009418891,0.025030198,0.0018177019
0,5346.0,12.042998,10.891648,60.0,27.0,34.0,25.0,97.91415,5.548266,0.78075314,0.57442415,115.31355,0.0,0.0,4.615987,0.00019589915,0.00039008493,0.00058099395
0,3658.0,29.287437,9.6437025,100.0,33.0,21.0,23.0,372.79877,103.198364,0.06652177,0.105150186,705.47784,105.93182,21.668018,70.5413,0.11713804,0.046299037,0.039242804
0,4147.0,13.315412,11.263798,30.0,38.0,22.0,21.0,306.75992,125.31421,0.29013357,0.2651362,542.1904,0.0,0.0,16.04725,0.013213799,0.051716894,0.004086199
0,4425.0,14.109767,10.627665,60.0,36.0,24.0,23.0,219.19814,135.392,0.64688456,0.8785585,163.08914,0.75265914,10.888917,23.408371,0.0,0.0,0.0
0,5861.0,28.41896,9.626226,60.0,29.0,38.0,33.0,123.473045,8.068313,0.46520883,0.08189092,413.55203,0.0,0.0,7.4726562,0.00014871564,0.00023316618,0.0035873267
0,4098.0,28.5563,10.586599,70.0,37.0,19.0,29.0,591.60864,232.35231,0.066195495,0.05884275,788.1252,166.9146,96.05039,166.9146,0.04820913,0.05323081,0.022938078
0,5344.0,10.63876,11.150737,60.0,33.0,31.0,31.0,173.7853,14.155804,0.42599338,0.038971767,74.01806,0.0,0.0,7.104994,0.0011161328,0.0019728362,0.0048576514
0,5266.0,22.609642,10.404674,70.0,41.0,16.0,31.0,296.3193,127.55899,0.11716755,0.043026388,571.01605,0.0,39.644066,26.879765,0.00043628644,0.006293642,0.00062179565
0,4603.0,34.04243,9.678894,60.0,36.0,27.0,25.0,346.58237,116.162575,0.027883109,0.027910693,907.4239,0.0,10.299649,28.419739,0.021171808,0.051595762,0.0042577297
0,4760.0,29.7208,10.473243,70.0,36.0,24.0,23.0,388.66373,228.93892,0.5238915,0.5933692,3469.8037,0.0,41.843323,41.517025,0.0012665541,0.002751986,0.0060137315
0,0.0,0.0,20.305656,0.0,39.0,30.0,14.0,360.29306,151.24031,0.5238915,0.5933692,0.15843163,0.0,0.0,0.0,0.09135817,0.08863318,0.03912465
0,4407.0,35.303593,9.80879,100.0,41.0,22.0,35.0,677.1943,453.25415,0.11667313,0.040699568,691.74567,343.8656,141.79224,225.19855,0.007723229,0.010289252,0.022028515
0,5643.0,37.838886,9.424765,70.0,39.0,22.0,29.0,175.07784,26.262093,0.22633342,0.117966294,1304.2327,0.0,7.029743,7.769239,0.00046753342,0.0012078433,0.0071794
0,5463.0,12.329688,11.382888,60.0,25.0,35.0,26.0,136.62979,11.056648,0.5873254,0.3457462,36.6388,0.0,0.0,6.052669,9.029928e-05,0.00012524307,0.0041679945
0,1815.0,2.5782998,12.138626,10.0,26.0,26.0,14.0,745.7362,319.24258,0.65943664,0.9791578,104.566765,221.63101,95.68966,196.71944,0.29003298,0.37708783,0.12869188
0,4721.0,37.588352,9.366502,70.0,36.0,24.0,23.0,145.0843,13.250496,0.27129143,0.22609384,1218.966,0.0,0.019110674,8.168069,0.0071927374,0.013200915,0.019398594
0,5012.0,31.85522,9.76557,70.0,36.0,24.0,23.0,938.9997,550.1383,0.08342734,0.04150533,743.00574,386.65576,139.60963,284.56873,0.032660715,0.09255637,0.023298219
0,4742.0,19.806185,10.338545,60.0,40.0,17.0,29.0,568.20044,223.45999,0.08797594,0.030039195,263.26447,111.90898,50.925797,111.90898,0.007983117,0.03369871,0.019925904
0,5127.0,36.388103,9.445842,70.0,34.0,24.0,27.0,197.93454,25.006435,0.058804918,0.01465864,948.5321,0.0,0.0,12.015122,0.002647331,0.0059385384,0.010491658
0,5074.0,19.048958,10.7979355,70.0,42.0,18.0,32.0,269.78134,39.912884,0.54100436,0.16287675,206.30435,1.5725828,17.75525,13.670319,0.0,7.439746e-05,5.306772e-05
0,5246.0,27.792505,9.644691,60.0,36.0,24.0,23.0,130.2482,1.5821177,0.61392117,0.71924245,597.02875,0.120207936,0.0,10.229128,0.0,0.0,0.0
0,1915.0,25.9628,10.19895,30.0,37.0,28.0,14.0,1190.5032,666.86804,0.3921964,0.88554305,174.77335,413.24942,236.40813,218.92888,0.17434226,0.07503749,0.07545458
0,3194.0,34.83466,9.654565,60.0,41.0,19.0,27.0,367.29584,153.30653,0.6782114,0.91157037,471.52963,84.88086,0.0,89.975464,0.006573411,0.0036473277,0.0126075465
0,5143.0,3.034356,12.550168,60.0,36.0,24.0,23.0,122.36762,8.671818,0.7527765,0.8608438,4.976557,0.0,0.0,5.5544777,0.00017556247,0.00021687915,0.0002600623
0,4773.0,26.766642,10.446928,60.0,35.0,26.0,24.0,330.16443,156.98721,0.16191332,0.07993615,204.8746,0.0,21.493185,16.475475,0.010731469,0.030617962,0.0054770145
0,2272.0,36.267406,10.53082,10.0,27.0,23.0,16.0,802.0502,394.71365,0.10910161,0.4696894,151.66254,201.80005,76.62458,254.81406,0.075907275,0.042459927,0.021682456
0,3368.0,37.31813,9.7044,60.0,40.0,22.0,26.0,211.81097,45.87659,0.41659537,0.69734347,388.18823,37.554096,0.0,21.426304,0.0039895354,0.009783376,0.018526226
0,5263.0,1.8012359,20.00206,60.0,36.0,24.0,23.0,111.06184,6.8081427,0.7982055,0.76300967,0.00685809,0.0,0.0,6.794017,0.00012843873,0.0002606708,0.0006058419
0,3842.0,6.954722,11.617983,100.0,36.0,24.0,23.0,536.965,184.53339,0.036663346,0.038930513,24.228083,0.0,53.45788,79.72057,0.10552871,0.1537774,0.05389154
0,3131.0,24.323635,10.014573,60.0,36.0,24.0,23.0,222.85718,36.64841,0.76073694,0.8896867,129.5476,0.0,0.0,13.942037,0.004345715,0.0102307545,0.0011299814
0,3809.0,33.784103,9.840913,100.0,38.0,19.0,24.0,215.91626,36.178528,0.22743544,0.37565312,570.2197,3.3704615,0.9294617,21.286182,0.025914814,0.031225847,0.016984414
0,3161.0,22.45926,10.599353,60.0,41.0,22.0,30.0,405.96628,128.94194,0.12564242,0.4158236,176.30466,65.023125,8.50678,53.398914,0.015676765,0.021064634,0.020668248
0,1593.0,1.6445788,18.389677,40.0,24.0,28.0,13.0,599.7383,250.1805,0.6336066,0.9685169,0.101638466,262.5992,85.78117,173.47006,0.13309304,0.18795244,0.04117098
0,4818.0,28.154615,10.327632,60.0,36.0,24.0,23.0,367.9271,188.8719,0.2146633,0.05624087,171.94627,0.0,1.7402011,27.956757,0.008269064,0.067540534,0.0078098765
0,5816.0,25.126017,10.085901,70.0,36.0,24.0,23.0,117.51258,1.4779881,0.29613057,0.11946226,820.8962,0.010859021,0.0,11.913179,0.0,0.0,0.0
0,4648.0,26.626814,10.6479025,70.0,40.0,19.0,30.0,683.78217,430.80106,0.07863596,0.004080515,345.38892,211.09149,207.03946,211.09149,0.0048529757,0.011090846,0.01674202
0,4283.0,29.770433,10.097497,60.0,36.0,24.0,23.0,283.68948,152.8354,0.08746771,0.024837643,280.3916,0.0,30.045015,30.302221,0.025185272,0.17979737,0.017114652
0,3968.0,31.601274,10.40322,60.0,38.0,21.0,30.0,287.78906,75.08978,0.2509922,0.06571617,214.84708,3.648543,28.541382,11.867551,0.0021225768,0.033278495,0.003328435
0,3240.0,33.9663,9.574938,10.0,36.0,24.0,23.0,358.27765,102.42253,0.29059234,0.63604844,726.0965,0.0,34.392185,24.930666,0.07173312,0.07427251,0.030530551
0,5578.0,34.27878,9.571733,60.0,33.0,25.0,34.0,163.25864,28.426046,0.32086813,0.03834274,723.8259,0.3181694,0.0,16.174398,0.000390877,0.00090148684,0.013525734
0,5477.0,23.37862,10.6561775,60.0,36.0,24.0,23.0,198.81363,48.388237,0.24424559,0.0030186425,168.39061,12.825973,0.0,21.676844,0.00052694674,0.0007812545,0.011152332
0,4609.0,5.9845953,11.336202,60.0,39.0,21.0,28.0,326.20615,132.93523,0.21998744,0.044764925,76.9487,8.026398,18.811073,11.024204,5.267578e-05,0.0001876747,0.0010329239
0,5242.0,29.812761,9.895899,60.0,36.0,24.0,23.0,164.20093,82.341576,0.85515654,0.89232796,636.0828,7.2629066,11.372576,15.121673,0.0,0.0,0.0
0,4226.0,32.153336,9.449928,100.0,36.0,17.0,29.0,501.8794,202.09125,0.049680095,0.027955038,853.1813,237.36365,38.85921,183.03795,0.1450535,0.08854228,0.035339158
0,1659.0,25.429564,9.785144,60.0,36.0,24.0,23.0,552.5485,242.92212,0.9416615,0.9814592,310.40958,0.0,49.494343,84.80262,0.022663835,0.02669223,0.011021116
0,4455.0,34.60894,9.621176,100.0,41.0,19.0,28.0,237.87395,61.398125,0.10357827,0.10488776,528.9585,89.26826,0.0,89.26826,0.01327779,0.022331005,0.022161217
0,5172.0,19.155554,10.532602,70.0,40.0,19.0,29.0,212.74414,41.730507,0.1425312,0.05730033,374.31213,4.91982,0.89966655,12.04127,0.008180046,0.02120693,0.02488545
0,3157.0,19.900272,11.182738,40.0,31.0,21.0,21.0,976.5421,597.4157,0.07872245,0.09031814,67.99438,320.77423,186.02325,320.77423,0.04299328,0.06149641,0.020273492
0,2326.0,28.517612,10.312672,60.0,43.0,20.0,22.0,182.05852,29.466864,0.87572235,0.9836682,89.54139,0.0,0.0,9.853732,0.00034720634,0.0008032936,0.0004291739
0,5064.0,14.816769,10.570412,60.0,36.0,24.0,23.0,191.54945,33.61831,0.13454574,0.11149751,145.4157,3.4445553,0.0,20.42877,0.0008219173,0.0010246534,0.012249335
0,6001.0,35.57867,9.571428,70.0,40.0,17.0,33.0,211.64352,57.13992,0.5624628,0.11778366,935.39465,0.0,15.075008,8.598246,0.00012634187,0.0035704284,0.00091607624
0,1919.0,30.072828,10.006773,10.0,27.0,29.0,16.0,1251.527,552.60724,0.6238047,0.92819875,246.39786,291.99374,161.3898,291.99374,0.19143532,0.031290516,0.07414895
0,5755.0,8.394664,10.949648,60.0,30.0,35.0,32.0,128.47598,10.660173,0.41122946,0.029196836,373.41208,0.0,0.0,5.84468,0.00024125252,0.00025289322,0.0038812442
0,3631.0,28.661032,9.721949,60.0,38.0,22.0,26.0,221.76602,40.476627,0.6668513,0.82599884,738.9361,50.33469,0.0,38.750546,0.018853184,0.014723936,0.012937988
0,5124.0,1.4544492,20.40663,60.0,36.0,24.0,23.0,121.33391,24.13385,0.10100755,0.057097107,0.005282049,0.4855704,0.0,6.557648,0.0,0.0,0.0
0,5136.0,6.022278,16.958616,80.0,36.0,24.0,23.0,124.87491,35.73741,0.59682745,0.4067965,12.368517,0.9597932,0.1601211,8.826359,0.0,0.0,0.0
0,4032.0,34.940605,9.544797,30.0,36.0,24.0,23.0,255.35109,52.861294,0.34031183,0.3985124,834.9862,0.0,4.733773,13.406904,0.00038830953,0.0012754317,0.00095334335
0,4771.0,36.261955,10.066385,60.0,37.0,24.0,26.0,428.7603,240.71086,0.35671264,0.12579198,1575.6775,16.122864,53.3599,32.570877,0.0062069735,0.011830144,0.0017774735
0,1975.0,26.588728,9.702054,30.0,26.0,28.0,15.0,1482.4128,796.8255,0.5840126,0.9452097,421.6462,266.6696,227.86307,246.93605,0.29059133,0.04764766,0.1068894
0,4376.0,18.662086,11.209319,60.0,36.0,24.0,23.0,212.75359,81.25086,0.45725718,0.60632795,54.283672,27.43732,6.134456,27.43732,0.00023169824,0.00040069324,0.00816243
0,287.0,2.3479984,12.757219,40.0,36.0,22.0,6.0,982.86346,725.7159,0.9893526,0.9947497,15.911329,225.719,205.51953,204.44826,0.13662814,0.024988493,0.08769618
0,4087.0,17.611578,10.441134,100.0,36.0,24.0,23.0,279.66217,53.507145,0.07523739,0.054689795,319.76584,0.0,31.71472,16.935223,0.011594551,0.03621011,0.01346728
0,1361.0,28.843773,9.595943,20.0,36.0,29.0,16.0,1140.5284,764.29083,0.86515105,0.9919469,409.0628,448.60257,279.14426,230.58246,0.1401276,0.036563713,0.04396864
0,4381.0,41.27594,9.573111,60.0,36.0,24.0,23.0,267.58295,93.84682,0.7481381,0.67146724,437.17014,0.0,0.0,15.358208,0.012165813,0.030504428,0.00246655
0,4775.0,29.962357,10.450828,70.0,43.0,15.0,31.0,557.6602,321.0268,0.042378303,0.021184726,768.1359,222.14188,123.98462,116.06032,0.035701476,0.04017117,0.021611515
0,5388.0,29.52419,9.939291,60.0,36.0,24.0,38.0,249.63118,71.88719,0.020587234,0.0013663886,541.70624,6.482493,2.883137,25.214981,0.00024747674,0.004826609,0.00915663
0,4505.0,32.887234,9.979432,60.0,41.0,20.0,29.0,192.61421,30.222857,0.17902304,0.19526756,319.1259,10.8358,0.4043435,16.050638,0.001227301,0.0016405513,0.018145327
0,5416.0,14.105047,10.658907,60.0,36.0,24.0,23.0,122.55591,24.957376,0.8080186,0.6677994,166.50287,1.2809535,0.0,6.625672,0.0,0.0,0.0
0,5179.0,30.413963,9.810767,60.0,36.0,24.0,23.0,165.54805,41.763813,0.47293374,0.32100764,377.924,0.0,0.0,31.174507,0.00056375464,0.00040353756,0.00975633
0,3314.0,43.83397,10.024057,10.0,43.0,19.0,25.0,516.7264,294.67984,0.08225464,0.17989026,287.8361,258.09436,87.28005,155.4614,0.038638715,0.07147702,0.020953266
0,4049.0,42.269325,9.352946,60.0,48.0,20.0,23.0,220.65596,85.245766,0.9182754,0.9598912,428.30084,12.381819,0.0,62.574047,0.0021882425,0.0010622422,0.0076009165
0,3567.0,39.60802,9.993933,30.0,38.0,18.0,29.0,446.98093,42.383102,0.03351319,0.047662523,309.30533,58.10125,5.952992,43.135635,0.016731428,0.09542715,0.018871536
0,5185.0,38.415394,9.837361,60.0,32.0,29.0,28.0,148.21657,37.508034,0.08347272,0.079986356,373.4981,25.336405,5.3421926,25.336405,0.0016815445,0.0012237596,0.011748195
0,4835.0,27.87014,9.68872,60.0,37.0,21.0,29.0,355.64017,120.21753,0.063131735,0.022275018,334.1146,28.263275,17.82671,61.196686,0.015046742,0.028673138,0.012693305
0,1413.0,33.27384,10.074282,10.0,30.0,24.0,15.0,1839.599,921.9662,0.71716654,0.9744812,115.01388,543.23145,203.7392,395.70837,0.3743852,0.20409416,0.1255514
0,4789.0,20.651468,11.169061,60.0,37.0,24.0,24.0,133.56319,21.59586,0.5241164,0.22405027,86.10137,16.42677,5.979514,9.634807,0.0019590622,0.0014291761,0.016283425
0,5244.0,8.999361,11.019501,60.0,30.0,35.0,26.0,119.54699,1.98796,0.4846509,0.35201955,170.62521,0.0,0.0,8.0281515,0.00011864583,0.00013538402,0.007900427
0,4493.0,12.195362,10.770049,60.0,36.0,24.0,23.0,151.71278,75.73719,0.81203675,0.9480326,68.20815,0.0,12.178425,14.315898,0.0,0.0,0.0
0,4768.0,29.039185,10.209254,60.0,44.0,23.0,30.0,190.3237,32.800255,0.09275821,0.051138703,467.05856,14.030171,0.0,21.829948,0.0013812442,0.0005491737,0.011498519
0,5672.0,29.475445,9.6196785,60.0,36.0,24.0,23.0,139.11476,21.489464,0.21492098,0.055531308,569.99646,0.2787574,0.0,5.233598,0.00057777413,0.00037891287,0.016412824
0,5933.0,29.189058,9.901498,70.0,36.0,24.0,23.0,126.42151,4.8741345,0.36892322,0.0629414,976.1945,2.427049,0.0,6.668331,0.000737239,0.0003102827,0.0069414265
0,5888.0,27.155226,9.68786,70.0,36.0,24.0,23.0,207.78258,104.79242,0.50420344,0.014759479,239.96333,7.795498,3.5824156,27.561348,0.0089449175,0.035100475,0.0043672496
0,4657.0,37.54963,9.33756,60.0,48.0,18.0,21.0,205.01591,70.81639,0.3776671,0.680921,888.35297,10.336876,0.0,45.771564,0.002313686,0.0011255218,0.0076562837
0,5660.0,16.253279,10.609138,60.0,36.0,24.0,23.0,234.35869,156.30376,0.51342523,0.18521786,540.9433,0.0,11.138334,19.350916,0.0,0.0,0.0
0,4687.0,23.113241,9.881486,60.0,36.0,26.0,25.0,248.83536,94.82272,0.66198945,0.5302253,656.99854,0.0,1.393754,33.275158,0.007569466,0.020718165,0.0035902942
0,5376.0,26.941626,9.817706,70.0,36.0,24.0,23.0,162.05093,65.05165,0.265188,0.12670626,232.5039,5.6898446,0.23575737,10.159449,0.003525093,0.010601383,0.0014613223
0,5866.0,18.195906,10.551452,70.0,40.0,25.0,28.0,238.92258,115.71519,0.57820463,0.050715704,494.99814,0.0,4.152573,15.507657,0.0009331787,0.001671679,0.001619225
0,322.0,3.8244612,11.841222,20.0,32.0,20.0,7.0,1099.8226,801.4589,0.98637724,0.9966679,12.556166,222.15164,283.68335,222.15164,0.05231388,0.009159188,0.030126631
0,1156.0,29.65272,9.673146,30.0,33.0,31.0,15.0,971.31085,499.72675,0.44731402,0.962404,314.5919,377.83264,142.75203,231.21895,0.08808139,0.019972246,0.04495305
0,3469.0,34.17555,9.463777,60.0,40.0,22.0,25.0,201.37651,32.884014,0.6869064,0.81279325,721.6149,0.0,0.005228822,11.152154,0.0004803569,0.0012637898,0.00038081707
0,3954.0,23.357063,10.665846,100.0,37.0,16.0,28.0,474.18942,146.44142,0.08321573,0.059952818,208.07703,48.30552,29.528713,48.30552,0.018282114,0.038738392,0.02302493
0,5027.0,16.726076,10.918508,60.0,36.0,24.0,23.0,134.20381,11.709988,0.42999676,0.27707437,288.20786,0.0,0.0,10.685795,0.0020304236,0.0013449395,0.010021066
0,4636.0,21.384981,10.741163,60.0,39.0,17.0,30.0,398.063,119.325836,0.028260129,0.0072207437,359.43918,41.485065,14.258505,48.06459,0.00707006,0.020326063,0.020134773
0,5514.0,32.556408,9.662541,70.0,38.0,23.0,31.0,447.79642,292.87787,0.16080905,0.050481446,963.3438,2.6539361,68.208885,40.492264,0.008300108,0.04531017,0.0048637367
0,5371.0,28.084032,9.916011,70.0,37.0,24.0,29.0,431.1776,257.87695,0.1967298,0.022583649,587.87616,21.71858,39.3632,81.51762,0.0006221263,0.0013101202,0.01663761
0,5289.0,29.111885,10.392025,70.0,36.0,24.0,23.0,682.56464,352.2702,0.14594305,0.06673312,746.79285,412.58548,107.00627,160.40672,0.03935282,0.12319094,0.026919568
0,248.0,1.326593,13.309168,40.0,38.0,21.0,4.0,1049.7422,812.0332,0.97957724,1.0,2.0032122,370.0979,243.03949,201.757,0.1658884,0.026974332,0.09547841
0,2457.0,16.252108,10.295753,30.0,38.0,23.0,14.0,1070.6759,428.35086,0.120180905,0.6798548,141.99342,218.49355,135.53293,215.5879,0.34613526,0.2439639,0.09923342
0,4888.0,22.43058,10.165582,60.0,36.0,24.0,23.0,206.62508,63.06758,0.80610317,0.9065974,488.0348,13.077719,5.7723007,14.498022,0.0,0.0,0.0
0,46.0,7.325892,17.20175,0.0,29.0,27.0,1.0,735.03314,566.08435,0.5238915,0.5933692,38.045296,255.98552,130.34143,255.98552,0.12952062,0.013780472,0.07772948
0,4222.0,25.454195,9.761266,60.0,36.0,24.0,23.0,808.2391,305.19675,0.10723406,0.18535832,651.3559,2.817333,21.579897,26.899187,0.009741895,0.028684046,0.008029629
0,4942.0,12.40666,11.306217,70.0,42.0,19.0,28.0,515.6731,278.19247,0.09017328,0.013073403,109.98058,71.21797,72.80558,70.39151,0.00087078457,0.020356713,0.0047880714
0,4489.0,25.326792,10.501438,70.0,36.0,24.0,23.0,288.95505,85.510895,0.064905405,0.091880135,951.67914,1.6467546,23.248755,11.307672,0.0056837806,0.031090006,0.016251968
0,3010.0,30.658125,10.059991,60.0,36.0,24.0,23.0,688.05597,265.92856,0.058665227,0.12637436,642.74805,144.48837,52.892487,189.50769,0.09156569,0.060353916,0.030937383
0,4320.0,30.50264,10.308171,100.0,42.0,20.0,29.0,262.3072,66.04131,0.22822788,0.15525731,262.61032,68.49095,0.0,47.80235,0.004286513,0.0034655319,0.009960795
0,4533.0,23.424679,10.161368,60.0,37.0,19.0,29.0,479.64926,244.67165,0.081526555,0.037004963,254.0912,158.82259,60.166336,158.82259,0.013571166,0.08074111,0.017175043
0,1058.0,24.735285,10.503672,40.0,42.0,26.0,15.0,1232.9404,883.16516,0.8349613,0.98040175,118.72516,463.75873,346.44263,225.41312,0.0856181,0.07821791,0.036234405
0,4896.0,20.283361,10.518072,60.0,39.0,25.0,34.0,186.35316,14.872777,0.08041881,0.015748769,200.6685,0.0,0.058608904,27.314493,0.0034427966,0.0016716253,0.011496284
0,4769.0,20.487133,10.205633,60.0,36.0,24.0,23.0,111.39946,5.8944416,0.7459206,0.9312372,486.34134,0.63259387,0.0,7.6514997,0.0,0.0,0.0
0,5325.0,29.3363,9.8248,60.0,29.0,30.0,24.0,180.96692,33.323803,0.36595574,0.18578541,444.45474,0.0,0.0,19.304583,0.0003278297,0.00053365424,0.0053881295
0,4451.0,28.509556,9.76123,60.0,42.0,20.0,29.0,184.07584,41.261288,0.16968082,0.1987754,269.5003,14.356564,0.0,22.497986,0.0028134366,0.0010450267,0.01022102
0,2533.0,29.483711,10.14588,30.0,35.0,17.0,20.0,491.10544,211.78477,0.16279925,0.5424312,415.8847,228.39403,93.96569,171.29552,0.08386784,0.055486575,0.032187086
0,5147.0,35.68462,9.810817,60.0,36.0,23.0,26.0,146.78491,8.961721,0.3925762,0.17725453,1192.2864,0.0,0.000872806,5.7417974,0.003397122,0.008916102,0.013925471
0,821.0,27.26736,9.690714,10.0,35.0,24.0,17.0,1172.401,855.3299,0.95658404,0.99781036,286.51224,528.3391,212.7406,417.6814,0.06467321,0.00981415,0.02615475
0,545.0,3.3416262,11.670094,60.0,36.0,24.0,23.0,1218.0815,812.3044,0.9869535,0.99957573,239.96333,0.0,307.99445,131.90924,0.16242559,0.06170617,0.08268051
0,4020.0,22.57001,10.9994335,30.0,38.0,18.0,28.0,566.55096,275.77048,0.06432174,0.054225504,447.8485,420.14005,106.87135,301.97583,0.06267011,0.10956095,0.027762497
0,5921.0,28.180471,10.242077,60.0,36.0,24.0,23.0,175.192,44.198967,0.4262084,0.116755374,563.5021,17.474081,0.0,19.652994,0.0006045592,0.000567577,0.004766299
0,5581.0,23.671116,10.165195,60.0,32.0,35.0,32.0,149.7839,29.789467,0.6293107,0.075467445,446.77417,3.7175407,0.0,10.361413,0.0019583118,0.0008961183,0.009065583
0,4346.0,23.57265,11.634094,60.0,36.0,24.0,23.0,350.40015,228.5769,0.122581385,0.017243335,116.59172,0.0,40.732513,45.838017,9.886355e-05,0.0004162694,0.0122157885
0,1522.0,23.486423,9.731163,30.0,30.0,29.0,17.0,1482.979,910.3899,0.92973214,0.9845111,437.00403,402.829,208.45328,402.829,0.33225983,0.08141016,0.11730374
0,1843.0,3.736568,11.698827,10.0,23.0,29.0,12.0,685.62427,274.0534,0.6080711,0.9668105,224.57593,203.6927,81.04742,162.95416,0.109947704,0.028172312,0.03692874
0,5735.0,31.90034,9.45748,60.0,29.0,28.0,29.0,118.587036,17.353146,0.24500526,0.18124501,1349.6694,0.0,0.0,7.71841,0.00093889085,0.0012573542,0.00063968584
0,5047.0,26.222912,9.882827,60.0,36.0,24.0,23.0,175.22726,41.886036,0.25322837,0.3870796,651.2194,10.212889,0.0,11.033761,0.0006164802,0.0005769709,0.008078293
0,5628.0,32.543564,9.298029,70.0,33.0,25.0,30.0,168.87823,14.637803,0.12059398,0.049902838,564.29297,0.0,2.9206648e-10,5.1959205,0.00027970402,0.00063258555,0.0042693852
0,853.0,17.994408,10.308222,10.0,40.0,28.0,14.0,1326.2976,945.7363,0.991606,1.0,170.93967,557.81055,313.4947,255.00433,0.049265224,0.05070279,0.012270031
0,6215.0,29.383821,9.764,70.0,36.0,24.0,23.0,151.08728,38.381702,0.62415385,0.07683625,808.4251,1.2169865,0.0,8.653994,0.0012951695,0.00079760246,0.01567479
0,1667.0,26.760645,9.996663,10.0,39.0,29.0,15.0,1364.0269,867.1559,0.36745474,0.893926,254.82068,519.14075,343.59662,246.79338,0.15282679,0.076223865,0.07166604
0,2166.0,8.115004,11.802495,40.0,28.0,26.0,14.0,593.6005,230.43053,0.50817233,0.95114547,18.323484,274.96048,79.640495,173.142,0.07162688,0.032179236,0.02520278
0,5785.0,34.16017,9.462762,70.0,36.0,29.0,27.0,309.98575,138.62198,0.38102087,0.09834709,1034.2163,0.0,21.992584,15.853728,0.0088324305,0.028966092,0.0054316474
0,4668.0,34.931625,9.979304,60.0,36.0,24.0,23.0,82.65363,6.52149,0.1998807,0.113737755,1373.5,0.0,0.0,5.2686815,0.002125669,0.0055733547,0.01821774
0,5638.0,14.525656,11.006471,60.0,30.0,35.0,32.0,130.32437,13.346216,0.48110056,0.06442852,60.8144,0.0,0.0,9.395851,0.00020170372,0.00027274017,0.0040786676
0,3795.0,23.446356,10.665905,30.0,36.0,20.0,26.0,340.5169,124.24853,0.082663305,0.052282292,167.60292,36.003166,46.51657,31.52396,0.0034487862,0.05584413,0.022573017
0,3986.0,31.603573,9.656179,60.0,42.0,21.0,33.0,350.96164,104.50482,0.051424284,0.06300144,376.94003,51.033966,3.7109811,44.079983,0.0072258264,0.009961828,0.016409209
0,4793.0,40.88632,9.342102,60.0,39.0,17.0,28.0,311.55206,108.254845,0.17390472,0.1488143,1247.914,67.98802,11.938767,67.98802,0.007101308,0.03206771,0.020908814
0,5235.0,8.783811,11.385706,60.0,29.0,31.0,29.0,166.53093,14.778362,0.48976472,0.25142983,26.476652,0.0,1.6371774e-09,8.060943,0.00028221364,0.00054758583,0.0053293114
0,2999.0,34.889763,9.311767,10.0,36.0,24.0,23.0,959.3791,468.27243,0.07112325,0.3699899,752.5133,62.033195,131.03165,168.12675,0.067491904,0.037407223,0.035176218
0,2054.0,28.296543,10.273507,30.0,31.0,23.0,15.0,1556.6149,589.29584,0.4058454,0.8763234,144.57922,344.08777,143.33974,205.70377,0.3260584,0.22133315,0.10414389
0,4300.0,22.872202,10.5212145,60.0,43.0,18.0,33.0,609.8681,266.2922,0.051962897,0.012926859,111.14306,145.26257,93.68532,145.26257,0.02537553,0.05629032,0.027025746
0,5578.0,17.757511,10.428885,60.0,36.0,24.0,23.0,127.02562,37.04799,0.5238915,0.32924458,134.80269,1.547271,0.0,14.338643,0.0001876208,0.00030168935,0.00045809825
0,4746.0,28.820435,10.037826,60.0,33.0,28.0,24.0,212.53691,27.815905,0.41236302,0.41110924,131.07307,0.0,0.0,7.86323,0.0010981099,0.003028019,0.0059868563
0,5226.0,16.524912,10.983466,60.0,25.0,36.0,23.0,107.129845,9.969283,0.40153193,0.4203298,224.40535,0.0,1.347381e-08,5.7438574,0.00023919846,0.00043670175,0.0005883472
0,3055.0,16.716436,10.234852,60.0,37.0,27.0,27.0,255.13895,19.259972,0.42718005,0.7433989,234.85542,27.161057,0.0,29.151001,0.016162327,0.008445421,0.013884831
0,5570.0,24.42983,9.984763,60.0,36.0,24.0,23.0,120.44879,22.934563,0.67067575,0.6435493,282.2581,0.6783985,0.0,7.9642296,0.0,0.0,0.0
0,3874.0,34.75557,10.165005,30.0,40.0,19.0,29.0,900.93097,520.1136,0.06971543,0.046672434,251.02744,399.29742,148.79611,269.60156,0.02262301,0.1237632,0.024691535
0,4757.0,15.892345,11.423756,60.0,36.0,24.0,23.0,218.71007,105.59499,0.82082576,0.92657083,80.93767,6.937271,19.839657,23.073887,0.0,0.0,0.0
0,5314.0,27.030006,10.423185,70.0,44.0,16.0,30.0,321.43103,113.765015,0.6267315,0.1274047,256.96576,6.2863717,70.95482,18.177015,0.0,0.0,0.0
0,5602.0,17.212744,10.337569,60.0,36.0,24.0,23.0,107.93252,9.678873,0.42621833,0.4026179,280.09943,0.86904144,0.0,4.217103,0.0,0.0,0.0
0,5036.0,35.06136,10.05768,70.0,32.0,28.0,27.0,190.85347,9.78898,0.09111997,0.023666792,720.7297,0.0,0.0,6.510663,0.0016884917,0.0037367637,0.0050017233
0,4967.0,11.364132,14.664856,60.0,34.0,28.0,24.0,97.02789,3.7721002,0.7178604,0.7529141,36.62747,0.0,0.0,4.3005905,0.00016971555,0.0002600465,0.00052903197
0,5724.0,11.815432,10.98734,60.0,36.0,24.0,23.0,195.82304,100.4016,0.32482848,0.1579579,315.90833,9.414289,11.431759,13.910088,0.0018022921,0.004995396,0.002263749
0,3556.0,34.616196,9.655066,30.0,36.0,24.0,23.0,202.16566,38.449627,0.7332823,0.7814437,382.0521,0.0,0.78837407,7.874243,0.00012154731,0.00035140378,0.00031580284
0,3026.0,28.594633,10.068082,10.0,40.0,23.0,22.0,982.14325,591.8461,0.077801794,0.3091604,319.00372,407.40582,211.44408,203.70291,0.099395104,0.06693247,0.044888552
0,5039.0,27.390968,9.717951,60.0,42.0,22.0,32.0,196.3145,31.909822,0.07341797,0.019347733,690.73114,7.641926,4.9311047,18.047487,0.002698422,0.00071344734,0.011119166
0,1612.0,5.551997,11.601123,10.0,25.0,27.0,13.0,574.2904,210.94333,0.6473854,0.9683095,29.422977,109.47724,54.34014,54.968403,0.06897968,0.0287745,0.02324448
0,459.0,6.1526885,11.313867,20.0,36.0,24.0,23.0,1201.8384,807.8527,0.9846107,0.99358165,22.096182,38.886314,293.65323,103.11754,0.16999483,0.06632847,0.08802539
0,5598.0,29.939693,10.080777,70.0,36.0,24.0,23.0,474.03745,240.81967,0.0880024,0.023995167,856.06384,69.00384,65.96179,55.84844,0.0014972201,0.026041746,0.0052360124
0,4834.0,7.683702,11.709192,30.0,43.0,19.0,27.0,243.03928,122.90443,0.23327437,0.33423123,145.2973,25.832584,22.054703,43.92146,0.0030461396,0.001170931,0.009246829
0,2895.0,39.942425,9.829,30.0,36.0,24.0,23.0,306.68924,121.64954,0.41199085,0.68359584,1651.7415,14.210405,25.731941,15.936156,0.031464864,0.025212517,0.017425537
0,5258.0,24.740992,9.991537,70.0,36.0,24.0,23.0,309.59512,214.87947,0.062637985,0.047283094,3888.6353,0.0,35.527153,66.617386,0.00034919853,0.001091221,0.008801545
0,1859.0,30.753164,9.936997,10.0,36.0,24.0,23.0,989.6177,483.05917,0.153955,0.6324698,298.021,159.1577,118.27429,305.52008,0.09104018,0.046483055,0.042629257
0,5397.0,23.948296,10.49404,60.0,36.0,24.0,23.0,126.41205,21.591827,0.18995935,0.048566964,78.947784,0.0,0.0,12.281847,0.0,0.0,0.0
0,4487.0,30.018454,10.015903,60.0,51.0,14.0,22.0,169.73181,29.468637,0.46499947,0.68467075,285.89563,0.0,0.0,14.970141,0.0010760755,0.00057701836,0.0076799258
0,5196.0,29.093237,9.655203,60.0,39.0,23.0,31.0,188.60298,25.245384,0.051689103,0.0039047035,746.9639,13.204849,0.0,14.681463,0.0012910102,0.00060226105,0.011177238
0,4823.0,25.935368,10.271139,60.0,36.0,24.0,23.0,198.98029,103.21074,0.73293275,0.9065881,368.1778,1.6253933,14.717615,14.437238,0.0,0.0,0.0
0,1893.0,35.35278,9.343035,30.0,42.0,29.0,13.0,1239.0858,832.53076,0.77125895,0.97703856,1031.9211,578.1816,312.2917,327.90552,0.10369535,0.10565508,0.03362732
0,4853.0,1.8899465,19.456009,60.0,36.0,24.0,23.0,108.67025,12.538594,0.9169222,0.84757423,0.007671553,0.0,0.0,5.4686313,9.330717e-05,0.000101824626,0.0002215445
0,3206.0,4.851675,12.265276,60.0,47.0,19.0,24.0,294.28012,195.25378,0.87798935,0.9312316,17.064571,74.00368,17.781527,44.59431,0.0056892894,0.0042130514,0.014910484
0,4241.0,0.0,20.29968,80.0,36.0,24.0,23.0,120.682014,4.550342,0.997901,0.99636537,0.03714134,1.6084237,0.0,12.033062,0.00011412803,4.3259806e-05,0.0013931483
0,1758.0,22.1757,10.356522,10.0,33.0,30.0,13.0,1071.6423,657.8347,0.6899154,0.93891793,219.41653,424.95874,226.20619,238.76947,0.17351763,0.057065852,0.055424906
0,4745.0,1.6872312,12.81256,60.0,34.0,26.0,29.0,135.84018,22.71533,0.897685,0.80269074,7.2773104,0.0,0.0,8.682387,0.00023692088,0.00038182372,0.0007388818
0,2413.0,28.069534,9.989511,60.0,41.0,21.0,22.0,161.07333,25.025951,0.93062705,0.9848712,161.14027,0.0,0.0,8.957523,0.00022140943,0.00071296527,0.0004238864
0,5222.0,27.608961,10.359103,60.0,36.0,24.0,23.0,131.27708,6.7499022,0.3445574,0.16796836,210.22667,1.9141332,0.0,8.499509,0.00021673772,0.00020326259,0.007223912
0,5213.0,18.086329,10.566772,60.0,36.0,24.0,23.0,88.47388,2.8250525,0.9270678,0.79733986,160.30864,0.0,0.0,3.1371024,0.0001262613,0.00021151111,0.00033521632
0,4691.0,32.47299,9.499057,60.0,35.0,18.0,32.0,498.30725,139.92552,0.10721896,0.09519103,1315.3181,67.99944,40.067806,67.99944,0.027538741,0.05328105,0.021534774
0,4708.0,38.09478,9.840409,60.0,38.0,21.0,31.0,554.63556,227.5385,0.09398271,0.046373483,526.693,245.4263,66.36075,94.178375,0.016575225,0.03588134,0.034400072
0,2891.0,34.80045,9.990286,30.0,36.0,24.0,23.0,1080.0754,401.90982,0.111130625,0.16798702,395.76028,53.947506,76.63503,210.85297,0.097039506,0.088704236,0.033891335
0,3729.0,9.303675,11.151882,30.0,46.0,20.0,30.0,318.79752,113.6124,0.12279344,0.20541339,48.145836,44.123703,23.341845,58.37587,0.006238989,0.0147295175,0.016281178
0,4852.0,17.730267,11.041362,70.0,36.0,24.0,23.0,390.4444,236.18506,0.11361013,0.06421379,779.61163,8.318129,82.23812,28.064444,0.0032711015,0.003024977,0.01252162
0,5183.0,17.57908,10.386142,60.0,36.0,24.0,23.0,119.52604,7.5221496,0.5238308,0.722974,397.18073,0.0,0.0,4.7541714,0.00035137846,0.00038056236,0.00472773
0,5135.0,10.8125,11.378053,70.0,41.0,18.0,30.0,514.5703,268.5399,0.052664075,0.025862511,219.64757,156.064,67.31751,152.17131,0.0030686646,0.024541691,0.0065573226
0,4588.0,29.794447,9.579396,60.0,40.0,24.0,29.0,224.18721,20.986668,0.030383876,0.025358893,370.83313,2.7085965,0.17889285,28.785524,0.0017396191,0.0038456453,0.015412937
0,5539.0,24.170624,10.302745,70.0,43.0,18.0,31.0,226.84999,68.97255,0.7433099,0.14169793,374.21985,0.0,17.36971,11.355643,4.1850548e-05,0.000113013215,0.0015110098
0,5090.0,15.534659,11.186457,70.0,42.0,16.0,30.0,255.59879,96.73583,0.08414226,0.035772346,335.6095,0.0,28.595497,23.197876,0.022840949,0.01102108,0.005834017
0,4876.0,9.588347,11.217185,60.0,33.0,31.0,26.0,137.40562,13.260581,0.3562019,0.35914436,94.899254,0.0,0.0,7.3399086,0.00064343325,0.0007754869,0.0043862592
0,5345.0,31.15027,9.881346,60.0,36.0,24.0,23.0,367.83215,180.6881,0.260831,0.08541937,258.4861,6.6967964,25.183292,39.760876,0.0,0.0,0.0
0,5211.0,29.700123,9.704881,60.0,36.0,24.0,23.0,125.02087,4.07663,0.35735232,0.4200816,234.47577,0.07899287,0.0,5.7934175,0.0,0.0,0.0
0,4445.0,34.69195,9.68565,60.0,39.0,18.0,31.0,449.34146,46.077694,0.030907577,0.017821686,1130.9495,64.06129,6.9516425,42.68671,0.017540425,0.10216995,0.020807343
0,5302.0,24.947731,10.659656,60.0,39.0,22.0,31.0,338.02188,117.74345,0.19954652,0.015414421,516.7328,26.334126,23.746313,32.107937,0.0011012987,0.0063893693,0.012579594
0,2570.0,34.059353,9.747341,10.0,36.0,24.0,23.0,649.3713,233.02174,0.08723226,0.4155906,371.4764,102.1941,50.33361,127.932076,0.097503975,0.06082187,0.03494141
0,5422.0,37.566875,9.353792,60.0,38.0,21.0,31.0,315.08994,103.98316,0.17796019,0.018900087,1280.0719,61.005222,51.72436,61.005222,0.004120827,0.006689384,0.019254679
0,5193.0,25.814339,9.986509,60.0,40.0,24.0,33.0,210.36247,52.094986,0.10329204,0.0050514573,425.03098,6.3572006,3.9914908,17.933355,0.000521865,0.0005148318,0.015268197
0,2451.0,30.165846,9.748524,10.0,36.0,24.0,23.0,764.41864,345.64777,0.0705566,0.5918292,299.98172,91.83061,111.4108,115.88797,0.12199191,0.045641612,0.049088553
0,4849.0,1.3959051,19.610046,60.0,36.0,24.0,23.0,94.602615,2.9837081,0.9380512,0.89529145,0.013050602,0.0,0.0,3.3978143,0.00012704554,0.0001477771,0.00033562485
0,2317.0,33.713,10.182026,60.0,42.0,20.0,24.0,197.45485,35.649544,0.8824498,0.9780267,140.29332,0.0,0.29393184,9.803344,0.0013505509,0.0029438657,0.00087460375
0,3431.0,48.117996,9.831377,60.0,38.0,22.0,26.0,202.942,33.363533,0.44195163,0.6106426,669.2533,35.327938,0.0,29.705025,0.005801571,0.007029247,0.020343622
0,4866.0,22.345163,10.86238,60.0,36.0,24.0,23.0,130.51012,2.3667166,0.6529832,0.74210477,98.43933,0.47582227,0.0016988838,11.641272,0.0,0.0,0.0
0,895.0,27.205114,10.121621,30.0,36.0,24.0,23.0,1310.5251,725.5352,0.88975996,0.9882987,168.08679,94.88731,301.74615,94.88731,0.10606202,0.04263853,0.048668236
0,1530.0,23.601568,10.1470995,60.0,36.0,24.0,23.0,408.81186,125.01783,0.8266704,0.9609495,273.334,0.0,21.145145,29.585304,0.012175145,0.015907345,0.0049341554
0,4482.0,30.936766,9.905948,60.0,36.0,27.0,23.0,295.39368,110.4998,0.39745253,0.19347996,285.41705,0.0,15.400053,15.400053,0.011090483,0.03330348,0.005596151
0,4313.0,25.10989,10.412703,60.0,42.0,18.0,31.0,440.24673,172.0264,0.12886351,0.042235702,156.86844,58.16655,15.347751,71.203926,0.01642129,0.034719817,0.012663273
0,5686.0,44.154724,9.263891,60.0,40.0,22.0,29.0,220.12189,83.50759,0.18144616,0.11128399,1114.0287,37.42585,0.0,32.048756,0.0011009361,0.006377631,0.006029026
0,4857.0,1.6947546,20.253849,60.0,33.0,29.0,23.0,93.65452,6.356282,0.8573598,0.83027714,0.015254414,0.0,0.0,4.455773,0.00023827354,0.0002805783,0.00042835803
0,5538.0,28.891115,9.476172,60.0,38.0,23.0,32.0,313.18115,172.58582,0.4390765,0.06513964,597.6504,42.41407,30.07259,37.443176,0.0010215542,0.0013520069,0.019230127
0,5612.0,26.715395,10.189208,60.0,36.0,24.0,23.0,143.17789,52.558983,0.086753644,0.016132163,690.9673,5.9063044,0.0,9.062706,0.007047964,0.020141581,0.0012373698
0,3751.0,25.128092,10.02092,30.0,41.0,21.0,31.0,381.73712,115.28816,0.08037315,0.2158452,917.7175,40.46383,0.0,69.20649,0.017959995,0.014753541,0.014226822
0,3740.0,33.292072,10.423243,60.0,36.0,24.0,23.0,156.9341,36.76626,0.117290616,0.18136528,252.87505,1.0931528,22.763046,17.445127,0.0016110344,0.0036418394,0.010611493
0,445.0,4.9101744,11.369038,50.0,26.0,21.0,10.0,1176.3989,813.2443,0.9724387,0.99700814,87.98722,143.13077,253.14699,143.13077,0.10216294,0.020146314,0.031154156
0,3195.0,41.327465,9.549749,60.0,35.0,23.0,26.0,231.73831,32.041874,0.23616102,0.5704813,944.7871,20.494392,0.0,20.43973,0.03350119,0.042335413,0.024552144
0,2712.0,31.38898,10.66671,60.0,39.0,21.0,25.0,240.77437,53.53214,0.7756773,0.95140576,146.91293,0.0,0.31463233,23.112062,0.011242984,0.021596013,0.0026295863
0,612.0,10.407128,11.05374,10.0,35.0,23.0,14.0,1165.556,833.91644,0.98613447,0.99393326,101.94368,503.63388,196.74948,482.89056,0.122954965,0.018378932,0.051872764
0,5234.0,28.895134,10.37673,60.0,28.0,29.0,26.0,144.97415,27.212927,0.022114819,0.010047041,138.20474,0.0,0.0,6.880856,0.0010663165,0.0029525151,0.0017234364
0,3836.0,36.611774,10.014945,30.0,38.0,22.0,26.0,190.45908,13.047317,0.30166003,0.5620001,1278.6963,0.0,0.06641592,16.978764,0.009623943,0.019064562,0.023869341
0,0.0,0.0,22.594368,0.0,36.0,22.0,22.0,360.29306,151.24031,0.5238915,0.5933692,0.036158428,0.0,0.0,0.0,0.0,0.0,0.0
0,1642.0,26.645792,10.027407,10.0,36.0,24.0,23.0,1340.5074,805.9511,0.8672656,0.9745679,293.54477,127.213264,379.21863,127.213264,0.17132695,0.041819297,0.06746545
0,2536.0,41.693436,9.487957,10.0,36.0,19.0,18.0,563.7983,330.2093,0.29755658,0.62140507,725.84265,344.14807,111.16537,196.65604,0.051238686,0.026961813,0.03879327
0,4235.0,10.563316,12.161913,80.0,36.0,24.0,23.0,186.34856,97.43548,0.7667602,0.95079994,31.843887,0.0,9.564038,14.989974,0.0,0.0,0.0
0,4368.0,38.229153,10.013792,60.0,36.0,24.0,23.0,221.89864,40.157494,0.42425242,0.23342542,995.3606,0.0,13.559939,7.6317024,0.0098314835,0.11354143,0.020075392
0,4948.0,31.9504,10.053672,60.0,38.0,24.0,26.0,448.45953,226.82816,0.308203,0.049105093,1007.67505,0.9774433,31.616625,16.816902,0.0126944445,0.036872286,0.0024140028
0,0.0,0.0,20.732914,0.0,37.0,21.0,28.0,360.29306,151.24031,0.5238915,0.5933692,0.0683612,0.0,0.0,0.0,0.066417694,0.40573895,0.035375502
0,2331.0,6.844044,11.751405,30.0,35.0,24.0,19.0,206.86987,24.678883,0.7377474,0.9262442,96.11213,2.481565,0.0,14.876436,0.03992061,0.03569878,0.021815477
0,2719.0,36.18751,9.3879385,30.0,36.0,24.0,23.0,821.0504,365.85098,0.13122584,0.52074265,1336.3713,138.71779,63.89011,253.28387,0.10274253,0.06291689,0.045006774
0,4626.0,16.3149,10.932202,70.0,36.0,24.0,23.0,366.04504,190.5009,0.046817202,0.013686417,251.39258,0.0,30.973942,22.975513,0.0042888857,0.0087156445,0.015322723
0,5629.0,33.27832,9.709487,70.0,43.0,18.0,27.0,271.06613,66.942444,0.63216305,0.19191492,353.48056,27.110584,15.94275,11.976954,0.0,0.0,0.0
0,3384.0,28.690987,9.506003,30.0,36.0,24.0,23.0,370.9848,55.964546,0.8491555,0.8770326,670.6049,0.0,0.0,28.468046,0.0001758664,0.0005123309,0.0002932449
0,2160.0,31.851683,9.552321,30.0,36.0,24.0,23.0,585.1357,201.29134,0.78168964,0.9391331,667.659,5.602367,22.285221,17.412977,0.003173863,0.0034881907,0.0015310352
0,4431.0,40.39658,9.599028,60.0,36.0,25.0,23.0,384.58813,165.00685,0.7003967,0.58358717,611.6852,0.0,10.958186,13.6932335,0.012549558,0.04253088,0.0038628257
0,5003.0,28.192875,10.052664,60.0,40.0,22.0,30.0,497.6278,276.289,0.36592266,0.016226068,321.86285,90.89189,74.74387,90.89189,0.0018501227,0.0035515386,0.009766828
0,4360.0,35.32253,9.470319,60.0,38.0,17.0,34.0,475.83533,177.45367,0.039484575,0.026673622,918.92773,159.43565,28.359955,119.576744,0.035098653,0.0929316,0.027058512
0,4681.0,34.144604,10.02701,60.0,32.0,27.0,27.0,243.13695,81.605965,0.2549879,0.23074834,147.60985,0.0,0.0,15.237165,0.0010652136,0.0027395375,0.00072067557
0,4462.0,3.3224788,12.198262,60.0,36.0,24.0,23.0,151.90575,62.638412,0.7196769,0.94590724,49.183258,0.0,8.485773,15.489095,0.0,0.0,0.0
0,5043.0,2.9486947,12.224491,60.0,36.0,24.0,23.0,88.44118,16.35443,0.7063215,0.8191695,63.527687,13.378011,0.0,6.6890054,0.0002093375,0.00040865855,0.00047675963
0,3905.0,32.116474,10.207429,30.0,36.0,16.0,29.0,637.8779,324.65662,0.0565092,0.050530773,436.3823,543.1314,79.79122,316.66885,0.10057908,0.0804341,0.02821903
0,1922.0,36.263454,9.919573,30.0,36.0,24.0,23.0,465.39868,97.8684,0.8111528,0.9795543,942.70337,0.0,19.481781,29.529654,0.0064664595,0.004346866,0.003464994
0,4936.0,25.228958,9.986002,60.0,36.0,24.0,23.0,196.57797,46.17696,0.31017044,0.35622436,212.29951,20.601015,0.0,20.601015,0.00061381387,0.0005984575,0.007865997
0,5505.0,10.404772,10.975948,60.0,36.0,24.0,23.0,116.34521,13.136138,0.5674247,0.36882246,67.24767,0.0,0.0,7.8150735,0.0,0.0,0.0
0,4815.0,18.85746,10.35927,30.0,36.0,24.0,23.0,170.59879,76.587685,0.6055026,0.8336219,252.68974,3.3202538,8.028186,11.009542,0.0,0.0,0.0
0,3471.0,34.304047,10.074715,30.0,36.0,24.0,23.0,208.51907,58.37453,0.1431694,0.28085345,315.07974,0.0,13.98737,7.0162816,0.006385083,0.014249663,0.015779754
0,3702.0,13.679356,11.340815,100.0,37.0,18.0,27.0,422.59286,112.180046,0.034659505,0.020746086,62.131332,73.95775,7.358522,46.144836,0.016759068,0.06250043,0.022620354
0,4433.0,37.609596,10.070485,60.0,38.0,18.0,25.0,253.96107,51.64531,0.53220695,0.20254831,435.1337,30.261042,0.0,23.885902,1.4949887e-06,6.818742e-06,1.6885617e-05
0,4647.0,24.051958,10.112185,60.0,36.0,24.0,23.0,262.37973,100.142166,0.52299154,0.52331895,987.09515,3.9837077,8.126449,11.511523,0.0081341155,0.02338268,0.0014671289
0,3742.0,36.849915,9.332609,30.0,35.0,22.0,28.0,240.90575,31.654518,0.13548681,0.32713598,1599.0906,29.908611,0.0024892143,19.971508,0.029955223,0.0405946,0.023887886
0,2570.0,31.763174,9.395802,60.0,41.0,19.0,25.0,140.1654,21.073668,0.66564953,0.98211837,511.67435,0.0,0.0,8.548285,9.8673954e-05,0.00028575675,0.0003009905
0,5584.0,24.07682,10.213391,60.0,23.0,37.0,24.0,103.45788,7.532219,0.54845107,0.40828556,208.97942,0.0,0.0,4.8222055,0.00024202047,0.00047926896,0.00038044574
0,4397.0,18.99001,10.364317,100.0,36.0,24.0,23.0,815.99176,536.1865,0.15664051,0.040594876,309.55902,79.62675,206.00044,79.62675,0.020618197,0.06912843,0.0137102725
0,5649.0,32.41727,10.005666,60.0,37.0,27.0,30.0,146.68607,9.687902,0.08077587,0.080032855,932.87476,0.0,0.0,5.3401265,0.00048930274,0.0005508743,0.013237427
0,4354.0,17.067286,12.520941,60.0,36.0,24.0,23.0,106.970024,3.8032024,0.9001257,0.95160186,76.86757,0.83001673,0.0,6.815262,0.0,0.0,0.0
0,2172.0,14.637114,10.812868,30.0,36.0,24.0,23.0,279.20334,86.29359,0.8566733,0.9641271,370.48752,0.0,10.328565,14.060562,0.019554393,0.039615374,0.023808375
0,4271.0,10.88753,16.93046,60.0,36.0,24.0,23.0,132.56126,11.279696,0.6208969,0.7593306,18.527674,0.08105292,0.0,7.0974603,0.0017446922,0.0011717239,0.010216239
0,1934.0,25.319271,10.336433,60.0,39.0,20.0,23.0,105.840744,19.856771,0.81052405,0.98153657,69.018074,0.0,0.0,8.055952,5.0128718e-05,0.00014847265,0.00015498871
0,5485.0,27.365488,9.939888,70.0,40.0,21.0,32.0,180.05,25.088545,0.20148045,0.07514378,900.66724,21.38021,4.9584517,10.619424,0.0045792856,0.080725975,0.017584674
0,5008.0,36.147713,9.416024,60.0,37.0,26.0,27.0,322.85376,130.45201,0.07409082,0.006486817,1052.378,0.0,16.72072,16.72072,0.015641106,0.03966824,0.004240401
0,1570.0,7.239825,12.457204,40.0,36.0,24.0,23.0,138.03183,31.127247,0.95232403,0.96926874,26.825686,0.0,11.794374,7.5758886,0.028169082,0.061495405,0.022189826
0,5790.0,43.25216,9.301495,70.0,44.0,17.0,28.0,335.00974,114.37184,0.32459223,0.12498934,766.6052,12.32967,4.049313,11.610366,0.0,0.0,0.0
0,5006.0,20.111534,10.6150675,60.0,48.0,18.0,24.0,199.10754,60.456543,0.33075938,0.35848263,519.6839,16.2163,0.0,21.376259,0.00096516294,0.0004066269,0.006762863
0,5594.0,25.512392,10.237825,60.0,32.0,27.0,29.0,198.11732,24.693659,0.17874356,0.022609124,203.80669,0.0,0.0,8.518786,0.0004906851,0.0016407617,0.013233708
0,5374.0,25.733742,9.974046,60.0,36.0,24.0,23.0,139.26547,12.430806,0.20574145,0.085787065,768.34204,9.595,0.0,9.595,0.00069244526,0.0003320337,0.007672703
0,2487.0,32.574722,9.850603,60.0,36.0,23.0,27.0,142.8776,17.66167,0.5574059,0.95548385,245.77246,0.0,0.012313178,4.7254777,8.4638e-05,0.0002073774,8.926054e-05
0,4892.0,1.6987294,19.656557,60.0,36.0,24.0,23.0,77.9536,4.647453,0.89589924,0.9114741,0.017926432,0.0,0.0,3.689749,0.000115787974,0.00012795691,0.00017296078
0,2370.0,32.419235,9.338582,10.0,34.0,22.0,16.0,1012.7009,477.0173,0.4646559,0.9139901,1212.2313,358.16217,142.73616,233.11775,0.07771963,0.01844326,0.029694475
0,5355.0,6.25291,11.462239,30.0,36.0,24.0,23.0,121.95767,35.318005,0.50525427,0.5050588,116.29472,2.3810828,0.0,10.704135,0.0,0.0,0.0
0,5220.0,24.651964,10.263541,60.0,40.0,20.0,30.0,319.07092,152.09288,0.06975444,0.037624955,795.4529,8.948736,35.8812,65.31018,0.0022269834,0.005569299,0.018906275
0,4239.0,0.0,19.97991,80.0,36.0,24.0,23.0,115.25087,14.79282,0.28519085,0.32456762,0.008763539,0.22369231,0.0,6.9640555,0.0,0.0,0.0
0,3696.0,28.958176,10.659683,30.0,38.0,19.0,31.0,293.77972,61.034786,0.06862417,0.30657825,423.79785,1.450851,1.8616719,36.433784,0.01728948,0.025358297,0.024353296
0,3546.0,36.985184,9.287262,30.0,40.0,22.0,23.0,203.06203,37.641335,0.55737895,0.70292836,662.4587,0.0,0.22614174,10.186774,0.0037373907,0.0085309055,0.0009425905
0,5339.0,25.26297,10.026508,60.0,27.0,31.0,26.0,128.19757,22.646944,0.65058416,0.4122525,394.81693,0.0,0.0,9.965896,0.00023535982,0.00046944557,0.00070018956
0,4713.0,21.239405,10.287667,70.0,36.0,24.0,23.0,385.97256,229.73888,0.2276204,0.17709343,1342.1497,6.1940255,92.826294,19.834375,0.0017247733,0.0053798235,0.0047768666
0,4692.0,10.315691,11.582391,60.0,36.0,24.0,23.0,122.09011,26.095228,0.38594946,0.49293035,39.948837,0.0,0.0,12.294765,0.0,0.0,0.0
0,5154.0,22.698086,10.415827,60.0,36.0,24.0,23.0,125.33754,0.41618362,0.35265324,0.4346048,217.08041,0.0,0.0,8.496611,0.0,0.0,0.0
0,5048.0,4.758823,19.89096,60.0,36.0,24.0,23.0,118.216156,27.766043,0.5028188,0.45368984,0.041265465,3.1084666,0.0,6.715672,0.0,0.0,0.0
0,4668.0,29.203175,9.562163,60.0,36.0,24.0,23.0,191.7728,107.47843,0.7731144,0.9294847,425.67685,0.0,9.793035,29.270456,0.0,0.0,0.0
0,5242.0,2.262693,19.112076,60.0,36.0,24.0,23.0,105.04656,6.0644145,0.77416563,0.75378025,0.025741447,0.0,0.0,6.5263624,0.00012832788,0.0002707019,0.00022870506
0,5075.0,34.972473,9.622915,70.0,40.0,21.0,26.0,179.40462,47.360714,0.07756382,0.05414715,1455.0581,0.0,1.7233255,6.795215,0.0040592086,0.012123587,0.016844707
0,3552.0,29.543537,9.621111,100.0,34.0,20.0,22.0,640.17993,331.79257,0.07852337,0.08802741,852.1914,431.34637,59.04499,252.51566,0.10544386,0.101471856,0.027328104
0,5196.0,26.776924,9.922206,60.0,38.0,23.0,30.0,390.11295,162.12598,0.016324153,0.0101927705,482.83597,53.22869,9.0424385,60.887333,0.0021783186,0.0061381664,0.007879215
0,3270.0,33.651142,9.796443,60.0,36.0,24.0,23.0,128.46422,8.70326,0.20863362,0.39672273,179.09334,0.0,9.571452e-09,6.118308,0.008147253,0.014918487,0.020863002
0,5255.0,24.471096,10.672514,60.0,38.0,25.0,33.0,230.5265,109.45822,0.16615771,0.081570856,765.61945,62.308346,22.55818,53.859234,0.0008340449,0.00072409725,0.012111184
0,4789.0,33.967712,9.507907,60.0,41.0,20.0,30.0,211.85919,13.796898,0.29307202,0.36244324,715.2855,0.0,0.21001375,30.673391,0.0029010226,0.0019573877,0.014306061
0,5241.0,20.329418,10.034922,60.0,27.0,29.0,24.0,132.77579,12.968367,0.7875373,0.44822454,314.62418,0.0,0.0,6.6427956,0.00021341565,0.0002887908,0.002723929
0,5754.0,35.148327,9.6416235,70.0,42.0,16.0,31.0,250.6986,87.729515,0.5899151,0.07983926,959.16565,0.0,20.51053,21.003277,2.3910334e-05,6.651952e-05,0.001228672
0,5284.0,43.927395,9.496612,70.0,43.0,17.0,26.0,324.79858,109.39813,0.43111417,0.13259752,563.1329,15.237239,3.961916,17.116941,0.0,0.0,0.0
0,4868.0,17.296223,10.755649,60.0,36.0,24.0,23.0,125.57522,29.57275,0.52142197,0.68525505,133.45406,0.0,0.0,13.455802,0.0,0.0,0.0
0,4970.0,15.278357,11.025902,60.0,36.0,24.0,23.0,147.91397,66.63423,0.6510333,0.85252833,155.1981,4.781284,10.025263,12.598756,0.0,0.0,0.0
0,2729.0,11.988776,11.872833,50.0,37.0,25.0,25.0,261.94464,19.441643,0.54971844,0.8190095,40.069756,29.396019,0.0,31.047997,0.018124577,0.0096641695,0.014225058
0,4593.0,30.371426,9.697656,100.0,37.0,19.0,30.0,572.58014,274.6295,0.04640155,0.036378562,566.07526,174.54152,66.04636,174.54152,0.011942134,0.034835238,0.018821264
